{"file_name":"3","texture_size":[32,32],"textures":{"4dd09970-60ba-e0c2-cc7e-b621830b0c02":"modelengine:entity/texture"},"elements":[{"name":"3","from":[7.775,7.90625,7.8580337],"to":[8.225,8.28125,8.758034],"rotation":{"angle":0.0,"axis":"x","origin":[8.0,7.75625,10.129459]},"faces":{"down":{"uv":[7.0,8.0,7.375,8.75],"rotation":0,"texture":"#4dd09970-60ba-e0c2-cc7e-b621830b0c02","tintindex":0},"east":{"uv":[5.0,8.75,5.375,8.0],"rotation":0,"texture":"#4dd09970-60ba-e0c2-cc7e-b621830b0c02","tintindex":0},"north":{"uv":[9.5,7.0,9.875,7.375],"rotation":0,"texture":"#4dd09970-60ba-e0c2-cc7e-b621830b0c02","tintindex":0},"south":{"uv":[9.5,8.0,9.875,8.375],"rotation":0,"texture":"#4dd09970-60ba-e0c2-cc7e-b621830b0c02","tintindex":0},"up":{"uv":[5.375,8.75,5.0,8.0],"rotation":0,"texture":"#4dd09970-60ba-e0c2-cc7e-b621830b0c02","tintindex":0},"west":{"uv":[5.375,8.75,5.0,8.0],"rotation":0,"texture":"#4dd09970-60ba-e0c2-cc7e-b621830b0c02","tintindex":0}}}],"display":{"head":{"translation":[0.0,-6.4,0.0],"rotation":[0.0,0.0,0.0],"scale":[3.8095,3.8095,3.8095]},"gui":{"translation":[0.0,0.0,0.0],"rotation":[35.0,225.0,0.0],"scale":[0.625,0.625,0.625]}}}