{"file_name":"4","texture_size":[32,32],"textures":{"4dd09970-60ba-e0c2-cc7e-b621830b0c02":"modelengine:entity/texture"},"elements":[{"name":"4","from":[7.7,7.90625,7.9517837],"to":[8.3,8.43125,9.901784],"rotation":{"angle":0.0,"axis":"x","origin":[8.0,7.83125,9.62321]},"faces":{"down":{"uv":[3.0,3.0,3.5,4.625],"rotation":0,"texture":"#4dd09970-60ba-e0c2-cc7e-b621830b0c02","tintindex":0},"east":{"uv":[2.0,2.0,3.625,2.5],"rotation":0,"texture":"#4dd09970-60ba-e0c2-cc7e-b621830b0c02","tintindex":0},"north":{"uv":[6.0,8.5,6.5,9.0],"rotation":0,"texture":"#4dd09970-60ba-e0c2-cc7e-b621830b0c02","tintindex":0},"south":{"uv":[8.5,6.5,9.0,7.0],"rotation":0,"texture":"#4dd09970-60ba-e0c2-cc7e-b621830b0c02","tintindex":0},"up":{"uv":[2.0,4.625,2.5,3.0],"rotation":0,"texture":"#4dd09970-60ba-e0c2-cc7e-b621830b0c02","tintindex":0},"west":{"uv":[2.5,0.0,4.125,0.5],"rotation":0,"texture":"#4dd09970-60ba-e0c2-cc7e-b621830b0c02","tintindex":0}}}],"display":{"head":{"translation":[0.0,-6.4,0.0],"rotation":[0.0,0.0,0.0],"scale":[3.8095,3.8095,3.8095]},"gui":{"translation":[0.0,0.0,0.0],"rotation":[35.0,225.0,0.0],"scale":[0.625,0.625,0.625]}}}