{"file_name":"5","texture_size":[32,32],"textures":{"4dd09970-60ba-e0c2-cc7e-b621830b0c02":"modelengine:entity/snake"},"elements":[{"name":"5","from":[7.775,7.83125,7.876784],"to":[8.225,8.20625,8.626783],"rotation":{"angle":0.0,"axis":"x","origin":[8.0,7.68125,7.82321]},"faces":{"down":{"uv":[2.5,9.5,2.875,10.125],"rotation":0,"texture":"#4dd09970-60ba-e0c2-cc7e-b621830b0c02","tintindex":0},"east":{"uv":[5.375,8.75,5.0,8.0],"rotation":0,"texture":"#4dd09970-60ba-e0c2-cc7e-b621830b0c02","tintindex":0},"north":{"uv":[10.0,0.0,10.375,0.375],"rotation":0,"texture":"#4dd09970-60ba-e0c2-cc7e-b621830b0c02","tintindex":0},"south":{"uv":[1.5,10.0,1.875,10.375],"rotation":0,"texture":"#4dd09970-60ba-e0c2-cc7e-b621830b0c02","tintindex":0},"up":{"uv":[9.5,2.625,9.875,2.0],"rotation":0,"texture":"#4dd09970-60ba-e0c2-cc7e-b621830b0c02","tintindex":0},"west":{"uv":[5.375,8.75,5.0,8.0],"rotation":0,"texture":"#4dd09970-60ba-e0c2-cc7e-b621830b0c02","tintindex":0}}}],"display":{"head":{"translation":[0.0,-6.4,0.0],"rotation":[0.0,0.0,0.0],"scale":[3.8095,3.8095,3.8095]},"gui":{"translation":[0.0,0.0,0.0],"rotation":[35.0,225.0,0.0],"scale":[0.625,0.625,0.625]}}}