{"file_name":"7","texture_size":[32,32],"textures":{"4dd09970-60ba-e0c2-cc7e-b621830b0c02":"modelengine:entity/snake"},"elements":[{"name":"7","from":[7.775,7.83125,7.7080336],"to":[8.225,8.20625,8.533033],"rotation":{"angle":0.0,"axis":"x","origin":[8.0,7.68125,5.47946]},"faces":{"down":{"uv":[1.5,8.5,1.875,9.25],"rotation":0,"texture":"#4dd09970-60ba-e0c2-cc7e-b621830b0c02","tintindex":0},"east":{"uv":[5.375,8.75,5.0,8.0],"rotation":0,"texture":"#4dd09970-60ba-e0c2-cc7e-b621830b0c02","tintindex":0},"north":{"uv":[3.5,10.0,3.875,10.375],"rotation":0,"texture":"#4dd09970-60ba-e0c2-cc7e-b621830b0c02","tintindex":0},"south":{"uv":[8.0,10.0,8.375,10.375],"rotation":0,"texture":"#4dd09970-60ba-e0c2-cc7e-b621830b0c02","tintindex":0},"up":{"uv":[8.875,1.75,8.5,1.0],"rotation":0,"texture":"#4dd09970-60ba-e0c2-cc7e-b621830b0c02","tintindex":0},"west":{"uv":[5.375,8.75,5.0,8.0],"rotation":0,"texture":"#4dd09970-60ba-e0c2-cc7e-b621830b0c02","tintindex":0}}}],"display":{"head":{"translation":[0.0,-6.4,0.0],"rotation":[0.0,0.0,0.0],"scale":[3.8095,3.8095,3.8095]},"gui":{"translation":[0.0,0.0,0.0],"rotation":[35.0,225.0,0.0],"scale":[0.625,0.625,0.625]}}}