{"file_name":"9","texture_size":[32,32],"textures":{"4dd09970-60ba-e0c2-cc7e-b621830b0c02":"modelengine:entity/snake"},"elements":[{"name":"9","from":[7.775,7.83125,7.80179],"to":[8.225,8.20625,8.851789],"rotation":{"angle":0.0,"axis":"x","origin":[8.0,7.68125,3.173216]},"faces":{"down":{"uv":[7.5,6.375,7.875,5.5],"rotation":0,"texture":"#4dd09970-60ba-e0c2-cc7e-b621830b0c02","tintindex":0},"east":{"uv":[7.875,7.0,7.0,7.375],"rotation":0,"texture":"#4dd09970-60ba-e0c2-cc7e-b621830b0c02","tintindex":0},"north":{"uv":[5.375,8.75,5.0,8.0],"rotation":0,"texture":"#4dd09970-60ba-e0c2-cc7e-b621830b0c02","tintindex":0},"south":{"uv":[10.0,9.0,10.375,9.375],"rotation":0,"texture":"#4dd09970-60ba-e0c2-cc7e-b621830b0c02","tintindex":0},"up":{"uv":[7.875,4.875,7.5,4.0],"rotation":0,"texture":"#4dd09970-60ba-e0c2-cc7e-b621830b0c02","tintindex":0},"west":{"uv":[7.5,0.0,8.375,0.375],"rotation":0,"texture":"#4dd09970-60ba-e0c2-cc7e-b621830b0c02","tintindex":0}}}],"display":{"head":{"translation":[0.0,-6.4,0.0],"rotation":[0.0,0.0,0.0],"scale":[3.8095,3.8095,3.8095]},"gui":{"translation":[0.0,0.0,0.0],"rotation":[35.0,225.0,0.0],"scale":[0.625,0.625,0.625]}}}