{"file_name":"head","texture_size":[32,32],"textures":{"4dd09970-60ba-e0c2-cc7e-b621830b0c02":"modelengine:entity/texture"},"elements":[{"name":"head","from":[7.625,7.712498,6.937502],"to":[8.375,8.462498,7.987502],"rotation":{"angle":0.0,"axis":"x","origin":[8.0,7.637498,12.508928]},"faces":{"down":{"uv":[3.5,6.5,4.125,7.375],"rotation":0,"texture":"#4dd09970-60ba-e0c2-cc7e-b621830b0c02","tintindex":0},"east":{"uv":[2.0,5.5,2.875,6.125],"rotation":0,"texture":"#4dd09970-60ba-e0c2-cc7e-b621830b0c02","tintindex":0},"north":{"uv":[0.0,7.0,0.625,7.625],"rotation":0,"texture":"#4dd09970-60ba-e0c2-cc7e-b621830b0c02","tintindex":0},"south":{"uv":[7.0,1.0,7.625,1.625],"rotation":0,"texture":"#4dd09970-60ba-e0c2-cc7e-b621830b0c02","tintindex":0},"up":{"uv":[6.625,6.375,6.0,5.5],"rotation":0,"texture":"#4dd09970-60ba-e0c2-cc7e-b621830b0c02","tintindex":0},"west":{"uv":[6.0,4.0,6.875,4.625],"rotation":0,"texture":"#4dd09970-60ba-e0c2-cc7e-b621830b0c02","tintindex":0}}},{"name":"head","from":[8.183985,8.228123,7.556252],"to":[8.448828,8.492967,7.933596],"rotation":{"angle":0.0,"axis":"x","origin":[7.926172,7.637498,12.508928]},"faces":{"down":{"uv":[3.5,6.5,3.7207031,6.814453],"rotation":0,"texture":"#4dd09970-60ba-e0c2-cc7e-b621830b0c02","tintindex":0},"east":{"uv":[9.75,7.0,9.125,7.375],"rotation":0,"texture":"#4dd09970-60ba-e0c2-cc7e-b621830b0c02","tintindex":0},"north":{"uv":[9.0,9.0,9.5,9.375],"rotation":0,"texture":"#4dd09970-60ba-e0c2-cc7e-b621830b0c02","tintindex":0},"south":{"uv":[10.0,9.0,10.314453,9.220703],"rotation":0,"texture":"#4dd09970-60ba-e0c2-cc7e-b621830b0c02","tintindex":0},"up":{"uv":[9.5,8.0,9.0,8.625],"rotation":0,"texture":"#4dd09970-60ba-e0c2-cc7e-b621830b0c02","tintindex":0},"west":{"uv":[6.0,4.0,6.875,4.625],"rotation":0,"texture":"#4dd09970-60ba-e0c2-cc7e-b621830b0c02","tintindex":0}}},{"name":"head","from":[7.551172,8.228123,7.556252],"to":[7.8160157,8.492967,7.933596],"rotation":{"angle":0.0,"axis":"x","origin":[8.073828,7.637498,12.508928]},"faces":{"down":{"uv":[3.7207031,6.5,3.5,6.814453],"rotation":0,"texture":"#4dd09970-60ba-e0c2-cc7e-b621830b0c02","tintindex":0},"east":{"uv":[6.875,4.0,6.0,4.625],"rotation":0,"texture":"#4dd09970-60ba-e0c2-cc7e-b621830b0c02","tintindex":0},"north":{"uv":[9.5,9.0,9.0,9.375],"rotation":0,"texture":"#4dd09970-60ba-e0c2-cc7e-b621830b0c02","tintindex":0},"south":{"uv":[10.314453,9.0,10.0,9.220703],"rotation":0,"texture":"#4dd09970-60ba-e0c2-cc7e-b621830b0c02","tintindex":0},"up":{"uv":[9.0,8.0,9.5,8.625],"rotation":0,"texture":"#4dd09970-60ba-e0c2-cc7e-b621830b0c02","tintindex":0},"west":{"uv":[9.125,7.0,9.75,7.375],"rotation":0,"texture":"#4dd09970-60ba-e0c2-cc7e-b621830b0c02","tintindex":0}}},{"name":"head","from":[7.7,7.787498,6.787502],"to":[8.3,8.387498,6.937502],"rotation":{"angle":0.0,"axis":"x","origin":[8.0,7.637498,12.508928]},"faces":{"down":{"uv":[11.0,1.0,11.5,1.125],"rotation":0,"texture":"#4dd09970-60ba-e0c2-cc7e-b621830b0c02","tintindex":0},"east":{"uv":[7.0,10.5,7.125,11.0],"rotation":0,"texture":"#4dd09970-60ba-e0c2-cc7e-b621830b0c02","tintindex":0},"north":{"uv":[2.0,4.75,2.875,5.5],"rotation":0,"texture":"#4dd09970-60ba-e0c2-cc7e-b621830b0c02","tintindex":0},"south":{"uv":[8.5,5.5,9.0,6.0],"rotation":0,"texture":"#4dd09970-60ba-e0c2-cc7e-b621830b0c02","tintindex":0},"up":{"uv":[2.0,4.875,2.875,5.125],"rotation":0,"texture":"#4dd09970-60ba-e0c2-cc7e-b621830b0c02","tintindex":0},"west":{"uv":[10.5,7.5,10.625,8.0],"rotation":0,"texture":"#4dd09970-60ba-e0c2-cc7e-b621830b0c02","tintindex":0}}},{"name":"head","from":[8.141797,7.6492167,6.8390646],"to":[8.247266,7.8578105,6.8390646],"rotation":{"angle":0.0,"axis":"x","origin":[8.02461,7.637498,12.508928]},"faces":{"down":{"uv":[11.0,1.0,11.5,1.125],"rotation":0,"texture":"#4dd09970-60ba-e0c2-cc7e-b621830b0c02","tintindex":0},"east":{"uv":[7.0,10.5,7.125,11.0],"rotation":0,"texture":"#4dd09970-60ba-e0c2-cc7e-b621830b0c02","tintindex":0},"north":{"uv":[1.0,13.0,1.5,13.5],"rotation":0,"texture":"#4dd09970-60ba-e0c2-cc7e-b621830b0c02","tintindex":0},"south":{"uv":[8.5,5.5,9.0,6.0],"rotation":0,"texture":"#4dd09970-60ba-e0c2-cc7e-b621830b0c02","tintindex":0},"up":{"uv":[12.0,0.0,11.0,0.5],"rotation":0,"texture":"#4dd09970-60ba-e0c2-cc7e-b621830b0c02","tintindex":0},"west":{"uv":[10.5,7.5,10.625,8.0],"rotation":0,"texture":"#4dd09970-60ba-e0c2-cc7e-b621830b0c02","tintindex":0}}},{"name":"head","from":[7.752734,7.6492167,6.8390646],"to":[7.858203,7.8578105,6.8390646],"rotation":{"angle":0.0,"axis":"x","origin":[8.02461,7.637498,12.508928]},"faces":{"down":{"uv":[11.5,1.0,11.0,1.125],"rotation":0,"texture":"#4dd09970-60ba-e0c2-cc7e-b621830b0c02","tintindex":0},"east":{"uv":[10.625,7.5,10.5,8.0],"rotation":0,"texture":"#4dd09970-60ba-e0c2-cc7e-b621830b0c02","tintindex":0},"north":{"uv":[1.5,13.0,1.0,13.5],"rotation":0,"texture":"#4dd09970-60ba-e0c2-cc7e-b621830b0c02","tintindex":0},"south":{"uv":[9.0,5.5,8.5,6.0],"rotation":0,"texture":"#4dd09970-60ba-e0c2-cc7e-b621830b0c02","tintindex":0},"up":{"uv":[11.0,0.0,12.0,0.5],"rotation":0,"texture":"#4dd09970-60ba-e0c2-cc7e-b621830b0c02","tintindex":0},"west":{"uv":[7.125,10.5,7.0,11.0],"rotation":0,"texture":"#4dd09970-60ba-e0c2-cc7e-b621830b0c02","tintindex":0}}},{"name":"head","from":[7.7,8.462498,7.0125017],"to":[8.3,8.537498,7.837502],"rotation":{"angle":0.0,"axis":"x","origin":[8.0,7.637498,12.508928]},"faces":{"down":{"uv":[1.5,7.0,2.0,7.75],"rotation":0,"texture":"#4dd09970-60ba-e0c2-cc7e-b621830b0c02","tintindex":0},"east":{"uv":[10.0,10.0,10.75,10.125],"rotation":0,"texture":"#4dd09970-60ba-e0c2-cc7e-b621830b0c02","tintindex":0},"north":{"uv":[1.5,11.0,2.0,11.125],"rotation":0,"texture":"#4dd09970-60ba-e0c2-cc7e-b621830b0c02","tintindex":0},"south":{"uv":[2.5,11.0,3.0,11.125],"rotation":0,"texture":"#4dd09970-60ba-e0c2-cc7e-b621830b0c02","tintindex":0},"up":{"uv":[5.5,7.25,5.0,6.5],"rotation":0,"texture":"#4dd09970-60ba-e0c2-cc7e-b621830b0c02","tintindex":0},"west":{"uv":[0.0,10.5,0.75,10.625],"rotation":0,"texture":"#4dd09970-60ba-e0c2-cc7e-b621830b0c02","tintindex":0}}}],"display":{"head":{"translation":[0.0,-6.4,0.0],"rotation":[0.0,0.0,0.0],"scale":[3.8095,3.8095,3.8095]},"gui":{"translation":[0.0,0.0,0.0],"rotation":[35.0,225.0,0.0],"scale":[0.625,0.625,0.625]}}}