{"file_name":"tounge","texture_size":[32,32],"textures":{"4dd09970-60ba-e0c2-cc7e-b621830b0c02":"modelengine:entity/texture"},"elements":[{"name":"tounge","from":[7.925,7.925,7.5875],"to":[8.075,8.0,8.276563],"rotation":{"angle":0.0,"axis":"x","origin":[8.0,7.7,13.683926]},"faces":{"down":{"uv":[8.0,11.0,8.125,11.5],"rotation":0,"texture":"#4dd09970-60ba-e0c2-cc7e-b621830b0c02","tintindex":0},"east":{"uv":[11.0,3.0,11.5,3.125],"rotation":0,"texture":"#4dd09970-60ba-e0c2-cc7e-b621830b0c02","tintindex":0},"north":{"uv":[10.0,11.0,10.125,11.125],"rotation":0,"texture":"#4dd09970-60ba-e0c2-cc7e-b621830b0c02","tintindex":0},"south":{"uv":[11.0,11.0,11.125,11.125],"rotation":0,"texture":"#4dd09970-60ba-e0c2-cc7e-b621830b0c02","tintindex":0},"up":{"uv":[6.125,11.5,6.0,11.0],"rotation":0,"texture":"#4dd09970-60ba-e0c2-cc7e-b621830b0c02","tintindex":0},"west":{"uv":[3.5,11.0,4.0,11.125],"rotation":0,"texture":"#4dd09970-60ba-e0c2-cc7e-b621830b0c02","tintindex":0}}},{"name":"tounge","from":[8.075,7.925,7.5125],"to":[8.15,8.0,7.5875],"rotation":{"angle":0.0,"axis":"x","origin":[8.0,7.7,13.683926]},"faces":{"down":{"uv":[7.0,11.5,7.125,11.625],"rotation":0,"texture":"#4dd09970-60ba-e0c2-cc7e-b621830b0c02","tintindex":0},"east":{"uv":[11.5,4.0,11.625,4.125],"rotation":0,"texture":"#4dd09970-60ba-e0c2-cc7e-b621830b0c02","tintindex":0},"north":{"uv":[0.0,11.5,0.125,11.625],"rotation":0,"texture":"#4dd09970-60ba-e0c2-cc7e-b621830b0c02","tintindex":0},"south":{"uv":[4.5,11.5,4.625,11.625],"rotation":0,"texture":"#4dd09970-60ba-e0c2-cc7e-b621830b0c02","tintindex":0},"up":{"uv":[11.625,6.125,11.5,6.0],"rotation":0,"texture":"#4dd09970-60ba-e0c2-cc7e-b621830b0c02","tintindex":0},"west":{"uv":[11.5,5.0,11.625,5.125],"rotation":0,"texture":"#4dd09970-60ba-e0c2-cc7e-b621830b0c02","tintindex":0}}},{"name":"tounge","from":[7.85,7.925,7.5125],"to":[7.925,8.0,7.5875],"rotation":{"angle":0.0,"axis":"x","origin":[8.0,7.7,13.683926]},"faces":{"down":{"uv":[2.0,12.0,2.125,12.125],"rotation":0,"texture":"#4dd09970-60ba-e0c2-cc7e-b621830b0c02","tintindex":0},"east":{"uv":[11.5,9.5,11.625,9.625],"rotation":0,"texture":"#4dd09970-60ba-e0c2-cc7e-b621830b0c02","tintindex":0},"north":{"uv":[11.5,7.0,11.625,7.125],"rotation":0,"texture":"#4dd09970-60ba-e0c2-cc7e-b621830b0c02","tintindex":0},"south":{"uv":[12.0,0.0,12.125,0.125],"rotation":0,"texture":"#4dd09970-60ba-e0c2-cc7e-b621830b0c02","tintindex":0},"up":{"uv":[12.125,1.125,12.0,1.0],"rotation":0,"texture":"#4dd09970-60ba-e0c2-cc7e-b621830b0c02","tintindex":0},"west":{"uv":[1.0,12.0,1.125,12.125],"rotation":0,"texture":"#4dd09970-60ba-e0c2-cc7e-b621830b0c02","tintindex":0}}}],"display":{"head":{"translation":[0.0,-6.4,0.0],"rotation":[0.0,0.0,0.0],"scale":[3.8095,3.8095,3.8095]},"gui":{"translation":[0.0,0.0,0.0],"rotation":[35.0,225.0,0.0],"scale":[0.625,0.625,0.625]}}}