{"file_name":"arm_l","texture_size":[80,80],"textures":{"8f86e493-37b6-3082-5112-4ea04f629143":"modelengine:entity/texture"},"elements":[{"name":"arm_r","from":[7.3955617,4.678473,7.4726596],"to":[8.171721,7.280504,8.359699],"rotation":{"angle":-22.5,"axis":"z","origin":[7.728202,7.8959727,7.8607397]},"faces":{"down":{"uv":[11.8,5.4,11.6,5.6],"rotation":0,"texture":"#8f86e493-37b6-3082-5112-4ea04f629143","tintindex":0},"east":{"uv":[7.2000003,4.2000003,7.0,4.9500003],"rotation":0,"texture":"#8f86e493-37b6-3082-5112-4ea04f629143","tintindex":0},"north":{"uv":[7.0,6.6,6.8,7.35],"rotation":0,"texture":"#8f86e493-37b6-3082-5112-4ea04f629143","tintindex":0},"south":{"uv":[7.2000003,3.2,7.0,3.95],"rotation":0,"texture":"#8f86e493-37b6-3082-5112-4ea04f629143","tintindex":0},"up":{"uv":[5.2000003,11.8,5.4,11.6],"rotation":0,"texture":"#8f86e493-37b6-3082-5112-4ea04f629143","tintindex":0},"west":{"uv":[7.2000003,0.0,7.0,0.75],"rotation":0,"texture":"#8f86e493-37b6-3082-5112-4ea04f629143","tintindex":0}}},{"name":"arm_r","from":[7.1738014,6.6584725,7.2508993],"to":[8.282601,7.648473,8.470579],"rotation":{"angle":-22.5,"axis":"z","origin":[7.728202,7.8959727,7.8607397]},"faces":{"down":{"uv":[3.25,9.8,3.0,10.1],"rotation":0,"texture":"#8f86e493-37b6-3082-5112-4ea04f629143","tintindex":0},"east":{"uv":[2.7,9.8,2.4,10.05],"rotation":0,"texture":"#8f86e493-37b6-3082-5112-4ea04f629143","tintindex":0},"north":{"uv":[10.650001,3.8,10.400001,4.05],"rotation":0,"texture":"#8f86e493-37b6-3082-5112-4ea04f629143","tintindex":0},"south":{"uv":[10.650001,5.2000003,10.400001,5.4500003],"rotation":0,"texture":"#8f86e493-37b6-3082-5112-4ea04f629143","tintindex":0},"up":{"uv":[9.8,3.1000001,10.05,2.8],"rotation":0,"texture":"#8f86e493-37b6-3082-5112-4ea04f629143","tintindex":0},"west":{"uv":[0.90000004,9.8,0.6,10.05],"rotation":0,"texture":"#8f86e493-37b6-3082-5112-4ea04f629143","tintindex":0}}},{"name":"arm_r","from":[7.1521225,7.2582073,6.883827],"to":[8.371802,8.477895,8.832964],"rotation":{"angle":22.5,"axis":"z","origin":[7.728202,7.8959727,7.8607397]},"faces":{"down":{"uv":[8.3,5.8,8.0,6.2000003],"rotation":0,"texture":"#8f86e493-37b6-3082-5112-4ea04f629143","tintindex":0},"east":{"uv":[2.8,8.6,2.4,8.85],"rotation":0,"texture":"#8f86e493-37b6-3082-5112-4ea04f629143","tintindex":0},"north":{"uv":[10.1,3.4,9.8,3.65],"rotation":0,"texture":"#8f86e493-37b6-3082-5112-4ea04f629143","tintindex":0},"south":{"uv":[10.1,6.6,9.8,6.85],"rotation":0,"texture":"#8f86e493-37b6-3082-5112-4ea04f629143","tintindex":0},"up":{"uv":[5.4,8.400001,5.7000003,8.0],"rotation":0,"texture":"#8f86e493-37b6-3082-5112-4ea04f629143","tintindex":0},"west":{"uv":[9.0,2.2,8.6,2.45],"rotation":0,"texture":"#8f86e493-37b6-3082-5112-4ea04f629143","tintindex":0}}}],"display":{"head":{"translation":[0.0,-6.4,0.0],"rotation":[0.0,0.0,0.0],"scale":[3.8095,3.8095,3.8095]},"gui":{"translation":[0.0,0.0,0.0],"rotation":[35.0,225.0,0.0],"scale":[0.625,0.625,0.625]}}}