{"file_name":"arm_r","texture_size":[80,80],"textures":{"8f86e493-37b6-3082-5112-4ea04f629143":"modelengine:entity/goblin"},"elements":[{"name":"arm_r","from":[8.115195,4.6784983,7.47265],"to":[8.8913555,7.1094356,8.35969],"rotation":{"angle":22.5,"axis":"z","origin":[8.558716,7.895998,7.8607297]},"faces":{"down":{"uv":[11.6,5.4,11.8,5.6],"rotation":0,"texture":"#8f86e493-37b6-3082-5112-4ea04f629143","tintindex":0},"east":{"uv":[7.0,0.0,7.2000003,0.75],"rotation":0,"texture":"#8f86e493-37b6-3082-5112-4ea04f629143","tintindex":0},"north":{"uv":[6.8,6.6,7.0,7.35],"rotation":0,"texture":"#8f86e493-37b6-3082-5112-4ea04f629143","tintindex":0},"south":{"uv":[7.0,3.2,7.2000003,3.95],"rotation":0,"texture":"#8f86e493-37b6-3082-5112-4ea04f629143","tintindex":0},"up":{"uv":[5.4,11.8,5.2000003,11.6],"rotation":0,"texture":"#8f86e493-37b6-3082-5112-4ea04f629143","tintindex":0},"west":{"uv":[7.0,4.2000003,7.2000003,4.9500003],"rotation":0,"texture":"#8f86e493-37b6-3082-5112-4ea04f629143","tintindex":0}}},{"name":"arm_r","from":[8.004315,6.658498,7.25089],"to":[9.113115,7.648498,8.47057],"rotation":{"angle":22.5,"axis":"z","origin":[8.558716,7.895998,7.8607297]},"faces":{"down":{"uv":[3.0,9.8,3.25,10.1],"rotation":0,"texture":"#8f86e493-37b6-3082-5112-4ea04f629143","tintindex":0},"east":{"uv":[0.6,9.8,0.90000004,10.05],"rotation":0,"texture":"#8f86e493-37b6-3082-5112-4ea04f629143","tintindex":0},"north":{"uv":[10.400001,3.8,10.650001,4.05],"rotation":0,"texture":"#8f86e493-37b6-3082-5112-4ea04f629143","tintindex":0},"south":{"uv":[10.400001,5.2000003,10.650001,5.4500003],"rotation":0,"texture":"#8f86e493-37b6-3082-5112-4ea04f629143","tintindex":0},"up":{"uv":[10.05,3.1000001,9.8,2.8],"rotation":0,"texture":"#8f86e493-37b6-3082-5112-4ea04f629143","tintindex":0},"west":{"uv":[2.4,9.8,2.7,10.05],"rotation":0,"texture":"#8f86e493-37b6-3082-5112-4ea04f629143","tintindex":0}}},{"name":"arm_r","from":[7.9151144,7.258232,6.8838177],"to":[9.134794,8.477921,8.832954],"rotation":{"angle":-22.5,"axis":"z","origin":[8.558716,7.895998,7.8607297]},"faces":{"down":{"uv":[8.0,5.8,8.3,6.2000003],"rotation":0,"texture":"#8f86e493-37b6-3082-5112-4ea04f629143","tintindex":0},"east":{"uv":[8.6,2.2,9.0,2.45],"rotation":0,"texture":"#8f86e493-37b6-3082-5112-4ea04f629143","tintindex":0},"north":{"uv":[9.8,3.4,10.1,3.65],"rotation":0,"texture":"#8f86e493-37b6-3082-5112-4ea04f629143","tintindex":0},"south":{"uv":[9.8,6.6,10.1,6.85],"rotation":0,"texture":"#8f86e493-37b6-3082-5112-4ea04f629143","tintindex":0},"up":{"uv":[5.7000003,8.400001,5.4,8.0],"rotation":0,"texture":"#8f86e493-37b6-3082-5112-4ea04f629143","tintindex":0},"west":{"uv":[2.4,8.6,2.8,8.85],"rotation":0,"texture":"#8f86e493-37b6-3082-5112-4ea04f629143","tintindex":0}}}],"display":{"head":{"translation":[0.0,-6.4,0.0],"rotation":[0.0,0.0,0.0],"scale":[3.8095,3.8095,3.8095]},"gui":{"translation":[0.0,0.0,0.0],"rotation":[35.0,225.0,0.0],"scale":[0.625,0.625,0.625]}}}