{"file_name":"club","texture_size":[80,80],"textures":{"8f86e493-37b6-3082-5112-4ea04f629143":"modelengine:entity/goblin"},"elements":[{"name":"club","from":[7.5173573,7.7139077,8.649876],"to":[8.293517,8.406908,8.871636],"rotation":{"angle":22.5,"axis":"y","origin":[7.849997,8.060408,7.8182764]},"faces":{"down":{"uv":[11.6,13.400001,11.8,13.45],"rotation":0,"texture":"#8f86e493-37b6-3082-5112-4ea04f629143","tintindex":0},"east":{"uv":[13.400001,10.8,13.45,11.0],"rotation":0,"texture":"#8f86e493-37b6-3082-5112-4ea04f629143","tintindex":0},"north":{"uv":[5.6,11.6,5.8,11.8],"rotation":0,"texture":"#8f86e493-37b6-3082-5112-4ea04f629143","tintindex":0},"south":{"uv":[6.0,11.6,6.2000003,11.8],"rotation":0,"texture":"#8f86e493-37b6-3082-5112-4ea04f629143","tintindex":0},"up":{"uv":[13.6,11.25,13.400001,11.2],"rotation":0,"texture":"#8f86e493-37b6-3082-5112-4ea04f629143","tintindex":0},"west":{"uv":[11.2,13.400001,11.25,13.6],"rotation":0,"texture":"#8f86e493-37b6-3082-5112-4ea04f629143","tintindex":0}}},{"name":"club","from":[7.676747,7.809814,6.2105165],"to":[8.120267,8.304813,9.096861],"rotation":{"angle":22.5,"axis":"y","origin":[7.849997,8.060408,7.8182764]},"faces":{"down":{"uv":[6.8,10.2,6.9,10.85],"rotation":0,"texture":"#8f86e493-37b6-3082-5112-4ea04f629143","tintindex":0},"east":{"uv":[5.4,8.6,6.05,8.75],"rotation":0,"texture":"#8f86e493-37b6-3082-5112-4ea04f629143","tintindex":0},"north":{"uv":[13.0,10.400001,13.1,10.55],"rotation":0,"texture":"#8f86e493-37b6-3082-5112-4ea04f629143","tintindex":0},"south":{"uv":[10.8,13.0,10.900001,13.150001],"rotation":0,"texture":"#8f86e493-37b6-3082-5112-4ea04f629143","tintindex":0},"up":{"uv":[6.5,10.85,6.4,10.2],"rotation":0,"texture":"#8f86e493-37b6-3082-5112-4ea04f629143","tintindex":0},"west":{"uv":[8.6,5.8,9.25,5.9500003],"rotation":0,"texture":"#8f86e493-37b6-3082-5112-4ea04f629143","tintindex":0}}},{"name":"club","from":[7.5173573,7.7139077,5.6561165],"to":[8.182637,8.406908,6.4322767],"rotation":{"angle":22.5,"axis":"y","origin":[7.849997,8.060408,7.8182764]},"faces":{"down":{"uv":[12.2,11.8,12.35,12.0],"rotation":0,"texture":"#8f86e493-37b6-3082-5112-4ea04f629143","tintindex":0},"east":{"uv":[6.4,11.6,6.6,11.8],"rotation":0,"texture":"#8f86e493-37b6-3082-5112-4ea04f629143","tintindex":0},"north":{"uv":[12.2,6.6,12.35,6.8],"rotation":0,"texture":"#8f86e493-37b6-3082-5112-4ea04f629143","tintindex":0},"south":{"uv":[7.2000003,12.2,7.35,12.400001],"rotation":0,"texture":"#8f86e493-37b6-3082-5112-4ea04f629143","tintindex":0},"up":{"uv":[12.35,8.8,12.2,8.6],"rotation":0,"texture":"#8f86e493-37b6-3082-5112-4ea04f629143","tintindex":0},"west":{"uv":[11.6,7.0,11.8,7.2000003],"rotation":0,"texture":"#8f86e493-37b6-3082-5112-4ea04f629143","tintindex":0}}},{"name":"club","from":[7.406477,7.6149077,4.547316],"to":[8.404397,8.505908,5.6561165],"rotation":{"angle":22.5,"axis":"y","origin":[7.849997,8.060408,7.8182764]},"faces":{"down":{"uv":[9.8,10.6,10.05,10.85],"rotation":0,"texture":"#8f86e493-37b6-3082-5112-4ea04f629143","tintindex":0},"east":{"uv":[5.6,10.6,5.85,10.85],"rotation":0,"texture":"#8f86e493-37b6-3082-5112-4ea04f629143","tintindex":0},"north":{"uv":[10.6,4.4,10.85,4.65],"rotation":0,"texture":"#8f86e493-37b6-3082-5112-4ea04f629143","tintindex":0},"south":{"uv":[10.6,5.8,10.85,6.05],"rotation":0,"texture":"#8f86e493-37b6-3082-5112-4ea04f629143","tintindex":0},"up":{"uv":[8.650001,10.85,8.400001,10.6],"rotation":0,"texture":"#8f86e493-37b6-3082-5112-4ea04f629143","tintindex":0},"west":{"uv":[7.8,10.6,8.05,10.85],"rotation":0,"texture":"#8f86e493-37b6-3082-5112-4ea04f629143","tintindex":0}}},{"name":"club","from":[7.295597,7.515908,3.1058762],"to":[8.515277,8.604908,4.547316],"rotation":{"angle":22.5,"axis":"y","origin":[7.849997,8.060408,7.8182764]},"faces":{"down":{"uv":[1.2,8.6,1.5,8.95],"rotation":0,"texture":"#8f86e493-37b6-3082-5112-4ea04f629143","tintindex":0},"east":{"uv":[8.400001,8.400001,8.75,8.7],"rotation":0,"texture":"#8f86e493-37b6-3082-5112-4ea04f629143","tintindex":0},"north":{"uv":[0.4,9.2,0.7,9.5],"rotation":0,"texture":"#8f86e493-37b6-3082-5112-4ea04f629143","tintindex":0},"south":{"uv":[1.0,9.2,1.3000001,9.5],"rotation":0,"texture":"#8f86e493-37b6-3082-5112-4ea04f629143","tintindex":0},"up":{"uv":[0.90000004,8.95,0.6,8.6],"rotation":0,"texture":"#8f86e493-37b6-3082-5112-4ea04f629143","tintindex":0},"west":{"uv":[8.6,0.0,8.95,0.3],"rotation":0,"texture":"#8f86e493-37b6-3082-5112-4ea04f629143","tintindex":0}}},{"name":"club","from":[7.184717,7.416908,1.442676],"to":[8.626157,8.703908,3.4385164],"rotation":{"angle":22.5,"axis":"y","origin":[7.849997,8.060408,7.8182764]},"faces":{"down":{"uv":[6.2000003,5.8,6.55,6.25],"rotation":0,"texture":"#8f86e493-37b6-3082-5112-4ea04f629143","tintindex":0},"east":{"uv":[6.2000003,4.6,6.65,4.9500003],"rotation":0,"texture":"#8f86e493-37b6-3082-5112-4ea04f629143","tintindex":0},"north":{"uv":[8.0,2.2,8.35,2.55],"rotation":0,"texture":"#8f86e493-37b6-3082-5112-4ea04f629143","tintindex":0},"south":{"uv":[2.4,8.0,2.75,8.35],"rotation":0,"texture":"#8f86e493-37b6-3082-5112-4ea04f629143","tintindex":0},"up":{"uv":[4.15,6.4500003,3.8,6.0],"rotation":0,"texture":"#8f86e493-37b6-3082-5112-4ea04f629143","tintindex":0},"west":{"uv":[6.2000003,5.2000003,6.65,5.55],"rotation":0,"texture":"#8f86e493-37b6-3082-5112-4ea04f629143","tintindex":0}}},{"name":"club","from":[7.406477,7.218908,1.6644361],"to":[8.404397,8.901908,3.2167563],"rotation":{"angle":22.5,"axis":"y","origin":[7.849997,8.060408,7.8182764]},"faces":{"down":{"uv":[9.2,3.4,9.45,3.75],"rotation":0,"texture":"#8f86e493-37b6-3082-5112-4ea04f629143","tintindex":0},"east":{"uv":[6.4,0.0,6.75,0.45000002],"rotation":0,"texture":"#8f86e493-37b6-3082-5112-4ea04f629143","tintindex":0},"north":{"uv":[0.0,8.2,0.25,8.650001],"rotation":0,"texture":"#8f86e493-37b6-3082-5112-4ea04f629143","tintindex":0},"south":{"uv":[3.6000001,8.400001,3.8500001,8.85],"rotation":0,"texture":"#8f86e493-37b6-3082-5112-4ea04f629143","tintindex":0},"up":{"uv":[3.25,9.55,3.0,9.2],"rotation":0,"texture":"#8f86e493-37b6-3082-5112-4ea04f629143","tintindex":0},"west":{"uv":[0.6,6.4,0.95,6.85],"rotation":0,"texture":"#8f86e493-37b6-3082-5112-4ea04f629143","tintindex":0}}},{"name":"club","from":[7.0337715,7.7139077,1.6735262],"to":[8.780132,8.406908,3.2327762],"rotation":{"angle":22.5,"axis":"y","origin":[7.849997,8.060408,7.8182764]},"faces":{"down":{"uv":[7.4,5.8,7.8,6.15],"rotation":0,"texture":"#8f86e493-37b6-3082-5112-4ea04f629143","tintindex":0},"east":{"uv":[10.0,4.8,10.35,5.0],"rotation":0,"texture":"#8f86e493-37b6-3082-5112-4ea04f629143","tintindex":0},"north":{"uv":[6.2000003,2.4,6.6,2.6000001],"rotation":0,"texture":"#8f86e493-37b6-3082-5112-4ea04f629143","tintindex":0},"south":{"uv":[6.4,0.8,6.8,1.0],"rotation":0,"texture":"#8f86e493-37b6-3082-5112-4ea04f629143","tintindex":0},"up":{"uv":[7.8,4.75,7.4,4.4],"rotation":0,"texture":"#8f86e493-37b6-3082-5112-4ea04f629143","tintindex":0},"west":{"uv":[10.0,6.2000003,10.35,6.4],"rotation":0,"texture":"#8f86e493-37b6-3082-5112-4ea04f629143","tintindex":0}}},{"name":"club","from":[7.364897,7.571595,1.2209163],"to":[8.435582,8.543033,1.442676],"rotation":{"angle":22.5,"axis":"y","origin":[7.849997,8.060408,7.8182764]},"faces":{"down":{"uv":[13.400001,5.4,13.650001,5.4500003],"rotation":0,"texture":"#8f86e493-37b6-3082-5112-4ea04f629143","tintindex":0},"east":{"uv":[8.400001,13.2,8.45,13.45],"rotation":0,"texture":"#8f86e493-37b6-3082-5112-4ea04f629143","tintindex":0},"north":{"uv":[10.400001,10.6,10.650001,10.85],"rotation":0,"texture":"#8f86e493-37b6-3082-5112-4ea04f629143","tintindex":0},"south":{"uv":[0.0,11.0,0.25,11.25],"rotation":0,"texture":"#8f86e493-37b6-3082-5112-4ea04f629143","tintindex":0},"up":{"uv":[13.650001,5.05,13.400001,5.0],"rotation":0,"texture":"#8f86e493-37b6-3082-5112-4ea04f629143","tintindex":0},"west":{"uv":[13.400001,3.8,13.45,4.05],"rotation":0,"texture":"#8f86e493-37b6-3082-5112-4ea04f629143","tintindex":0}}}],"display":{"head":{"translation":[0.0,-6.4,0.0],