{"file_name":"ear_r","texture_size":[80,80],"textures":{"8f86e493-37b6-3082-5112-4ea04f629143":"modelengine:entity/texture"},"elements":[{"name":"ear_r","from":[7.56427,7.1223974,7.9286304],"to":[8.45131,8.839428,8.31671],"rotation":{"angle":-22.5,"axis":"y","origin":[7.839057,7.7644954,8.525446]},"faces":{"down":{"uv":[3.6000001,12.400001,3.8,12.55],"rotation":0,"texture":"#8f86e493-37b6-3082-5112-4ea04f629143","tintindex":0},"east":{"uv":[3.6000001,10.2,3.75,10.650001],"rotation":0,"texture":"#8f86e493-37b6-3082-5112-4ea04f629143","tintindex":0},"north":{"uv":[9.2,1.2,9.400001,1.65],"rotation":0,"texture":"#8f86e493-37b6-3082-5112-4ea04f629143","tintindex":0},"south":{"uv":[1.6,9.2,1.8000001,9.650001],"rotation":0,"texture":"#8f86e493-37b6-3082-5112-4ea04f629143","tintindex":0},"up":{"uv":[3.4,12.55,3.2,12.400001],"rotation":0,"texture":"#8f86e493-37b6-3082-5112-4ea04f629143","tintindex":0},"west":{"uv":[4.0,10.2,4.15,10.650001],"rotation":0,"texture":"#8f86e493-37b6-3082-5112-4ea04f629143","tintindex":0}}},{"name":"ear_r","from":[7.9344287,7.1840396,8.356529],"to":[10.436159,8.344196,8.356529],"rotation":{"angle":45.0,"axis":"z","origin":[8.060818,7.984151,8.525446]},"faces":{"down":{"uv":[9.2,4.4,9.75,4.4],"rotation":0,"texture":"#8f86e493-37b6-3082-5112-4ea04f629143","tintindex":0},"east":{"uv":[4.6,11.400001,4.6,11.7],"rotation":0,"texture":"#8f86e493-37b6-3082-5112-4ea04f629143","tintindex":0},"north":{"uv":[7.5,5.2000003,7.0,5.5],"rotation":0,"texture":"#8f86e493-37b6-3082-5112-4ea04f629143","tintindex":0},"south":{"uv":[7.7000003,1.8000001,7.2000003,2.1000001],"rotation":0,"texture":"#8f86e493-37b6-3082-5112-4ea04f629143","tintindex":0},"up":{"uv":[9.150001,0.6,8.6,0.6],"rotation":0,"texture":"#8f86e493-37b6-3082-5112-4ea04f629143","tintindex":0},"west":{"uv":[12.8,14.2,12.8,14.5],"rotation":0,"texture":"#8f86e493-37b6-3082-5112-4ea04f629143","tintindex":0}}}],"display":{"head":{"translation":[0.0,-6.4,0.0],"rotation":[0.0,0.0,0.0],"scale":[3.8095,3.8095,3.8095]},"gui":{"translation":[0.0,0.0,0.0],"rotation":[35.0,225.0,0.0],"scale":[0.625,0.625,0.625]}}}