{"file_name":"ear_l","texture_size":[80,80],"textures":{"8f86e493-37b6-3082-5112-4ea04f629143":"modelengine:entity/texture"},"elements":[{"name":"ear_l","from":[5.5742264,7.06958,8.353064],"to":[7.854196,8.229736,8.353064],"rotation":{"angle":-45.0,"axis":"z","origin":[7.862942,7.9841604,8.525446]},"faces":{"down":{"uv":[4.2000003,2.8,4.7000003,2.8],"rotation":0,"texture":"#8f86e493-37b6-3082-5112-4ea04f629143","tintindex":0},"east":{"uv":[1.8000001,4.8,1.8000001,5.1],"rotation":0,"texture":"#8f86e493-37b6-3082-5112-4ea04f629143","tintindex":0},"north":{"uv":[7.0,5.2000003,7.5,5.5],"rotation":0,"texture":"#8f86e493-37b6-3082-5112-4ea04f629143","tintindex":0},"south":{"uv":[7.2000003,1.8000001,7.7000003,2.1000001],"rotation":0,"texture":"#8f86e493-37b6-3082-5112-4ea04f629143","tintindex":0},"up":{"uv":[2.9,2.2,2.4,2.2],"rotation":0,"texture":"#8f86e493-37b6-3082-5112-4ea04f629143","tintindex":0},"west":{"uv":[6.2000003,10.6,6.2000003,10.900001],"rotation":0,"texture":"#8f86e493-37b6-3082-5112-4ea04f629143","tintindex":0}}},{"name":"ear_l","from":[7.2506804,7.122406,7.9459643],"to":[8.13772,8.854906,8.295929],"rotation":{"angle":22.5,"axis":"y","origin":[7.862942,7.7645044,8.525446]},"faces":{"down":{"uv":[4.4,12.400001,4.6,12.55],"rotation":0,"texture":"#8f86e493-37b6-3082-5112-4ea04f629143","tintindex":0},"east":{"uv":[4.4,10.2,4.55,10.650001],"rotation":0,"texture":"#8f86e493-37b6-3082-5112-4ea04f629143","tintindex":0},"north":{"uv":[9.400001,1.2,9.2,1.65],"rotation":0,"texture":"#8f86e493-37b6-3082-5112-4ea04f629143","tintindex":0},"south":{"uv":[9.2,2.0,9.400001,2.45],"rotation":0,"texture":"#8f86e493-37b6-3082-5112-4ea04f629143","tintindex":0},"up":{"uv":[4.2000003,12.55,4.0,12.400001],"rotation":0,"texture":"#8f86e493-37b6-3082-5112-4ea04f629143","tintindex":0},"west":{"uv":[5.2000003,10.2,5.35,10.650001],"rotation":0,"texture":"#8f86e493-37b6-3082-5112-4ea04f629143","tintindex":0}}}],"display":{"head":{"translation":[0.0,-6.4,0.0],"rotation":[0.0,0.0,0.0],"scale":[3.8095,3.8095,3.8095]},"gui":{"translation":[0.0,0.0,0.0],"rotation":[35.0,225.0,0.0],"scale":[0.625,0.625,0.625]}}}