{"file_name":"foot_r","texture_size":[80,80],"textures":{"8f86e493-37b6-3082-5112-4ea04f629143":"modelengine:entity/goblin"},"elements":[{"name":"lower_lr","from":[7.4748135,7.228542,7.1742506],"to":[8.472733,8.020542,8.061291],"rotation":{"angle":-22.5,"axis":"x","origin":[7.965852,8.862255,7.6374807]},"faces":{"down":{"uv":[11.2,8.2,11.45,8.400001],"rotation":0,"texture":"#8f86e493-37b6-3082-5112-4ea04f629143","tintindex":0},"east":{"uv":[8.6,11.6,8.8,11.8],"rotation":0,"texture":"#8f86e493-37b6-3082-5112-4ea04f629143","tintindex":0},"north":{"uv":[6.4,11.2,6.65,11.400001],"rotation":0,"texture":"#8f86e493-37b6-3082-5112-4ea04f629143","tintindex":0},"south":{"uv":[7.8,11.2,8.05,11.400001],"rotation":0,"texture":"#8f86e493-37b6-3082-5112-4ea04f629143","tintindex":0},"up":{"uv":[11.45,8.0,11.2,7.8],"rotation":0,"texture":"#8f86e493-37b6-3082-5112-4ea04f629143","tintindex":0},"west":{"uv":[9.6,11.6,9.8,11.8],"rotation":0,"texture":"#8f86e493-37b6-3082-5112-4ea04f629143","tintindex":0}}},{"name":"lower_lr","from":[7.4748135,6.7447405,6.4474096],"to":[8.472733,7.239741,8.11061],"rotation":{"angle":-22.5,"axis":"x","origin":[7.965852,8.862255,7.6374807]},"faces":{"down":{"uv":[3.0,8.6,3.25,9.0],"rotation":0,"texture":"#8f86e493-37b6-3082-5112-4ea04f629143","tintindex":0},"east":{"uv":[11.0,3.8,11.400001,3.95],"rotation":0,"texture":"#8f86e493-37b6-3082-5112-4ea04f629143","tintindex":0},"north":{"uv":[7.2000003,11.8,7.4500003,11.95],"rotation":0,"texture":"#8f86e493-37b6-3082-5112-4ea04f629143","tintindex":0},"south":{"uv":[11.8,7.4,12.05,7.55],"rotation":0,"texture":"#8f86e493-37b6-3082-5112-4ea04f629143","tintindex":0},"up":{"uv":[8.85,3.2,8.6,2.8],"rotation":0,"texture":"#8f86e493-37b6-3082-5112-4ea04f629143","tintindex":0},"west":{"uv":[4.2000003,11.0,4.6,11.150001],"rotation":0,"texture":"#8f86e493-37b6-3082-5112-4ea04f629143","tintindex":0}}},{"name":"lower_lr","from":[7.5856934,6.4993076,6.7803073],"to":[8.361854,6.8953075,7.445587],"rotation":{"angle":0.0,"axis":"x","origin":[6.864973,6.276724,7.8348026]},"faces":{"down":{"uv":[0.0,12.400001,0.2,12.55],"rotation":0,"texture":"#8f86e493-37b6-3082-5112-4ea04f629143","tintindex":0},"east":{"uv":[13.0,10.8,13.150001,10.900001],"rotation":0,"texture":"#8f86e493-37b6-3082-5112-4ea04f629143","tintindex":0},"north":{"uv":[13.0,5.4,13.2,5.5],"rotation":0,"texture":"#8f86e493-37b6-3082-5112-4ea04f629143","tintindex":0},"south":{"uv":[13.0,5.8,13.2,5.9],"rotation":0,"texture":"#8f86e493-37b6-3082-5112-4ea04f629143","tintindex":0},"up":{"uv":[12.400001,12.35,12.2,12.2],"rotation":0,"texture":"#8f86e493-37b6-3082-5112-4ea04f629143","tintindex":0},"west":{"uv":[11.2,13.0,11.35,13.1],"rotation":0,"texture":"#8f86e493-37b6-3082-5112-4ea04f629143","tintindex":0}}},{"name":"lower_lr","from":[7.6965733,6.41789,7.5331435],"to":[8.250974,6.7148905,7.8657837],"rotation":{"angle":22.5,"axis":"x","origin":[7.965852,8.812756,7.751826]},"faces":{"down":{"uv":[13.0,12.0,13.150001,12.1],"rotation":0,"texture":"#8f86e493-37b6-3082-5112-4ea04f629143","tintindex":0},"east":{"uv":[13.400001,11.6,13.5,11.7],"rotation":0,"texture":"#8f86e493-37b6-3082-5112-4ea04f629143","tintindex":0},"north":{"uv":[13.0,11.2,13.150001,11.3],"rotation":0,"texture":"#8f86e493-37b6-3082-5112-4ea04f629143","tintindex":0},"south":{"uv":[11.6,13.0,11.75,13.1],"rotation":0,"texture":"#8f86e493-37b6-3082-5112-4ea04f629143","tintindex":0},"up":{"uv":[13.150001,11.7,13.0,11.6],"rotation":0,"texture":"#8f86e493-37b6-3082-5112-4ea04f629143","tintindex":0},"west":{"uv":[12.0,13.400001,12.1,13.5],"rotation":0,"texture":"#8f86e493-37b6-3082-5112-4ea04f629143","tintindex":0}}},{"name":"lower_lr","from":[7.807453,6.4952335,7.3113837],"to":[8.140093,6.6932335,7.8657837],"rotation":{"angle":22.5,"axis":"x","origin":[7.965852,8.812756,7.751826]},"faces":{"down":{"uv":[12.8,13.0,12.900001,13.150001],"rotation":0,"texture":"#8f86e493-37b6-3082-5112-4ea04f629143","tintindex":0},"east":{"uv":[13.8,0.0,13.95,0.05],"rotation":0,"texture":"#8f86e493-37b6-3082-5112-4ea04f629143","tintindex":0},"north":{"uv":[6.0,14.0,6.1,14.05],"rotation":0,"texture":"#8f86e493-37b6-3082-5112-4ea04f629143","tintindex":0},"south":{"uv":[6.4,14.0,6.5,14.05],"rotation":0,"texture":"#8f86e493-37b6-3082-5112-4ea04f629143","tintindex":0},"up":{"uv":[12.5,13.150001,12.400001,13.0],"rotation":0,"texture":"#8f86e493-37b6-3082-5112-4ea04f629143","tintindex":0},"west":{"uv":[13.8,0.4,13.95,0.45000002],"rotation":0,"texture":"#8f86e493-37b6-3082-5112-4ea04f629143","tintindex":0}}}],"display":{"head":{"translation":[0.0,-6.4,0.0],"rotation":[0.0,0.0,0.0],"scale":[3.8095,3.8095,3.8095]},"gui":{"translation":[0.0,0.0,0.0],"rotation":[35.0,225.0,0.0],"scale":[0.625,0.625,0.625]}}}