{"file_name":"foot_l","texture_size":[80,80],"textures":{"8f86e493-37b6-3082-5112-4ea04f629143":"modelengine:entity/goblin"},"elements":[{"name":"lower_ll","from":[7.4620066,7.289008,7.1331587],"to":[8.459927,8.081008,8.020199],"rotation":{"angle":-22.5,"axis":"x","origin":[8.016406,8.984656,7.7872176]},"faces":{"down":{"uv":[10.400001,11.2,10.650001,11.400001],"rotation":0,"texture":"#8f86e493-37b6-3082-5112-4ea04f629143","tintindex":0},"east":{"uv":[11.6,10.8,11.8,11.0],"rotation":0,"texture":"#8f86e493-37b6-3082-5112-4ea04f629143","tintindex":0},"north":{"uv":[8.400001,11.2,8.650001,11.400001],"rotation":0,"texture":"#8f86e493-37b6-3082-5112-4ea04f629143","tintindex":0},"south":{"uv":[11.2,8.6,11.45,8.8],"rotation":0,"texture":"#8f86e493-37b6-3082-5112-4ea04f629143","tintindex":0},"up":{"uv":[10.05,11.400001,9.8,11.2],"rotation":0,"texture":"#8f86e493-37b6-3082-5112-4ea04f629143","tintindex":0},"west":{"uv":[11.8,0.8,12.0,1.0],"rotation":0,"texture":"#8f86e493-37b6-3082-5112-4ea04f629143","tintindex":0}}},{"name":"lower_ll","from":[7.4620066,6.8052073,6.4063177],"to":[8.459927,7.300207,8.069518],"rotation":{"angle":-22.5,"axis":"x","origin":[8.016406,8.984656,7.7872176]},"faces":{"down":{"uv":[8.6,4.0,8.85,4.4],"rotation":0,"texture":"#8f86e493-37b6-3082-5112-4ea04f629143","tintindex":0},"east":{"uv":[11.0,7.0,11.400001,7.15],"rotation":0,"texture":"#8f86e493-37b6-3082-5112-4ea04f629143","tintindex":0},"north":{"uv":[11.8,7.8,12.05,7.9500003],"rotation":0,"texture":"#8f86e493-37b6-3082-5112-4ea04f629143","tintindex":0},"south":{"uv":[11.8,8.2,12.05,8.35],"rotation":0,"texture":"#8f86e493-37b6-3082-5112-4ea04f629143","tintindex":0},"up":{"uv":[8.85,3.8,8.6,3.4],"rotation":0,"texture":"#8f86e493-37b6-3082-5112-4ea04f629143","tintindex":0},"west":{"uv":[7.2000003,11.0,7.6,11.150001],"rotation":0,"texture":"#8f86e493-37b6-3082-5112-4ea04f629143","tintindex":0}}},{"name":"lower_ll","from":[7.5728865,6.4992886,6.780285],"to":[8.349047,6.895289,7.445565],"rotation":{"angle":0.0,"axis":"x","origin":[9.180647,6.276705,7.8347807]},"faces":{"down":{"uv":[0.8,12.400001,1.0,12.55],"rotation":0,"texture":"#8f86e493-37b6-3082-5112-4ea04f629143","tintindex":0},"east":{"uv":[0.0,13.2,0.15,13.3],"rotation":0,"texture":"#8f86e493-37b6-3082-5112-4ea04f629143","tintindex":0},"north":{"uv":[13.0,6.2000003,13.2,6.3],"rotation":0,"texture":"#8f86e493-37b6-3082-5112-4ea04f629143","tintindex":0},"south":{"uv":[13.0,6.6,13.2,6.7000003],"rotation":0,"texture":"#8f86e493-37b6-3082-5112-4ea04f629143","tintindex":0},"up":{"uv":[0.6,12.55,0.4,12.400001],"rotation":0,"texture":"#8f86e493-37b6-3082-5112-4ea04f629143","tintindex":0},"west":{"uv":[0.4,13.2,0.55,13.3],"rotation":0,"texture":"#8f86e493-37b6-3082-5112-4ea04f629143","tintindex":0}}},{"name":"lower_ll","from":[7.6837664,6.3760223,7.596988],"to":[8.238167,6.6730223,7.9296284],"rotation":{"angle":22.5,"axis":"x","origin":[8.016406,8.935156,7.9015627]},"faces":{"down":{"uv":[4.4,13.2,4.55,13.3],"rotation":0,"texture":"#8f86e493-37b6-3082-5112-4ea04f629143","tintindex":0},"east":{"uv":[13.400001,12.0,13.5,12.1],"rotation":0,"texture":"#8f86e493-37b6-3082-5112-4ea04f629143","tintindex":0},"north":{"uv":[0.8,13.2,0.95,13.3],"rotation":0,"texture":"#8f86e493-37b6-3082-5112-4ea04f629143","tintindex":0},"south":{"uv":[1.2,13.2,1.35,13.3],"rotation":0,"texture":"#8f86e493-37b6-3082-5112-4ea04f629143","tintindex":0},"up":{"uv":[4.15,13.3,4.0,13.2],"rotation":0,"texture":"#8f86e493-37b6-3082-5112-4ea04f629143","tintindex":0},"west":{"uv":[12.400001,13.400001,12.5,13.5],"rotation":0,"texture":"#8f86e493-37b6-3082-5112-4ea04f629143","tintindex":0}}},{"name":"lower_ll","from":[7.7946463,6.4471784,7.3752284],"to":[8.127287,6.6451783,7.9296284],"rotation":{"angle":22.5,"axis":"x","origin":[8.016406,8.935156,7.9015627]},"faces":{"down":{"uv":[4.8,13.2,4.9,13.35],"rotation":0,"texture":"#8f86e493-37b6-3082-5112-4ea04f629143","tintindex":0},"east":{"uv":[13.8,6.6,13.95,6.65],"rotation":0,"texture":"#8f86e493-37b6-3082-5112-4ea04f629143","tintindex":0},"north":{"uv":[6.8,14.0,6.9,14.05],"rotation":0,"texture":"#8f86e493-37b6-3082-5112-4ea04f629143","tintindex":0},"south":{"uv":[14.0,7.0,14.1,7.05],"rotation":0,"texture":"#8f86e493-37b6-3082-5112-4ea04f629143","tintindex":0},"up":{"uv":[13.3,4.75,13.2,4.6],"rotation":0,"texture":"#8f86e493-37b6-3082-5112-4ea04f629143","tintindex":0},"west":{"uv":[13.8,7.4,13.95,7.4500003],"rotation":0,"texture":"#8f86e493-37b6-3082-5112-4ea04f629143","tintindex":0}}}],"display":{"head":{"translation":[0.0,-6.4,0.0],"rotation":[0.0,0.0,0.0],"scale":[3.8095,3.8095,3.8095]},"gui":{"translation":[0.0,0.0,0.0],"rotation":[35.0,225.0,0.0],"scale":[0.625,0.625,0.625]}}}