{"file_name":"hand_r","texture_size":[80,80],"textures":{"8f86e493-37b6-3082-5112-4ea04f629143":"modelengine:entity/texture"},"elements":[{"name":"hand_ar","from":[7.39582,7.305945,7.399001],"to":[8.72638,7.899945,8.286041],"rotation":{"angle":22.5,"axis":"x","origin":[8.071035,7.8405447,7.9539332]},"faces":{"down":{"uv":[2.6000001,11.0,2.9,11.2],"rotation":0,"texture":"#8f86e493-37b6-3082-5112-4ea04f629143","tintindex":0},"east":{"uv":[12.2,4.0,12.400001,4.15],"rotation":0,"texture":"#8f86e493-37b6-3082-5112-4ea04f629143","tintindex":0},"north":{"uv":[11.6,0.0,11.900001,0.15],"rotation":0,"texture":"#8f86e493-37b6-3082-5112-4ea04f629143","tintindex":0},"south":{"uv":[11.6,0.4,11.900001,0.55],"rotation":0,"texture":"#8f86e493-37b6-3082-5112-4ea04f629143","tintindex":0},"up":{"uv":[11.3,0.8,11.0,0.6],"rotation":0,"texture":"#8f86e493-37b6-3082-5112-4ea04f629143","tintindex":0},"west":{"uv":[12.2,6.2000003,12.400001,6.35],"rotation":0,"texture":"#8f86e493-37b6-3082-5112-4ea04f629143","tintindex":0}}},{"name":"hand_ar","from":[7.4629784,7.989029,6.2330313],"to":[7.8177943,8.226629,7.3861837],"rotation":{"angle":-45.0,"axis":"x","origin":[8.071035,7.8405447,7.9539332]},"faces":{"down":{"uv":[12.6,2.8,12.7,3.05],"rotation":0,"texture":"#8f86e493-37b6-3082-5112-4ea04f629143","tintindex":0},"east":{"uv":[13.400001,1.2,13.650001,1.25],"rotation":0,"texture":"#8f86e493-37b6-3082-5112-4ea04f629143","tintindex":0},"north":{"uv":[14.0,1.6,14.1,1.65],"rotation":0,"texture":"#8f86e493-37b6-3082-5112-4ea04f629143","tintindex":0},"south":{"uv":[2.0,14.0,2.1000001,14.05],"rotation":0,"texture":"#8f86e493-37b6-3082-5112-4ea04f629143","tintindex":0},"up":{"uv":[12.7,1.85,12.6,1.6],"rotation":0,"texture":"#8f86e493-37b6-3082-5112-4ea04f629143","tintindex":0},"west":{"uv":[13.400001,1.6,13.650001,1.65],"rotation":0,"texture":"#8f86e493-37b6-3082-5112-4ea04f629143","tintindex":0}}},{"name":"hand_ar","from":[7.9064984,7.989029,6.2330313],"to":[8.261314,8.226629,7.3861837],"rotation":{"angle":-45.0,"axis":"x","origin":[8.071035,7.8405447,7.9539332]},"faces":{"down":{"uv":[12.6,4.0,12.7,4.25],"rotation":0,"texture":"#8f86e493-37b6-3082-5112-4ea04f629143","tintindex":0},"east":{"uv":[2.4,13.400001,2.65,13.45],"rotation":0,"texture":"#8f86e493-37b6-3082-5112-4ea04f629143","tintindex":0},"north":{"uv":[14.0,2.0,14.1,2.05],"rotation":0,"texture":"#8f86e493-37b6-3082-5112-4ea04f629143","tintindex":0},"south":{"uv":[14.0,2.4,14.1,2.45],"rotation":0,"texture":"#8f86e493-37b6-3082-5112-4ea04f629143","tintindex":0},"up":{"uv":[12.7,3.65,12.6,3.4],"rotation":0,"texture":"#8f86e493-37b6-3082-5112-4ea04f629143","tintindex":0},"west":{"uv":[13.400001,2.6000001,13.650001,2.65],"rotation":0,"texture":"#8f86e493-37b6-3082-5112-4ea04f629143","tintindex":0}}},{"name":"hand_ar","from":[8.350018,7.989029,6.2330313],"to":[8.704834,8.226629,7.3861837],"rotation":{"angle":-45.0,"axis":"x","origin":[8.071035,7.8405447,7.9539332]},"faces":{"down":{"uv":[7.2000003,12.6,7.3,12.85],"rotation":0,"texture":"#8f86e493-37b6-3082-5112-4ea04f629143","tintindex":0},"east":{"uv":[13.400001,3.0,13.650001,3.05],"rotation":0,"texture":"#8f86e493-37b6-3082-5112-4ea04f629143","tintindex":0},"north":{"uv":[2.8,14.0,2.9,14.05],"rotation":0,"texture":"#8f86e493-37b6-3082-5112-4ea04f629143","tintindex":0},"south":{"uv":[14.0,2.8,14.1,2.8500001],"rotation":0,"texture":"#8f86e493-37b6-3082-5112-4ea04f629143","tintindex":0},"up":{"uv":[12.7,6.4500003,12.6,6.2000003],"rotation":0,"texture":"#8f86e493-37b6-3082-5112-4ea04f629143","tintindex":0},"west":{"uv":[13.400001,3.4,13.650001,3.45],"rotation":0,"texture":"#8f86e493-37b6-3082-5112-4ea04f629143","tintindex":0}}},{"name":"hand_ar","from":[8.438722,6.1252866,6.903226],"to":[8.616131,6.6004868,7.0806336],"rotation":{"angle":22.5,"axis":"x","origin":[8.071035,7.8405447,7.9539332]},"faces":{"down":{"uv":[8.400001,14.2,8.45,14.25],"rotation":0,"texture":"#8f86e493-37b6-3082-5112-4ea04f629143","tintindex":0},"east":{"uv":[14.0,3.2,14.05,3.3],"rotation":0,"texture":"#8f86e493-37b6-3082-5112-4ea04f629143","tintindex":0},"north":{"uv":[3.2,14.0,3.25,14.1],"rotation":0,"texture":"#8f86e493-37b6-3082-5112-4ea04f629143","tintindex":0},"south":{"uv":[3.6000001,14.0,3.65,14.1],"rotation":0,"texture":"#8f86e493-37b6-3082-5112-4ea04f629143","tintindex":0},"up":{"uv":[8.05,14.25,8.0,14.2],"rotation":0,"texture":"#8f86e493-37b6-3082-5112-4ea04f629143","tintindex":0},"west":{"uv":[4.0,14.0,4.05,14.1],"rotation":0,"texture":"#8f86e493-37b6-3082-5112-4ea04f629143","tintindex":0}}},{"name":"hand_ar","from":[7.9952025,6.1252866,6.903226],"to":[8.17261,6.6004868,7.0806336],"rotation":{"angle":22.5,"axis":"x","origin":[8.071035,7.8405447,7.9539332]},"faces":{"down":{"uv":[9.2,14.2,9.25,14.25],"rotation":0,"texture":"#8f86e493-37b6-3082-5112-4ea04f629143","tintindex":0},"east":{"uv":[4.4,14.0,4.4500003,14.1],"rotation":0,"texture":"#8f86e493-37b6-3082-5112-4ea04f629143","tintindex":0},"north":{"uv":[14.0,4.2000003,14.05,4.3],"rotation":0,"texture":"#8f86e493-37b6-3082-5112-4ea04f629143","tintindex":0},"south":{"uv":[14.0,4.6,14.05,4.7000003],"rotation":0,"texture":"#8f86e493-37b6-3082-5112-4ea04f629143","tintindex":0},"up":{"uv":[8.85,14.25,8.8,14.2],"rotation":0,"texture":"#8f86e493-37b6-3082-5112-4ea04f629143","tintindex":0},"west":{"uv":[4.8,14.0,4.85,14.1],"rotation":0,"texture":"#8f86e493-37b6-3082-5112-4ea04f629143","tintindex":0}}},{"name":"hand_ar","from":[7.5516825,6.1252866,6.903226],"to":[7.72909,6.6004868,7.0806336],"rotation":{"angle":22.5,"axis":"x","origin":[8.071035,7.8405447,7.9539332]},"faces":{"down":{"uv":[10.0,14.2,10.05,14.25],"rotation":0,"texture":"#8f86e493-37b6-3082-5112-4ea04f629143","tintindex":0},"east":{"uv":[5.2000003,14.0,5.25,14.1],"rotation":0,"texture":"#8f86e493-37b6-3082-5112-4ea04f629143","tintindex":0},"north":{"uv":[14.0,5.0,14.05,5.1],"rotation":0,"texture":"#8f86e493-37b6-3082-5112-4ea04f629143","tintindex":0},"south":{"uv":[14.0,5.4,14.05,5.5],"rotation":0,"texture":"#8f86e493-37b6-3082-5112-4ea04f629143","tintindex":0},"up":{"uv":[9.650001,14.25,9.6,14.2],"rotation":0,"texture":"#8f86e493-37b6-3082-5112-4ea04f629143","tintindex":0},"west":{"uv":[5.6,14.0,5.65,14.1],"rotation":0,"texture":"#8f86e493-37b6-3082-5112-4ea04f629143","tintindex":0}}},{"name":"hand_ar","from":[6.6971436,7.892049,7.7127385],"to":[7.5841837,8.189049,8.045378],"rotation":{"angle":45.0,"axis":"z","origin":[8.071035,7.8405447,7.9539332]},"faces":{"down":{"uv":[13.0,4.2000003,13.2,4.3],"rotation":0,"texture":"#8f86e493-37b6-3082-5112-4ea04f629143","tintindex":0},"east":{"uv":[13.400001,10.400001,13.5,10.5],"rotation":0,"texture":"#8f86e493-37b6-3082-5112-4ea04f629143","tintindex":0},"north":{"uv":[13.0,3.0,13.2,3.1000001],"rotation":0,"texture":"#8f86e493-37b6-3082-5112-4ea04f629143","tintindex":0},"south":{"uv":[13.0,3.4,13.2,3.5],"rotation":0,"texture":"#8f86e493-37b6-3082-5112-4ea04f629143","tintindex":0},"up":{"uv":[13.2,3.9,13.0,3.8],"rotation":0,"texture":"#8f86e493-37b6-3082-5112-4ea04f629143","tintindex":0},"west":{"uv":[10.8,13.400001,10.900001,13.5],"rotation":0,"texture":"#8f86e493-37b6-3082-5112-4ea04f629143","tintindex":0}}},{"name":"hand_ar","from":[7.1938505,6.2862844,7.8236184],"to":[7.4156103,6.8802843,7.9344983],"rotation":{"angle":-22.5,"axis":"z","origin":[8.071035,7.8405447,7.9539332]},"faces":{"down":{"uv":[10.400001,14.2,10.45,14.25],"rotation":0,"texture":"#8f86e493-37b6-3082-5112-4ea04f629143","tintindex":0},"east":{"uv":[13.6,8.2,13.650001,8.35],"rotation":0,"texture":"#8f86e493-37b6-3082-5112-4ea04f629143","tintindex":0},"north":{"uv":[7.8,13.6,7.85,13.75],"rotation":0,"texture":"#8f86e493-37b6-3082-5112-4ea04f629143","tintindex":0},"south":{"uv":[13.6,8.6,13.650001,8.75],"rotation":0,"texture":"#8f86e493-37b6-3082-5112-4ea04f629143","tintindex":0},"up":{"uv":[14.25,10.25,14.2,10.2],"rotation":0,"texture":"#8f86e493-37b6-3082-5112-4ea04f629143","tintindex":0},"west":{"uv":[13.6,9.0,13.650001,9.150001],"rotation":0,