{"file_name":"hand_l","texture_size":[80,80],"textures":{"8f86e493-37b6-3082-5112-4ea04f629143":"modelengine:entity/goblin"},"elements":[{"name":"hand_ar","from":[7.2736216,7.4654093,7.3989825],"to":[8.604181,8.059409,8.286022],"rotation":{"angle":22.5,"axis":"x","origin":[7.928967,8.15948,7.9539146]},"faces":{"down":{"uv":[2.9,11.0,2.6000001,11.2],"rotation":0,"texture":"#8f86e493-37b6-3082-5112-4ea04f629143","tintindex":0},"east":{"uv":[12.400001,6.2000003,12.2,6.35],"rotation":0,"texture":"#8f86e493-37b6-3082-5112-4ea04f629143","tintindex":0},"north":{"uv":[11.900001,0.0,11.6,0.15],"rotation":0,"texture":"#8f86e493-37b6-3082-5112-4ea04f629143","tintindex":0},"south":{"uv":[11.900001,0.4,11.6,0.55],"rotation":0,"texture":"#8f86e493-37b6-3082-5112-4ea04f629143","tintindex":0},"up":{"uv":[11.0,0.8,11.3,0.6],"rotation":0,"texture":"#8f86e493-37b6-3082-5112-4ea04f629143","tintindex":0},"west":{"uv":[12.400001,4.0,12.2,4.15],"rotation":0,"texture":"#8f86e493-37b6-3082-5112-4ea04f629143","tintindex":0}}},{"name":"hand_ar","from":[8.182208,8.148493,6.2330127],"to":[8.5370245,8.386093,7.3861647],"rotation":{"angle":-45.0,"axis":"x","origin":[7.928967,8.00001,7.9539146]},"faces":{"down":{"uv":[12.7,2.8,12.6,3.05],"rotation":0,"texture":"#8f86e493-37b6-3082-5112-4ea04f629143","tintindex":0},"east":{"uv":[13.650001,1.6,13.400001,1.65],"rotation":0,"texture":"#8f86e493-37b6-3082-5112-4ea04f629143","tintindex":0},"north":{"uv":[14.1,1.6,14.0,1.65],"rotation":0,"texture":"#8f86e493-37b6-3082-5112-4ea04f629143","tintindex":0},"south":{"uv":[2.1000001,14.0,2.0,14.05],"rotation":0,"texture":"#8f86e493-37b6-3082-5112-4ea04f629143","tintindex":0},"up":{"uv":[12.6,1.85,12.7,1.6],"rotation":0,"texture":"#8f86e493-37b6-3082-5112-4ea04f629143","tintindex":0},"west":{"uv":[13.650001,1.2,13.400001,1.25],"rotation":0,"texture":"#8f86e493-37b6-3082-5112-4ea04f629143","tintindex":0}}},{"name":"hand_ar","from":[7.738688,8.148493,6.2330127],"to":[8.093504,8.386093,7.3861647],"rotation":{"angle":-45.0,"axis":"x","origin":[7.928967,8.00001,7.9539146]},"faces":{"down":{"uv":[12.7,4.0,12.6,4.25],"rotation":0,"texture":"#8f86e493-37b6-3082-5112-4ea04f629143","tintindex":0},"east":{"uv":[13.650001,2.6000001,13.400001,2.65],"rotation":0,"texture":"#8f86e493-37b6-3082-5112-4ea04f629143","tintindex":0},"north":{"uv":[14.1,2.0,14.0,2.05],"rotation":0,"texture":"#8f86e493-37b6-3082-5112-4ea04f629143","tintindex":0},"south":{"uv":[14.1,2.4,14.0,2.45],"rotation":0,"texture":"#8f86e493-37b6-3082-5112-4ea04f629143","tintindex":0},"up":{"uv":[12.6,3.65,12.7,3.4],"rotation":0,"texture":"#8f86e493-37b6-3082-5112-4ea04f629143","tintindex":0},"west":{"uv":[2.65,13.400001,2.4,13.45],"rotation":0,"texture":"#8f86e493-37b6-3082-5112-4ea04f629143","tintindex":0}}},{"name":"hand_ar","from":[7.295168,8.148493,6.2330127],"to":[7.6499844,8.386093,7.3861647],"rotation":{"angle":-45.0,"axis":"x","origin":[7.928967,8.00001,7.9539146]},"faces":{"down":{"uv":[7.3,12.6,7.2000003,12.85],"rotation":0,"texture":"#8f86e493-37b6-3082-5112-4ea04f629143","tintindex":0},"east":{"uv":[13.650001,3.4,13.400001,3.45],"rotation":0,"texture":"#8f86e493-37b6-3082-5112-4ea04f629143","tintindex":0},"north":{"uv":[2.9,14.0,2.8,14.05],"rotation":0,"texture":"#8f86e493-37b6-3082-5112-4ea04f629143","tintindex":0},"south":{"uv":[14.1,2.8,14.0,2.8500001],"rotation":0,"texture":"#8f86e493-37b6-3082-5112-4ea04f629143","tintindex":0},"up":{"uv":[12.6,6.4500003,12.7,6.2000003],"rotation":0,"texture":"#8f86e493-37b6-3082-5112-4ea04f629143","tintindex":0},"west":{"uv":[13.650001,3.0,13.400001,3.05],"rotation":0,"texture":"#8f86e493-37b6-3082-5112-4ea04f629143","tintindex":0}}},{"name":"hand_ar","from":[7.383872,6.284751,6.903207],"to":[7.5612803,6.759951,7.080615],"rotation":{"angle":22.5,"axis":"x","origin":[7.928967,8.00001,7.9539146]},"faces":{"down":{"uv":[8.45,14.2,8.400001,14.25],"rotation":0,"texture":"#8f86e493-37b6-3082-5112-4ea04f629143","tintindex":0},"east":{"uv":[4.05,14.0,4.0,14.1],"rotation":0,"texture":"#8f86e493-37b6-3082-5112-4ea04f629143","tintindex":0},"north":{"uv":[3.25,14.0,3.2,14.1],"rotation":0,"texture":"#8f86e493-37b6-3082-5112-4ea04f629143","tintindex":0},"south":{"uv":[3.65,14.0,3.6000001,14.1],"rotation":0,"texture":"#8f86e493-37b6-3082-5112-4ea04f629143","tintindex":0},"up":{"uv":[8.0,14.25,8.05,14.2],"rotation":0,"texture":"#8f86e493-37b6-3082-5112-4ea04f629143","tintindex":0},"west":{"uv":[14.05,3.2,14.0,3.3],"rotation":0,"texture":"#8f86e493-37b6-3082-5112-4ea04f629143","tintindex":0}}},{"name":"hand_ar","from":[7.827392,6.284751,6.903207],"to":[8.0048,6.759951,7.080615],"rotation":{"angle":22.5,"axis":"x","origin":[7.928967,8.00001,7.9539146]},"faces":{"down":{"uv":[9.25,14.2,9.2,14.25],"rotation":0,"texture":"#8f86e493-37b6-3082-5112-4ea04f629143","tintindex":0},"east":{"uv":[4.85,14.0,4.8,14.1],"rotation":0,"texture":"#8f86e493-37b6-3082-5112-4ea04f629143","tintindex":0},"north":{"uv":[14.05,4.2000003,14.0,4.3],"rotation":0,"texture":"#8f86e493-37b6-3082-5112-4ea04f629143","tintindex":0},"south":{"uv":[14.05,4.6,14.0,4.7000003],"rotation":0,"texture":"#8f86e493-37b6-3082-5112-4ea04f629143","tintindex":0},"up":{"uv":[8.8,14.25,8.85,14.2],"rotation":0,"texture":"#8f86e493-37b6-3082-5112-4ea04f629143","tintindex":0},"west":{"uv":[4.4500003,14.0,4.4,14.1],"rotation":0,"texture":"#8f86e493-37b6-3082-5112-4ea04f629143","tintindex":0}}},{"name":"hand_ar","from":[8.270912,6.284751,6.903207],"to":[8.44832,6.759951,7.080615],"rotation":{"angle":22.5,"axis":"x","origin":[7.928967,8.00001,7.9539146]},"faces":{"down":{"uv":[10.05,14.2,10.0,14.25],"rotation":0,"texture":"#8f86e493-37b6-3082-5112-4ea04f629143","tintindex":0},"east":{"uv":[5.65,14.0,5.6,14.1],"rotation":0,"texture":"#8f86e493-37b6-3082-5112-4ea04f629143","tintindex":0},"north":{"uv":[14.05,5.0,14.0,5.1],"rotation":0,"texture":"#8f86e493-37b6-3082-5112-4ea04f629143","tintindex":0},"south":{"uv":[14.05,5.4,14.0,5.5],"rotation":0,"texture":"#8f86e493-37b6-3082-5112-4ea04f629143","tintindex":0},"up":{"uv":[9.6,14.25,9.650001,14.2],"rotation":0,"texture":"#8f86e493-37b6-3082-5112-4ea04f629143","tintindex":0},"west":{"uv":[5.25,14.0,5.2000003,14.1],"rotation":0,"texture":"#8f86e493-37b6-3082-5112-4ea04f629143","tintindex":0}}},{"name":"hand_ar","from":[8.415819,8.051514,7.7127194],"to":[9.302858,8.348513,8.04536],"rotation":{"angle":-45.0,"axis":"z","origin":[7.928967,8.00001,7.9539146]},"faces":{"down":{"uv":[13.2,4.2000003,13.0,4.3],"rotation":0,"texture":"#8f86e493-37b6-3082-5112-4ea04f629143","tintindex":0},"east":{"uv":[10.900001,13.400001,10.8,13.5],"rotation":0,"texture":"#8f86e493-37b6-3082-5112-4ea04f629143","tintindex":0},"north":{"uv":[13.2,3.0,13.0,3.1000001],"rotation":0,"texture":"#8f86e493-37b6-3082-5112-4ea04f629143","tintindex":0},"south":{"uv":[13.2,3.4,13.0,3.5],"rotation":0,"texture":"#8f86e493-37b6-3082-5112-4ea04f629143","tintindex":0},"up":{"uv":[13.0,3.9,13.2,3.8],"rotation":0,"texture":"#8f86e493-37b6-3082-5112-4ea04f629143","tintindex":0},"west":{"uv":[13.5,10.400001,13.400001,10.5],"rotation":0,"texture":"#8f86e493-37b6-3082-5112-4ea04f629143","tintindex":0}}},{"name":"hand_ar","from":[8.584393,6.4457493,7.8236],"to":[8.806151,7.039749,7.934479],"rotation":{"angle":22.5,"axis":"z","origin":[7.928967,8.00001,7.9539146]},"faces":{"down":{"uv":[10.45,14.2,10.400001,14.25],"rotation":0,"texture":"#8f86e493-37b6-3082-5112-4ea04f629143","tintindex":0},"east":{"uv":[13.650001,9.0,13.6,9.150001],"rotation":0,"texture":"#8f86e493-37b6-3082-5112-4ea04f629143","tintindex":0},"north":{"uv":[7.85,13.6,7.8,13.75],"rotation":0,"texture":"#8f86e493-37b6-3082-5112-4ea04f629143","tintindex":0},"south":{"uv":[13.650001,8.6,13.6,8.75],"rotation":0,"texture":"#8f86e493-37b6-3082-5112-4ea04f629143","tintindex":0},"up":{"uv":[14.2,10.25,14.25,10.2],"rotation":0,"texture":"#8f86e493-37b6-3082-5112-4ea04f629143","tintindex":0},"west":{"uv":[13.650001,8.2,13.6,8.35],"rotation":0,"texture":"#8f86e493-37b6-3082-5112-4ea04f629143","tintindex":0}}}],