{"file_name":"head","texture_size":[80,80],"textures":{"8f86e493-37b6-3082-5112-4ea04f629143":"modelengine:entity/goblin"},"elements":[{"name":"head","from":[9.57658,8.583507,6.7865906],"to":[9.798341,10.563507,9.00419],"rotation":{"angle":0.0,"axis":"x","origin":[8.085316,-3.1130433,7.499433]},"faces":{"down":{"uv":[3.6000001,12.8,3.65,13.3],"rotation":0,"texture":"#8f86e493-37b6-3082-5112-4ea04f629143","tintindex":0},"east":{"uv":[2.8,4.6,3.3,5.1],"rotation":0,"texture":"#8f86e493-37b6-3082-5112-4ea04f629143","tintindex":0},"north":{"uv":[1.6,12.8,1.65,13.3],"rotation":0,"texture":"#8f86e493-37b6-3082-5112-4ea04f629143","tintindex":0},"south":{"uv":[2.0,12.8,2.05,13.3],"rotation":0,"texture":"#8f86e493-37b6-3082-5112-4ea04f629143","tintindex":0},"up":{"uv":[3.25,13.3,3.2,12.8],"rotation":0,"texture":"#8f86e493-37b6-3082-5112-4ea04f629143","tintindex":0},"west":{"uv":[3.6000001,4.6,4.1,5.1],"rotation":0,"texture":"#8f86e493-37b6-3082-5112-4ea04f629143","tintindex":0}}},{"name":"head","from":[6.1393003,8.583507,6.7865906],"to":[6.3610606,10.563507,9.00419],"rotation":{"angle":0.0,"axis":"x","origin":[8.085316,-3.1130433,7.499433]},"faces":{"down":{"uv":[12.0,12.6,12.05,13.1],"rotation":0,"texture":"#8f86e493-37b6-3082-5112-4ea04f629143","tintindex":0},"east":{"uv":[1.2,4.0,1.7,4.5],"rotation":0,"texture":"#8f86e493-37b6-3082-5112-4ea04f629143","tintindex":0},"north":{"uv":[12.6,8.2,12.650001,8.7],"rotation":0,"texture":"#8f86e493-37b6-3082-5112-4ea04f629143","tintindex":0},"south":{"uv":[12.6,11.0,12.650001,11.5],"rotation":0,"texture":"#8f86e493-37b6-3082-5112-4ea04f629143","tintindex":0},"up":{"uv":[12.650001,12.3,12.6,11.8],"rotation":0,"texture":"#8f86e493-37b6-3082-5112-4ea04f629143","tintindex":0},"west":{"uv":[2.0,4.6,2.5,5.1],"rotation":0,"texture":"#8f86e493-37b6-3082-5112-4ea04f629143","tintindex":0}}},{"name":"head","from":[6.3610606,8.385507,6.56483],"to":[9.57658,10.761507,9.22595],"rotation":{"angle":0.0,"axis":"x","origin":[8.085316,-3.1130433,7.499433]},"faces":{"down":{"uv":[1.0,0.8,1.75,1.4],"rotation":0,"texture":"#8f86e493-37b6-3082-5112-4ea04f629143","tintindex":0},"east":{"uv":[2.0,0.0,2.6000001,0.6],"rotation":0,"texture":"#8f86e493-37b6-3082-5112-4ea04f629143","tintindex":0},"north":{"uv":[0.0,0.0,0.75,0.6],"rotation":0,"texture":"#8f86e493-37b6-3082-5112-4ea04f629143","tintindex":0},"south":{"uv":[0.0,0.8,0.75,1.4],"rotation":0,"texture":"#8f86e493-37b6-3082-5112-4ea04f629143","tintindex":0},"up":{"uv":[1.75,0.6,1.0,0.0],"rotation":0,"texture":"#8f86e493-37b6-3082-5112-4ea04f629143","tintindex":0},"west":{"uv":[2.0,0.8,2.6000001,1.4],"rotation":0,"texture":"#8f86e493-37b6-3082-5112-4ea04f629143","tintindex":0}}},{"name":"head","from":[6.582821,8.583507,9.22595],"to":[9.35482,10.563507,9.66947],"rotation":{"angle":0.0,"axis":"x","origin":[8.085316,-3.1130433,7.499433]},"faces":{"down":{"uv":[10.0,10.2,10.650001,10.3],"rotation":0,"texture":"#8f86e493-37b6-3082-5112-4ea04f629143","tintindex":0},"east":{"uv":[4.8,11.2,4.9,11.7],"rotation":0,"texture":"#8f86e493-37b6-3082-5112-4ea04f629143","tintindex":0},"north":{"uv":[2.0,3.0,2.65,3.5],"rotation":0,"texture":"#8f86e493-37b6-3082-5112-4ea04f629143","tintindex":0},"south":{"uv":[3.0,3.0,3.65,3.5],"rotation":0,"texture":"#8f86e493-37b6-3082-5112-4ea04f629143","tintindex":0},"up":{"uv":[10.85,8.7,10.2,8.6],"rotation":0,"texture":"#8f86e493-37b6-3082-5112-4ea04f629143","tintindex":0},"west":{"uv":[11.400001,2.0,11.5,2.5],"rotation":0,"texture":"#8f86e493-37b6-3082-5112-4ea04f629143","tintindex":0}}},{"name":"head","from":[6.582821,8.484507,6.34307],"to":[9.35482,10.563507,6.56483],"rotation":{"angle":0.0,"axis":"x","origin":[8.085316,-3.1130433,7.499433]},"faces":{"down":{"uv":[12.0,5.4,12.650001,5.4500003],"rotation":0,"texture":"#8f86e493-37b6-3082-5112-4ea04f629143","tintindex":0},"east":{"uv":[6.8,12.400001,6.85,12.95],"rotation":0,"texture":"#8f86e493-37b6-3082-5112-4ea04f629143","tintindex":0},"north":{"uv":[0.0,2.4,0.65000004,2.95],"rotation":0,"texture":"#8f86e493-37b6-3082-5112-4ea04f629143","tintindex":0},"south":{"uv":[1.0,2.4,1.65,2.95],"rotation":0,"texture":"#8f86e493-37b6-3082-5112-4ea04f629143","tintindex":0},"up":{"uv":[5.4500003,12.05,4.8,12.0],"rotation":0,"texture":"#8f86e493-37b6-3082-5112-4ea04f629143","tintindex":0},"west":{"uv":[7.6,12.400001,7.65,12.95],"rotation":0,"texture":"#8f86e493-37b6-3082-5112-4ea04f629143","tintindex":0}}},{"name":"head","from":[7.0905356,8.286507,6.12131],"to":[8.864615,9.474506,7.1192303],"rotation":{"angle":0.0,"axis":"x","origin":[8.085316,-3.1130433,7.499433]},"faces":{"down":{"uv":[4.8,8.6,5.2000003,8.85],"rotation":0,"texture":"#8f86e493-37b6-3082-5112-4ea04f629143","tintindex":0},"east":{"uv":[9.400001,9.8,9.650001,10.1],"rotation":0,"texture":"#8f86e493-37b6-3082-5112-4ea04f629143","tintindex":0},"north":{"uv":[6.0,8.0,6.4,8.3],"rotation":0,"texture":"#8f86e493-37b6-3082-5112-4ea04f629143","tintindex":0},"south":{"uv":[6.6,8.0,7.0,8.3],"rotation":0,"texture":"#8f86e493-37b6-3082-5112-4ea04f629143","tintindex":0},"up":{"uv":[4.6,8.85,4.2000003,8.6],"rotation":0,"texture":"#8f86e493-37b6-3082-5112-4ea04f629143","tintindex":0},"west":{"uv":[1.2,10.0,1.45,10.3],"rotation":0,"texture":"#8f86e493-37b6-3082-5112-4ea04f629143","tintindex":0}}},{"name":"head","from":[7.7558155,9.590653,5.9938517],"to":[8.199335,9.986653,7.3244114],"rotation":{"angle":-22.5,"axis":"x","origin":[8.085316,7.578957,7.832073]},"faces":{"down":{"uv":[2.8,12.400001,2.9,12.7],"rotation":0,"texture":"#8f86e493-37b6-3082-5112-4ea04f629143","tintindex":0},"east":{"uv":[1.2,12.400001,1.5,12.5],"rotation":0,"texture":"#8f86e493-37b6-3082-5112-4ea04f629143","tintindex":0},"north":{"uv":[12.8,13.400001,12.900001,13.5],"rotation":0,"texture":"#8f86e493-37b6-3082-5112-4ea04f629143","tintindex":0},"south":{"uv":[0.0,13.6,0.1,13.7],"rotation":0,"texture":"#8f86e493-37b6-3082-5112-4ea04f629143","tintindex":0},"up":{"uv":[2.5,12.7,2.4,12.400001],"rotation":0,"texture":"#8f86e493-37b6-3082-5112-4ea04f629143","tintindex":0},"west":{"uv":[1.8000001,12.400001,2.1000001,12.5],"rotation":0,"texture":"#8f86e493-37b6-3082-5112-4ea04f629143","tintindex":0}}},{"name":"head","from":[8.088456,9.120672,5.8013372],"to":[8.421096,9.417673,6.133977],"rotation":{"angle":0.0,"axis":"x","origin":[8.085316,-3.1130433,7.499433]},"faces":{"down":{"uv":[13.6,2.0,13.7,2.1000001],"rotation":0,"texture":"#8f86e493-37b6-3082-5112-4ea04f629143","tintindex":0},"east":{"uv":[0.8,13.6,0.90000004,13.7],"rotation":0,"texture":"#8f86e493-37b6-3082-5112-4ea04f629143","tintindex":0},"north":{"uv":[0.4,13.6,0.5,13.7],"rotation":0,"texture":"#8f86e493-37b6-3082-5112-4ea04f629143","tintindex":0},"south":{"uv":[1.2,13.6,1.3000001,13.7],"rotation":0,"texture":"#8f86e493-37b6-3082-5112-4ea04f629143","tintindex":0},"up":{"uv":[2.1000001,13.7,2.0,13.6],"rotation":0,"texture":"#8f86e493-37b6-3082-5112-4ea04f629143","tintindex":0},"west":{"uv":[1.6,13.6,1.7,13.7],"rotation":0,"texture":"#8f86e493-37b6-3082-5112-4ea04f629143","tintindex":0}}},{"name":"head","from":[7.5340557,9.120672,5.8013372],"to":[7.866696,9.417673,6.133977],"rotation":{"angle":0.0,"axis":"x","origin":[8.085316,-3.1130433,7.499433]},"faces":{"down":{"uv":[4.6,13.6,4.7000003,13.7],"rotation":0,"texture":"#8f86e493-37b6-3082-5112-4ea04f629143","tintindex":0},"east":{"uv":[3.4,13.6,3.5,13.7],"rotation":0,"texture":"#8f86e493-37b6-3082-5112-4ea04f629143","tintindex":0},"north":{"uv":[3.0,13.6,3.1000001,13.7],"rotation":0,"texture":"#8f86e493-37b6-3082-5112-4ea04f629143","tintindex":0},"south":{"uv":[3.8,13.6,3.9,13.7],"rotation":0,"texture":"#8f86e493-37b6-3082-5112-4ea04f629143","tintindex":0},"up":{"uv":[13.7,4.5,13.6,4.4],"rotation":0,"texture":"#8f86e493-37b6-3082-5112-4ea04f629143","tintindex":0},"west":{"uv":[4.2000003,13.6,4.3,13.7],"rotation":0,"texture":"#8f86e493-37b6-3082-5112-4ea04f629143","tintindex":0}}},{"name":"head","from":[6.8045807,8.781507,9.44771],"to":[9.13306,10.365507,9.89123],"rotation":{"angle":0.0,"axis":"x",