{"file_name":"headandneck","texture_size":[80,80],"textures":{"8f86e493-37b6-3082-5112-4ea04f629143":"modelengine:entity/texture"},"elements":[{"name":"headandneck","from":[7.5367684,8.136597,7.370655],"to":[8.312928,9.522598,8.368575],"rotation":{"angle":0.0,"axis":"x","origin":[8.032588,-1.7779527,7.529098]},"faces":{"down":{"uv":[3.0,11.400001,3.2,11.650001],"rotation":0,"texture":"#8f86e493-37b6-3082-5112-4ea04f629143","tintindex":0},"east":{"uv":[2.4,9.2,2.65,9.55],"rotation":0,"texture":"#8f86e493-37b6-3082-5112-4ea04f629143","tintindex":0},"north":{"uv":[7.8,9.8,8.0,10.150001],"rotation":0,"texture":"#8f86e493-37b6-3082-5112-4ea04f629143","tintindex":0},"south":{"uv":[4.8,10.0,5.0,10.35],"rotation":0,"texture":"#8f86e493-37b6-3082-5112-4ea04f629143","tintindex":0},"up":{"uv":[2.8,11.650001,2.6000001,11.400001],"rotation":0,"texture":"#8f86e493-37b6-3082-5112-4ea04f629143","tintindex":0},"west":{"uv":[9.2,2.8,9.45,3.15],"rotation":0,"texture":"#8f86e493-37b6-3082-5112-4ea04f629143","tintindex":0}}}],"display":{"head":{"translation":[0.0,-6.4,0.0],"rotation":[0.0,0.0,0.0],"scale":[3.8095,3.8095,3.8095]},"gui":{"translation":[0.0,0.0,0.0],"rotation":[35.0,225.0,0.0],"scale":[0.625,0.625,0.625]}}}