{"file_name":"leg_l","texture_size":[80,80],"textures":{"8f86e493-37b6-3082-5112-4ea04f629143":"modelengine:entity/goblin"},"elements":[{"name":"leg_l","from":[7.5608797,6.342517,7.4496627],"to":[8.66968,8.718517,8.669342],"rotation":{"angle":22.5,"axis":"x","origin":[8.0044,8.089883,8.201668]},"faces":{"down":{"uv":[9.8,7.2000003,10.05,7.5],"rotation":0,"texture":"#8f86e493-37b6-3082-5112-4ea04f629143","tintindex":0},"east":{"uv":[5.6,5.8,5.9,6.4],"rotation":0,"texture":"#8f86e493-37b6-3082-5112-4ea04f629143","tintindex":0},"north":{"uv":[2.4,7.2000003,2.65,7.8],"rotation":0,"texture":"#8f86e493-37b6-3082-5112-4ea04f629143","tintindex":0},"south":{"uv":[3.0,7.2000003,3.25,7.8],"rotation":0,"texture":"#8f86e493-37b6-3082-5112-4ea04f629143","tintindex":0},"up":{"uv":[7.4500003,10.1,7.2000003,9.8],"rotation":0,"texture":"#8f86e493-37b6-3082-5112-4ea04f629143","tintindex":0},"west":{"uv":[0.0,6.0,0.3,6.6],"rotation":0,"texture":"#8f86e493-37b6-3082-5112-4ea04f629143","tintindex":0}}}],"display":{"head":{"translation":[0.0,-6.4,0.0],"rotation":[0.0,0.0,0.0],"scale":[3.8095,3.8095,3.8095]},"gui":{"translation":[0.0,0.0,0.0],"rotation":[35.0,225.0,0.0],"scale":[0.625,0.625,0.625]}}}