{"file_name":"lower_arm_r","texture_size":[80,80],"textures":{"8f86e493-37b6-3082-5112-4ea04f629143":"modelengine:entity/goblin"},"elements":[{"name":"lower_ar","from":[7.4264145,7.3399057,7.4672804],"to":[8.535214,8.230906,8.638638],"rotation":{"angle":22.5,"axis":"x","origin":[8.091695,8.204018,8.045217]},"faces":{"down":{"uv":[1.2,10.6,1.45,10.85],"rotation":0,"texture":"#8f86e493-37b6-3082-5112-4ea04f629143","tintindex":0},"east":{"uv":[7.2000003,10.400001,7.4500003,10.650001],"rotation":0,"texture":"#8f86e493-37b6-3082-5112-4ea04f629143","tintindex":0},"north":{"uv":[10.400001,6.6,10.650001,6.85],"rotation":0,"texture":"#8f86e493-37b6-3082-5112-4ea04f629143","tintindex":0},"south":{"uv":[10.400001,7.2000003,10.650001,7.4500003],"rotation":0,"texture":"#8f86e493-37b6-3082-5112-4ea04f629143","tintindex":0},"up":{"uv":[9.45,10.650001,9.2,10.400001],"rotation":0,"texture":"#8f86e493-37b6-3082-5112-4ea04f629143","tintindex":0},"west":{"uv":[10.400001,9.0,10.650001,9.25],"rotation":0,"texture":"#8f86e493-37b6-3082-5112-4ea04f629143","tintindex":0}}},{"name":"lower_ar","from":[7.3155346,5.3599057,7.3564005],"to":[8.646094,7.3399057,8.749518],"rotation":{"angle":22.5,"axis":"x","origin":[8.091695,8.204018,8.045217]},"faces":{"down":{"uv":[9.2,0.0,9.5,0.3],"rotation":0,"texture":"#8f86e493-37b6-3082-5112-4ea04f629143","tintindex":0},"east":{"uv":[7.2000003,1.0,7.5,1.5],"rotation":0,"texture":"#8f86e493-37b6-3082-5112-4ea04f629143","tintindex":0},"north":{"uv":[0.6,7.2000003,0.90000004,7.7000003],"rotation":0,"texture":"#8f86e493-37b6-3082-5112-4ea04f629143","tintindex":0},"south":{"uv":[1.2,7.2000003,1.5,7.7000003],"rotation":0,"texture":"#8f86e493-37b6-3082-5112-4ea04f629143","tintindex":0},"up":{"uv":[9.1,9.3,8.8,9.0],"rotation":0,"texture":"#8f86e493-37b6-3082-5112-4ea04f629143","tintindex":0},"west":{"uv":[1.8000001,7.2000003,2.1000001,7.7000003],"rotation":0,"texture":"#8f86e493-37b6-3082-5112-4ea04f629143","tintindex":0}}},{"name":"lower_ar","from":[7.4264145,5.471451,8.771915],"to":[8.535214,7.352451,8.882795],"rotation":{"angle":22.5,"axis":"x","origin":[8.091695,8.204018,8.045217]},"faces":{"down":{"uv":[13.400001,0.8,13.650001,0.85],"rotation":0,"texture":"#8f86e493-37b6-3082-5112-4ea04f629143","tintindex":0},"east":{"uv":[12.6,0.0,12.650001,0.5],"rotation":0,"texture":"#8f86e493-37b6-3082-5112-4ea04f629143","tintindex":0},"north":{"uv":[7.8,7.2000003,8.05,7.7000003],"rotation":0,"texture":"#8f86e493-37b6-3082-5112-4ea04f629143","tintindex":0},"south":{"uv":[8.0,0.0,8.25,0.5],"rotation":0,"texture":"#8f86e493-37b6-3082-5112-4ea04f629143","tintindex":0},"up":{"uv":[13.45,13.25,13.2,13.2],"rotation":0,"texture":"#8f86e493-37b6-3082-5112-4ea04f629143","tintindex":0},"west":{"uv":[12.6,0.8,12.650001,1.3000001],"rotation":0,"texture":"#8f86e493-37b6-3082-5112-4ea04f629143","tintindex":0}}}],"display":{"head":{"translation":[0.0,-6.4,0.0],"rotation":[0.0,0.0,0.0],"scale":[3.8095,3.8095,3.8095]},"gui":{"translation":[0.0,0.0,0.0],"rotation":[35.0,225.0,0.0],"scale":[0.625,0.625,0.625]}}}