{"file_name":"lower_arm_l","texture_size":[80,80],"textures":{"8f86e493-37b6-3082-5112-4ea04f629143":"modelengine:entity/texture"},"elements":[{"name":"lower_ar","from":[7.504258,7.3399014,7.504803],"to":[8.613058,8.230902,8.63866],"rotation":{"angle":22.5,"axis":"x","origin":[7.947778,8.204013,8.045239]},"faces":{"down":{"uv":[1.45,10.6,1.2,10.85],"rotation":0,"texture":"#8f86e493-37b6-3082-5112-4ea04f629143","tintindex":0},"east":{"uv":[10.650001,9.0,10.400001,9.25],"rotation":0,"texture":"#8f86e493-37b6-3082-5112-4ea04f629143","tintindex":0},"north":{"uv":[10.650001,6.6,10.400001,6.85],"rotation":0,"texture":"#8f86e493-37b6-3082-5112-4ea04f629143","tintindex":0},"south":{"uv":[10.650001,7.2000003,10.400001,7.4500003],"rotation":0,"texture":"#8f86e493-37b6-3082-5112-4ea04f629143","tintindex":0},"up":{"uv":[9.2,10.650001,9.45,10.400001],"rotation":0,"texture":"#8f86e493-37b6-3082-5112-4ea04f629143","tintindex":0},"west":{"uv":[7.4500003,10.400001,7.2000003,10.650001],"rotation":0,"texture":"#8f86e493-37b6-3082-5112-4ea04f629143","tintindex":0}}},{"name":"lower_ar","from":[7.3933783,5.3599014,7.393923],"to":[8.723938,7.3399014,8.74954],"rotation":{"angle":22.5,"axis":"x","origin":[7.947778,8.204013,8.045239]},"faces":{"down":{"uv":[9.5,0.0,9.2,0.3],"rotation":0,"texture":"#8f86e493-37b6-3082-5112-4ea04f629143","tintindex":0},"east":{"uv":[2.1000001,7.2000003,1.8000001,7.7000003],"rotation":0,"texture":"#8f86e493-37b6-3082-5112-4ea04f629143","tintindex":0},"north":{"uv":[0.90000004,7.2000003,0.6,7.7000003],"rotation":0,"texture":"#8f86e493-37b6-3082-5112-4ea04f629143","tintindex":0},"south":{"uv":[1.5,7.2000003,1.2,7.7000003],"rotation":0,"texture":"#8f86e493-37b6-3082-5112-4ea04f629143","tintindex":0},"up":{"uv":[8.8,9.3,9.1,9.0],"rotation":0,"texture":"#8f86e493-37b6-3082-5112-4ea04f629143","tintindex":0},"west":{"uv":[7.5,1.0,7.2000003,1.5],"rotation":0,"texture":"#8f86e493-37b6-3082-5112-4ea04f629143","tintindex":0}}},{"name":"lower_ar","from":[7.504258,5.4714465,8.771938],"to":[8.613058,7.3524466,8.882818],"rotation":{"angle":22.5,"axis":"x","origin":[7.947778,8.204013,8.045239]},"faces":{"down":{"uv":[13.650001,0.8,13.400001,0.85],"rotation":0,"texture":"#8f86e493-37b6-3082-5112-4ea04f629143","tintindex":0},"east":{"uv":[12.650001,0.8,12.6,1.3000001],"rotation":0,"texture":"#8f86e493-37b6-3082-5112-4ea04f629143","tintindex":0},"north":{"uv":[8.05,7.2000003,7.8,7.7000003],"rotation":0,"texture":"#8f86e493-37b6-3082-5112-4ea04f629143","tintindex":0},"south":{"uv":[8.25,0.0,8.0,0.5],"rotation":0,"texture":"#8f86e493-37b6-3082-5112-4ea04f629143","tintindex":0},"up":{"uv":[13.2,13.25,13.45,13.2],"rotation":0,"texture":"#8f86e493-37b6-3082-5112-4ea04f629143","tintindex":0},"west":{"uv":[12.650001,0.0,12.6,0.5],"rotation":0,"texture":"#8f86e493-37b6-3082-5112-4ea04f629143","tintindex":0}}}],"display":{"head":{"translation":[0.0,-6.4,0.0],"rotation":[0.0,0.0,0.0],"scale":[3.8095,3.8095,3.8095]},"gui":{"translation":[0.0,0.0,0.0],"rotation":[35.0,225.0,0.0],"scale":[0.625,0.625,0.625]}}}