{"file_name":"lowerbody","texture_size":[80,80],"textures":{"8f86e493-37b6-3082-5112-4ea04f629143":"modelengine:entity/goblin"},"elements":[{"name":"lowerbody","from":[8.343113,6.719037,7.3711996],"to":[9.008393,8.332756,8.701759],"rotation":{"angle":22.5,"axis":"z","origin":[7.947476,8.771441,7.8785243]},"faces":{"down":{"uv":[4.2000003,11.400001,4.35,11.7],"rotation":0,"texture":"#8f86e493-37b6-3082-5112-4ea04f629143","tintindex":0},"east":{"uv":[5.3,5.8,5.0,6.4],"rotation":0,"texture":"#8f86e493-37b6-3082-5112-4ea04f629143","tintindex":0},"north":{"uv":[0.0,9.0,0.15,9.6],"rotation":0,"texture":"#8f86e493-37b6-3082-5112-4ea04f629143","tintindex":0},"south":{"uv":[9.0,6.6,9.150001,7.2000003],"rotation":0,"texture":"#8f86e493-37b6-3082-5112-4ea04f629143","tintindex":0},"up":{"uv":[3.55,11.7,3.4,11.400001],"rotation":0,"texture":"#8f86e493-37b6-3082-5112-4ea04f629143","tintindex":0},"west":{"uv":[5.6,1.2,5.9,1.8000001],"rotation":0,"texture":"#8f86e493-37b6-3082-5112-4ea04f629143","tintindex":0}}},{"name":"body","from":[6.9313183,6.502235,6.5202274],"to":[9.038038,7.7892346,6.963748],"rotation":{"angle":0.0,"axis":"x","origin":[7.9846783,1.4638234,7.7514024]},"faces":{"down":{"uv":[11.2,5.8,11.7,5.9],"rotation":0,"texture":"#8f86e493-37b6-3082-5112-4ea04f629143","tintindex":0},"east":{"uv":[11.400001,11.8,11.5,12.150001],"rotation":0,"texture":"#8f86e493-37b6-3082-5112-4ea04f629143","tintindex":0},"north":{"uv":[1.4,6.0,1.9,6.35],"rotation":0,"texture":"#8f86e493-37b6-3082-5112-4ea04f629143","tintindex":0},"south":{"uv":[2.2,6.0,2.7,6.35],"rotation":0,"texture":"#8f86e493-37b6-3082-5112-4ea04f629143","tintindex":0},"up":{"uv":[6.1,11.3,5.6,11.2],"rotation":0,"texture":"#8f86e493-37b6-3082-5112-4ea04f629143","tintindex":0},"west":{"uv":[11.8,11.8,11.900001,12.150001],"rotation":0,"texture":"#8f86e493-37b6-3082-5112-4ea04f629143","tintindex":0}}},{"name":"body","from":[6.5986786,6.2052345,6.8909826],"to":[9.370678,8.086235,8.886823],"rotation":{"angle":0.0,"axis":"x","origin":[7.9846783,1.4638234,7.7514024]},"faces":{"down":{"uv":[4.4,4.4,5.05,4.85],"rotation":0,"texture":"#8f86e493-37b6-3082-5112-4ea04f629143","tintindex":0},"east":{"uv":[4.8,1.4,5.25,1.9],"rotation":0,"texture":"#8f86e493-37b6-3082-5112-4ea04f629143","tintindex":0},"north":{"uv":[2.8,0.0,3.45,0.5],"rotation":0,"texture":"#8f86e493-37b6-3082-5112-4ea04f629143","tintindex":0},"south":{"uv":[2.8,0.8,3.45,1.3000001],"rotation":0,"texture":"#8f86e493-37b6-3082-5112-4ea04f629143","tintindex":0},"up":{"uv":[5.05,4.05,4.4,3.6000001],"rotation":0,"texture":"#8f86e493-37b6-3082-5112-4ea04f629143","tintindex":0},"west":{"uv":[0.0,5.2000003,0.45000002,5.7000003],"rotation":0,"texture":"#8f86e493-37b6-3082-5112-4ea04f629143","tintindex":0}}},{"name":"body","from":[6.054673,5.8467474,7.14944],"to":[9.814199,7.319373,8.857684],"rotation":{"angle":0.0,"axis":"x","origin":[7.9846783,1.4638234,7.7514024]},"faces":{"down":{"uv":[2.0,2.4,2.8500001,2.8],"rotation":0,"texture":"#8f86e493-37b6-3082-5112-4ea04f629143","tintindex":0},"east":{"uv":[7.8,3.8,7.4,4.15],"rotation":0,"texture":"#8f86e493-37b6-3082-5112-4ea04f629143","tintindex":0},"north":{"uv":[4.0,3.0,4.85,3.3500001],"rotation":0,"texture":"#8f86e493-37b6-3082-5112-4ea04f629143","tintindex":0},"south":{"uv":[4.2000003,2.2,5.05,2.55],"rotation":0,"texture":"#8f86e493-37b6-3082-5112-4ea04f629143","tintindex":0},"up":{"uv":[3.25,2.0,2.4,1.6],"rotation":0,"texture":"#8f86e493-37b6-3082-5112-4ea04f629143","tintindex":0},"west":{"uv":[7.4,3.8,7.8,4.15],"rotation":0,"texture":"#8f86e493-37b6-3082-5112-4ea04f629143","tintindex":0}}},{"name":"body","from":[6.1263294,5.7817445,8.228355],"to":[9.57248,6.0827045,8.370281],"rotation":{"angle":22.5,"axis":"x","origin":[7.947476,8.771441,7.8785243]},"faces":{"down":{"uv":[11.6,5.0,12.400001,5.05],"rotation":0,"texture":"#8f86e493-37b6-3082-5112-4ea04f629143","tintindex":0},"east":{"uv":[10.6,13.8,10.650001,13.900001],"rotation":0,"texture":"#8f86e493-37b6-3082-5112-4ea04f629143","tintindex":0},"north":{"uv":[9.400001,9.0,10.2,9.1],"rotation":0,"texture":"#8f86e493-37b6-3082-5112-4ea04f629143","tintindex":0},"south":{"uv":[9.400001,9.400001,10.2,9.5],"rotation":0,"texture":"#8f86e493-37b6-3082-5112-4ea04f629143","tintindex":0},"up":{"uv":[12.400001,3.65,11.6,3.6000001],"rotation":0,"texture":"#8f86e493-37b6-3082-5112-4ea04f629143","tintindex":0},"west":{"uv":[13.8,10.6,13.85,10.7],"rotation":0,"texture":"#8f86e493-37b6-3082-5112-4ea04f629143","tintindex":0}}},{"name":"body","from":[6.5017967,6.9036837,8.663838],"to":[9.609625,7.524909,9.10722],"rotation":{"angle":0.0,"axis":"x","origin":[7.9846783,1.4638234,5.9514027]},"faces":{"down":{"uv":[10.2,1.8000001,10.900001,1.9],"rotation":0,"texture":"#8f86e493-37b6-3082-5112-4ea04f629143","tintindex":0},"east":{"uv":[5.2000003,13.2,5.3,13.35],"rotation":0,"texture":"#8f86e493-37b6-3082-5112-4ea04f629143","tintindex":0},"north":{"uv":[8.400001,5.4,9.1,5.55],"rotation":0,"texture":"#8f86e493-37b6-3082-5112-4ea04f629143","tintindex":0},"south":{"uv":[8.400001,7.6,9.1,7.75],"rotation":0,"texture":"#8f86e493-37b6-3082-5112-4ea04f629143","tintindex":0},"up":{"uv":[10.900001,1.5,10.2,1.4],"rotation":0,"texture":"#8f86e493-37b6-3082-5112-4ea04f629143","tintindex":0},"west":{"uv":[5.6,13.2,5.7000003,13.35],"rotation":0,"texture":"#8f86e493-37b6-3082-5112-4ea04f629143","tintindex":0}}},{"name":"body","from":[6.2937584,5.5192113,8.330063],"to":[9.592439,6.10393,8.440943],"rotation":{"angle":22.5,"axis":"x","origin":[7.947476,8.771441,7.8785243]},"faces":{"down":{"uv":[11.8,4.6,12.55,4.65],"rotation":0,"texture":"#8f86e493-37b6-3082-5112-4ea04f629143","tintindex":0},"east":{"uv":[5.0,13.6,5.05,13.75],"rotation":0,"texture":"#8f86e493-37b6-3082-5112-4ea04f629143","tintindex":0},"north":{"uv":[8.2,8.0,8.95,8.150001],"rotation":0,"texture":"#8f86e493-37b6-3082-5112-4ea04f629143","tintindex":0},"south":{"uv":[8.400001,0.8,9.150001,0.95],"rotation":0,"texture":"#8f86e493-37b6-3082-5112-4ea04f629143","tintindex":0},"up":{"uv":[12.55,2.45,11.8,2.4],"rotation":0,"texture":"#8f86e493-37b6-3082-5112-4ea04f629143","tintindex":0},"west":{"uv":[5.4,13.6,5.4500003,13.75],"rotation":0,"texture":"#8f86e493-37b6-3082-5112-4ea04f629143","tintindex":0}}},{"name":"body","from":[6.4981937,4.869524,8.330063],"to":[9.370678,5.53468,8.440943],"rotation":{"angle":22.5,"axis":"x","origin":[7.947476,8.771441,7.8785243]},"faces":{"down":{"uv":[12.0,10.6,12.650001,10.650001],"rotation":0,"texture":"#8f86e493-37b6-3082-5112-4ea04f629143","tintindex":0},"east":{"uv":[9.400001,13.8,9.45,13.95],"rotation":0,"texture":"#8f86e493-37b6-3082-5112-4ea04f629143","tintindex":0},"north":{"uv":[9.0,6.2000003,9.650001,6.35],"rotation":0,"texture":"#8f86e493-37b6-3082-5112-4ea04f629143","tintindex":0},"south":{"uv":[6.4,9.0,7.05,9.150001],"rotation":0,"texture":"#8f86e493-37b6-3082-5112-4ea04f629143","tintindex":0},"up":{"uv":[11.05,12.05,10.400001,12.0],"rotation":0,"texture":"#8f86e493-37b6-3082-5112-4ea04f629143","tintindex":0},"west":{"uv":[9.8,13.8,9.85,13.95],"rotation":0,"texture":"#8f86e493-37b6-3082-5112-4ea04f629143","tintindex":0}}},{"name":"body","from":[6.969433,4.3676295,8.334042],"to":[8.954878,4.871911,8.4449215],"rotation":{"angle":22.5,"axis":"x","origin":[7.947476,8.780016,7.8825026]},"faces":{"down":{"uv":[13.0,0.4,13.45,0.45000002],"rotation":0,"texture":"#8f86e493-37b6-3082-5112-4ea04f629143","tintindex":0},"east":{"uv":[10.2,13.8,10.25,13.95],"rotation":0,"texture":"#8f86e493-37b6-3082-5112-4ea04f629143","tintindex":0},"north":{"uv":[10.2,2.2,10.650001,2.3500001],"rotation":0,"texture":"#8f86e493-37b6-3082-5112-4ea04f629143","tintindex":0},"south":{"uv":[5.6,10.2,6.05,10.35],"rotation":0,"texture":"#8f86e493-37b6-3082-5112-4ea04f629143","tintindex":0},"up":{"uv":[13.45,0.05,13.0,0.0],"rotation":0,"texture":"#8f86e493-37b6-3082-5112-4ea04f629143","tintindex":0},"west":{"uv":[13.8,10.2,13.85,10.35],"rotation":0,"texture":"#8f86e493-37b6-3082-5112-4ea04f629143","tintindex":0}}},{"name":"body",