{"file_name":"lower_leg_r","texture_size":[80,80],"textures":{"8f86e493-37b6-3082-5112-4ea04f629143":"modelengine:entity/goblin"},"elements":[{"name":"leg_r","from":[7.612175,7.533552,7.117388],"to":[8.277455,8.127552,7.283708],"rotation":{"angle":0.0,"axis":"x","origin":[6.8914547,4.9450026,8.218311]},"faces":{"down":{"uv":[13.6,13.6,13.75,13.650001],"rotation":0,"texture":"#8f86e493-37b6-3082-5112-4ea04f629143","tintindex":0},"east":{"uv":[13.6,9.400001,13.650001,9.55],"rotation":0,"texture":"#8f86e493-37b6-3082-5112-4ea04f629143","tintindex":0},"north":{"uv":[12.8,4.6,12.95,4.75],"rotation":0,"texture":"#8f86e493-37b6-3082-5112-4ea04f629143","tintindex":0},"south":{"uv":[4.8,12.8,4.9500003,12.95],"rotation":0,"texture":"#8f86e493-37b6-3082-5112-4ea04f629143","tintindex":0},"up":{"uv":[13.35,13.650001,13.2,13.6],"rotation":0,"texture":"#8f86e493-37b6-3082-5112-4ea04f629143","tintindex":0},"west":{"uv":[13.6,9.8,13.650001,9.95],"rotation":0,"texture":"#8f86e493-37b6-3082-5112-4ea04f629143","tintindex":0}}},{"name":"leg_r","from":[7.501295,7.533552,7.283708],"to":[8.388335,8.226552,8.503388],"rotation":{"angle":0.0,"axis":"x","origin":[6.8914547,4.9450026,8.218311]},"faces":{"down":{"uv":[3.8,11.0,4.0,11.3],"rotation":0,"texture":"#8f86e493-37b6-3082-5112-4ea04f629143","tintindex":0},"east":{"uv":[11.0,2.8,11.3,3.0],"rotation":0,"texture":"#8f86e493-37b6-3082-5112-4ea04f629143","tintindex":0},"north":{"uv":[7.8,11.6,8.0,11.8],"rotation":0,"texture":"#8f86e493-37b6-3082-5112-4ea04f629143","tintindex":0},"south":{"uv":[8.2,11.6,8.400001,11.8],"rotation":0,"texture":"#8f86e493-37b6-3082-5112-4ea04f629143","tintindex":0},"up":{"uv":[11.2,3.5,11.0,3.2],"rotation":0,"texture":"#8f86e493-37b6-3082-5112-4ea04f629143","tintindex":0},"west":{"uv":[3.2,11.0,3.5,11.2],"rotation":0,"texture":"#8f86e493-37b6-3082-5112-4ea04f629143","tintindex":0}}},{"name":"lower_lr","from":[7.723055,5.5998206,7.668639],"to":[8.277455,7.6788206,8.33392],"rotation":{"angle":-22.5,"axis":"x","origin":[7.9923334,7.5305343,8.020989]},"faces":{"down":{"uv":[5.6,12.8,5.75,12.95],"rotation":0,"texture":"#8f86e493-37b6-3082-5112-4ea04f629143","tintindex":0},"east":{"uv":[5.2000003,9.400001,5.35,9.95],"rotation":0,"texture":"#8f86e493-37b6-3082-5112-4ea04f629143","tintindex":0},"north":{"uv":[4.8,9.2,4.9500003,9.75],"rotation":0,"texture":"#8f86e493-37b6-3082-5112-4ea04f629143","tintindex":0},"south":{"uv":[5.6,9.400001,5.75,9.95],"rotation":0,"texture":"#8f86e493-37b6-3082-5112-4ea04f629143","tintindex":0},"up":{"uv":[5.35,12.95,5.2000003,12.8],"rotation":0,"texture":"#8f86e493-37b6-3082-5112-4ea04f629143","tintindex":0},"west":{"uv":[6.0,9.400001,6.15,9.95],"rotation":0,"texture":"#8f86e493-37b6-3082-5112-4ea04f629143","tintindex":0}}}],"display":{"head":{"translation":[0.0,-6.4,0.0],"rotation":[0.0,0.0,0.0],"scale":[3.8095,3.8095,3.8095]},"gui":{"translation":[0.0,0.0,0.0],"rotation":[35.0,225.0,0.0],"scale":[0.625,0.625,0.625]}}}