{"file_name":"lower_leg_l","texture_size":[80,80],"textures":{"8f86e493-37b6-3082-5112-4ea04f629143":"modelengine:entity/goblin"},"elements":[{"name":"leg_l","from":[7.694773,7.5335727,7.117399],"to":[8.360054,8.127573,7.2837195],"rotation":{"angle":0.0,"axis":"x","origin":[9.191653,4.9450235,8.218323]},"faces":{"down":{"uv":[13.8,6.2000003,13.95,6.25],"rotation":0,"texture":"#8f86e493-37b6-3082-5112-4ea04f629143","tintindex":0},"east":{"uv":[2.4,13.8,2.45,13.95],"rotation":0,"texture":"#8f86e493-37b6-3082-5112-4ea04f629143","tintindex":0},"north":{"uv":[6.0,12.8,6.15,12.95],"rotation":0,"texture":"#8f86e493-37b6-3082-5112-4ea04f629143","tintindex":0},"south":{"uv":[6.4,12.8,6.55,12.95],"rotation":0,"texture":"#8f86e493-37b6-3082-5112-4ea04f629143","tintindex":0},"up":{"uv":[13.95,5.85,13.8,5.8],"rotation":0,"texture":"#8f86e493-37b6-3082-5112-4ea04f629143","tintindex":0},"west":{"uv":[13.8,3.8,13.85,3.95],"rotation":0,"texture":"#8f86e493-37b6-3082-5112-4ea04f629143","tintindex":0}}},{"name":"leg_l","from":[7.5838933,7.5335727,7.2837195],"to":[8.470934,8.226573,8.503399],"rotation":{"angle":0.0,"axis":"x","origin":[9.191653,4.9450235,8.218323]},"faces":{"down":{"uv":[11.0,6.4,11.2,6.7000003],"rotation":0,"texture":"#8f86e493-37b6-3082-5112-4ea04f629143","tintindex":0},"east":{"uv":[11.0,5.0,11.3,5.2000003],"rotation":0,"texture":"#8f86e493-37b6-3082-5112-4ea04f629143","tintindex":0},"north":{"uv":[10.0,11.6,10.2,11.8],"rotation":0,"texture":"#8f86e493-37b6-3082-5112-4ea04f629143","tintindex":0},"south":{"uv":[10.400001,11.6,10.6,11.8],"rotation":0,"texture":"#8f86e493-37b6-3082-5112-4ea04f629143","tintindex":0},"up":{"uv":[5.4,11.3,5.2000003,11.0],"rotation":0,"texture":"#8f86e493-37b6-3082-5112-4ea04f629143","tintindex":0},"west":{"uv":[11.0,5.4,11.3,5.6],"rotation":0,"texture":"#8f86e493-37b6-3082-5112-4ea04f629143","tintindex":0}}},{"name":"lower_ll","from":[7.694773,5.660326,7.6275806],"to":[8.249173,7.7393265,8.29286],"rotation":{"angle":-22.5,"axis":"x","origin":[8.027413,7.6529746,8.170759]},"faces":{"down":{"uv":[8.400001,12.8,8.55,12.95],"rotation":0,"texture":"#8f86e493-37b6-3082-5112-4ea04f629143","tintindex":0},"east":{"uv":[9.400001,6.6,9.55,7.15],"rotation":0,"texture":"#8f86e493-37b6-3082-5112-4ea04f629143","tintindex":0},"north":{"uv":[6.4,9.400001,6.55,9.95],"rotation":0,"texture":"#8f86e493-37b6-3082-5112-4ea04f629143","tintindex":0},"south":{"uv":[6.8,9.400001,6.9500003,9.95],"rotation":0,"texture":"#8f86e493-37b6-3082-5112-4ea04f629143","tintindex":0},"up":{"uv":[8.150001,12.95,8.0,12.8],"rotation":0,"texture":"#8f86e493-37b6-3082-5112-4ea04f629143","tintindex":0},"west":{"uv":[9.400001,7.4,9.55,7.9500003],"rotation":0,"texture":"#8f86e493-37b6-3082-5112-4ea04f629143","tintindex":0}}}],"display":{"head":{"translation":[0.0,-6.4,0.0],"rotation":[0.0,0.0,0.0],"scale":[3.8095,3.8095,3.8095]},"gui":{"translation":[0.0,0.0,0.0],"rotation":[35.0,225.0,0.0],"scale":[0.625,0.625,0.625]}}}