{"file_name":"mouth","texture_size":[80,80],"textures":{"8f86e493-37b6-3082-5112-4ea04f629143":"modelengine:entity/texture"},"elements":[{"name":"mouth","from":[7.150854,8.086889,6.6627674],"to":[7.3726144,8.38389,6.7736473],"rotation":{"angle":0.0,"axis":"x","origin":[8.034755,-3.3126602,8.37353]},"faces":{"down":{"uv":[10.8,14.2,10.85,14.25],"rotation":0,"texture":"#8f86e493-37b6-3082-5112-4ea04f629143","tintindex":0},"east":{"uv":[7.6,14.0,7.65,14.1],"rotation":0,"texture":"#8f86e493-37b6-3082-5112-4ea04f629143","tintindex":0},"north":{"uv":[7.2000003,14.0,7.25,14.1],"rotation":0,"texture":"#8f86e493-37b6-3082-5112-4ea04f629143","tintindex":0},"south":{"uv":[14.0,8.2,14.05,8.3],"rotation":0,"texture":"#8f86e493-37b6-3082-5112-4ea04f629143","tintindex":0},"up":{"uv":[14.25,10.650001,14.2,10.6],"rotation":0,"texture":"#8f86e493-37b6-3082-5112-4ea04f629143","tintindex":0},"west":{"uv":[14.0,8.6,14.05,8.7],"rotation":0,"texture":"#8f86e493-37b6-3082-5112-4ea04f629143","tintindex":0}}},{"name":"mouth","from":[7.039974,7.8888893,6.6627674],"to":[8.8140545,8.086889,8.104208],"rotation":{"angle":0.0,"axis":"x","origin":[8.034755,-3.3126602,8.37353]},"faces":{"down":{"uv":[0.0,7.6,0.4,7.9500003],"rotation":0,"texture":"#8f86e493-37b6-3082-5112-4ea04f629143","tintindex":0},"east":{"uv":[9.400001,13.0,9.75,13.05],"rotation":0,"texture":"#8f86e493-37b6-3082-5112-4ea04f629143","tintindex":0},"north":{"uv":[13.0,7.0,13.400001,7.05],"rotation":0,"texture":"#8f86e493-37b6-3082-5112-4ea04f629143","tintindex":0},"south":{"uv":[13.0,8.2,13.400001,8.25],"rotation":0,"texture":"#8f86e493-37b6-3082-5112-4ea04f629143","tintindex":0},"up":{"uv":[7.6,7.75,7.2000003,7.4],"rotation":0,"texture":"#8f86e493-37b6-3082-5112-4ea04f629143","tintindex":0},"west":{"uv":[13.0,9.400001,13.35,9.45],"rotation":0,"texture":"#8f86e493-37b6-3082-5112-4ea04f629143","tintindex":0}}},{"name":"mouth","from":[7.7814846,8.086889,6.6627674],"to":[7.8923645,8.18589,6.7736473],"rotation":{"angle":0.0,"axis":"x","origin":[8.034755,-3.3126602,8.37353]},"faces":{"down":{"uv":[12.0,14.2,12.05,14.25],"rotation":0,"texture":"#8f86e493-37b6-3082-5112-4ea04f629143","tintindex":0},"east":{"uv":[11.2,14.2,11.25,14.25],"rotation":0,"texture":"#8f86e493-37b6-3082-5112-4ea04f629143","tintindex":0},"north":{"uv":[14.2,11.0,14.25,11.05],"rotation":0,"texture":"#8f86e493-37b6-3082-5112-4ea04f629143","tintindex":0},"south":{"uv":[14.2,11.400001,14.25,11.45],"rotation":0,"texture":"#8f86e493-37b6-3082-5112-4ea04f629143","tintindex":0},"up":{"uv":[14.25,11.85,14.2,11.8],"rotation":0,"texture":"#8f86e493-37b6-3082-5112-4ea04f629143","tintindex":0},"west":{"uv":[11.6,14.2,11.650001,14.25],"rotation":0,"texture":"#8f86e493-37b6-3082-5112-4ea04f629143","tintindex":0}}},{"name":"mouth","from":[7.9478045,8.086889,6.6627674],"to":[8.058684,8.18589,6.7736473],"rotation":{"angle":0.0,"axis":"x","origin":[8.034755,-3.3126602,8.37353]},"faces":{"down":{"uv":[12.0,14.2,12.05,14.25],"rotation":0,"texture":"#8f86e493-37b6-3082-5112-4ea04f629143","tintindex":0},"east":{"uv":[11.2,14.2,11.25,14.25],"rotation":0,"texture":"#8f86e493-37b6-3082-5112-4ea04f629143","tintindex":0},"north":{"uv":[14.2,11.0,14.25,11.05],"rotation":0,"texture":"#8f86e493-37b6-3082-5112-4ea04f629143","tintindex":0},"south":{"uv":[14.2,11.400001,14.25,11.45],"rotation":0,"texture":"#8f86e493-37b6-3082-5112-4ea04f629143","tintindex":0},"up":{"uv":[14.25,11.85,14.2,11.8],"rotation":0,"texture":"#8f86e493-37b6-3082-5112-4ea04f629143","tintindex":0},"west":{"uv":[11.6,14.2,11.650001,14.25],"rotation":0,"texture":"#8f86e493-37b6-3082-5112-4ea04f629143","tintindex":0}}},{"name":"mouth","from":[8.114124,8.086889,6.6627674],"to":[8.225004,8.18589,6.7736473],"rotation":{"angle":0.0,"axis":"x","origin":[8.034755,-3.3126602,8.37353]},"faces":{"down":{"uv":[14.2,14.2,14.25,14.25],"rotation":0,"texture":"#8f86e493-37b6-3082-5112-4ea04f629143","tintindex":0},"east":{"uv":[12.400001,14.2,12.45,14.25],"rotation":0,"texture":"#8f86e493-37b6-3082-5112-4ea04f629143","tintindex":0},"north":{"uv":[14.2,12.2,14.25,12.25],"rotation":0,"texture":"#8f86e493-37b6-3082-5112-4ea04f629143","tintindex":0},"south":{"uv":[14.2,12.6,14.25,12.650001],"rotation":0,"texture":"#8f86e493-37b6-3082-5112-4ea04f629143","tintindex":0},"up":{"uv":[14.25,13.85,14.2,13.8],"rotation":0,"texture":"#8f86e493-37b6-3082-5112-4ea04f629143","tintindex":0},"west":{"uv":[14.2,13.0,14.25,13.05],"rotation":0,"texture":"#8f86e493-37b6-3082-5112-4ea04f629143","tintindex":0}}},{"name":"mouth","from":[8.481415,8.086889,6.6627674],"to":[8.703175,8.38389,6.7736473],"rotation":{"angle":0.0,"axis":"x","origin":[8.034755,-3.3126602,8.37353]},"faces":{"down":{"uv":[0.4,14.400001,0.45000002,14.45],"rotation":0,"texture":"#8f86e493-37b6-3082-5112-4ea04f629143","tintindex":0},"east":{"uv":[14.0,9.400001,14.05,9.5],"rotation":0,"texture":"#8f86e493-37b6-3082-5112-4ea04f629143","tintindex":0},"north":{"uv":[14.0,9.0,14.05,9.1],"rotation":0,"texture":"#8f86e493-37b6-3082-5112-4ea04f629143","tintindex":0},"south":{"uv":[14.0,9.8,14.05,9.900001],"rotation":0,"texture":"#8f86e493-37b6-3082-5112-4ea04f629143","tintindex":0},"up":{"uv":[0.05,14.45,0.0,14.400001],"rotation":0,"texture":"#8f86e493-37b6-3082-5112-4ea04f629143","tintindex":0},"west":{"uv":[13.0,14.0,13.05,14.1],"rotation":0,"texture":"#8f86e493-37b6-3082-5112-4ea04f629143","tintindex":0}}},{"name":"mouth","from":[8.29084,8.086889,6.6627674],"to":[8.40172,8.18589,6.7736473],"rotation":{"angle":0.0,"axis":"x","origin":[8.034755,-3.3126602,8.37353]},"faces":{"down":{"uv":[14.400001,1.6,14.45,1.65],"rotation":0,"texture":"#8f86e493-37b6-3082-5112-4ea04f629143","tintindex":0},"east":{"uv":[14.400001,0.8,14.45,0.85],"rotation":0,"texture":"#8f86e493-37b6-3082-5112-4ea04f629143","tintindex":0},"north":{"uv":[0.8,14.400001,0.85,14.45],"rotation":0,"texture":"#8f86e493-37b6-3082-5112-4ea04f629143","tintindex":0},"south":{"uv":[1.2,14.400001,1.25,14.45],"rotation":0,"texture":"#8f86e493-37b6-3082-5112-4ea04f629143","tintindex":0},"up":{"uv":[1.65,14.45,1.6,14.400001],"rotation":0,"texture":"#8f86e493-37b6-3082-5112-4ea04f629143","tintindex":0},"west":{"uv":[14.400001,1.2,14.45,1.25],"rotation":0,"texture":"#8f86e493-37b6-3082-5112-4ea04f629143","tintindex":0}}},{"name":"mouth","from":[7.434984,8.086889,6.6627674],"to":[7.5458646,8.18589,6.7736473],"rotation":{"angle":0.0,"axis":"x","origin":[8.034755,-3.3126602,8.37353]},"faces":{"down":{"uv":[3.2,14.400001,3.25,14.45],"rotation":0,"texture":"#8f86e493-37b6-3082-5112-4ea04f629143","tintindex":0},"east":{"uv":[14.400001,2.0,14.45,2.05],"rotation":0,"texture":"#8f86e493-37b6-3082-5112-4ea04f629143","tintindex":0},"north":{"uv":[2.0,14.400001,2.05,14.45],"rotation":0,"texture":"#8f86e493-37b6-3082-5112-4ea04f629143","tintindex":0},"south":{"uv":[14.400001,2.4,14.45,2.45],"rotation":0,"texture":"#8f86e493-37b6-3082-5112-4ea04f629143","tintindex":0},"up":{"uv":[14.45,2.8500001,14.400001,2.8],"rotation":0,"texture":"#8f86e493-37b6-3082-5112-4ea04f629143","tintindex":0},"west":{"uv":[2.8,14.400001,2.8500001,14.45],"rotation":0,"texture":"#8f86e493-37b6-3082-5112-4ea04f629143","tintindex":0}}},{"name":"mouth","from":[7.6116996,8.086889,6.6627674],"to":[7.7225795,8.18589,6.7736473],"rotation":{"angle":0.0,"axis":"x","origin":[8.034755,-3.3126602,8.37353]},"faces":{"down":{"uv":[3.2,14.400001,3.25,14.45],"rotation":0,"texture":"#8f86e493-37b6-3082-5112-4ea04f629143","tintindex":0},"east":{"uv":[14.400001,2.0,14.45,2.05],"rotation":0,"texture":"#8f86e493-37b6-3082-5112-4ea04f629143","tintindex":0},"north":{"uv":[2.0,14.400001,2.05,14.45],"rotation":0,"texture":"#8f86e493-37b6-3082-5112-4ea04f629143","tintindex":0},"south":{"uv":[14.400001,2.4,14.45,2.45],"rotation":0,"texture":"#8f86e493-37b6-3082-5112-4ea04f629143","tintindex":0},"up":{"uv":[14.45,2.8500001,14.400001,2.8],"rotation":0,"texture":"#8f86e493-37b6-3082-5112-4ea04f629143","tintindex":0},"west":{"uv":[2.8,14.400001,2.8500001,14.45],"rotation":0,