{"file_name":"upperbody","texture_size":[80,80],"textures":{"8f86e493-37b6-3082-5112-4ea04f629143":"modelengine:entity/goblin"},"elements":[{"name":"body","from":[4.588014,10.12356,7.2603474],"to":[6.321354,10.420561,7.5929875],"rotation":{"angle":-22.5,"axis":"z","origin":[8.0,8.000006,8.000028]},"faces":{"down":{"uv":[7.0,11.400001,7.4500003,11.5],"rotation":0,"texture":"#8f86e493-37b6-3082-5112-4ea04f629143","tintindex":0},"east":{"uv":[13.400001,5.8,13.5,5.9],"rotation":0,"texture":"#8f86e493-37b6-3082-5112-4ea04f629143","tintindex":0},"north":{"uv":[11.400001,3.2,11.85,3.3],"rotation":0,"texture":"#8f86e493-37b6-3082-5112-4ea04f629143","tintindex":0},"south":{"uv":[11.400001,6.2000003,11.85,6.3],"rotation":0,"texture":"#8f86e493-37b6-3082-5112-4ea04f629143","tintindex":0},"up":{"uv":[11.85,6.7000003,11.400001,6.6],"rotation":0,"texture":"#8f86e493-37b6-3082-5112-4ea04f629143","tintindex":0},"west":{"uv":[13.400001,6.2000003,13.5,6.3],"rotation":0,"texture":"#8f86e493-37b6-3082-5112-4ea04f629143","tintindex":0}}},{"name":"body","from":[6.7099304,10.091841,7.7038674],"to":[9.260171,12.07184,8.701787],"rotation":{"angle":22.5,"axis":"z","origin":[8.0,8.000006,8.000028]},"faces":{"down":{"uv":[2.0,6.6,2.6000001,6.85],"rotation":0,"texture":"#8f86e493-37b6-3082-5112-4ea04f629143","tintindex":0},"east":{"uv":[3.6000001,7.6,3.8500001,8.1],"rotation":0,"texture":"#8f86e493-37b6-3082-5112-4ea04f629143","tintindex":0},"north":{"uv":[3.8,0.8,4.4,1.3000001],"rotation":0,"texture":"#8f86e493-37b6-3082-5112-4ea04f629143","tintindex":0},"south":{"uv":[2.0,3.8,2.6000001,4.3],"rotation":0,"texture":"#8f86e493-37b6-3082-5112-4ea04f629143","tintindex":0},"up":{"uv":[1.8000001,6.85,1.2,6.6],"rotation":0,"texture":"#8f86e493-37b6-3082-5112-4ea04f629143","tintindex":0},"west":{"uv":[7.8,0.8,8.05,1.3000001],"rotation":0,"texture":"#8f86e493-37b6-3082-5112-4ea04f629143","tintindex":0}}},{"name":"body","from":[6.498647,10.140493,7.7038674],"to":[9.048887,12.021494,8.701787],"rotation":{"angle":-22.5,"axis":"z","origin":[8.0,8.000006,8.000028]},"faces":{"down":{"uv":[4.4,6.6,5.0,6.85],"rotation":0,"texture":"#8f86e493-37b6-3082-5112-4ea04f629143","tintindex":0},"east":{"uv":[7.8,5.0,8.05,5.5],"rotation":0,"texture":"#8f86e493-37b6-3082-5112-4ea04f629143","tintindex":0},"north":{"uv":[2.8,3.8,3.4,4.3],"rotation":0,"texture":"#8f86e493-37b6-3082-5112-4ea04f629143","tintindex":0},"south":{"uv":[3.6000001,3.8,4.2000003,4.3],"rotation":0,"texture":"#8f86e493-37b6-3082-5112-4ea04f629143","tintindex":0},"up":{"uv":[3.4,6.85,2.8,6.6],"rotation":0,"texture":"#8f86e493-37b6-3082-5112-4ea04f629143","tintindex":0},"west":{"uv":[7.8,6.4,8.05,6.9],"rotation":0,"texture":"#8f86e493-37b6-3082-5112-4ea04f629143","tintindex":0}}},{"name":"body","from":[6.706418,10.784379,8.590907],"to":[9.034899,11.576379,8.923548],"rotation":{"angle":0.0,"axis":"x","origin":[8.0,8.000006,8.000028]},"faces":{"down":{"uv":[9.0,11.0,9.55,11.1],"rotation":0,"texture":"#8f86e493-37b6-3082-5112-4ea04f629143","tintindex":0},"east":{"uv":[13.0,0.8,13.1,1.0],"rotation":0,"texture":"#8f86e493-37b6-3082-5112-4ea04f629143","tintindex":0},"north":{"uv":[8.400001,1.2,8.95,1.4],"rotation":0,"texture":"#8f86e493-37b6-3082-5112-4ea04f629143","tintindex":0},"south":{"uv":[8.400001,5.0,8.95,5.2000003],"rotation":0,"texture":"#8f86e493-37b6-3082-5112-4ea04f629143","tintindex":0},"up":{"uv":[11.55,7.5,11.0,7.4],"rotation":0,"texture":"#8f86e493-37b6-3082-5112-4ea04f629143","tintindex":0},"west":{"uv":[13.0,1.2,13.1,1.4],"rotation":0,"texture":"#8f86e493-37b6-3082-5112-4ea04f629143","tintindex":0}}},{"name":"body","from":[9.437464,10.173908,7.2603474],"to":[11.211544,10.470908,7.5929875],"rotation":{"angle":22.5,"axis":"z","origin":[8.0,8.000006,8.000028]},"faces":{"down":{"uv":[11.6,2.8,12.0,2.9],"rotation":0,"texture":"#8f86e493-37b6-3082-5112-4ea04f629143","tintindex":0},"east":{"uv":[13.400001,6.6,13.5,6.7000003],"rotation":0,"texture":"#8f86e493-37b6-3082-5112-4ea04f629143","tintindex":0},"north":{"uv":[0.6,11.6,1.0,11.7],"rotation":0,"texture":"#8f86e493-37b6-3082-5112-4ea04f629143","tintindex":0},"south":{"uv":[11.6,1.4,12.0,1.5],"rotation":0,"texture":"#8f86e493-37b6-3082-5112-4ea04f629143","tintindex":0},"up":{"uv":[2.0,11.7,1.6,11.6],"rotation":0,"texture":"#8f86e493-37b6-3082-5112-4ea04f629143","tintindex":0},"west":{"uv":[8.8,13.400001,8.900001,13.5],"rotation":0,"texture":"#8f86e493-37b6-3082-5112-4ea04f629143","tintindex":0}}},{"name":"body","from":[7.4888587,10.335539,6.11399],"to":[8.265018,11.42454,7.00103],"rotation":{"angle":22.5,"axis":"x","origin":[8.0,8.000006,8.000028]},"faces":{"down":{"uv":[4.8,7.2000003,5.0,7.4],"rotation":0,"texture":"#8f86e493-37b6-3082-5112-4ea04f629143","tintindex":0},"east":{"uv":[1.8000001,11.0,2.0,11.3],"rotation":0,"texture":"#8f86e493-37b6-3082-5112-4ea04f629143","tintindex":0},"north":{"uv":[4.8,10.6,5.0,10.900001],"rotation":0,"texture":"#8f86e493-37b6-3082-5112-4ea04f629143","tintindex":0},"south":{"uv":[2.2,11.0,2.4,11.3],"rotation":0,"texture":"#8f86e493-37b6-3082-5112-4ea04f629143","tintindex":0},"up":{"uv":[1.6,5.8,1.4,5.6],"rotation":0,"texture":"#8f86e493-37b6-3082-5112-4ea04f629143","tintindex":0},"west":{"uv":[11.0,2.2,11.2,2.5],"rotation":0,"texture":"#8f86e493-37b6-3082-5112-4ea04f629143","tintindex":0}}},{"name":"body","from":[6.041138,9.497379,7.1494675],"to":[9.811058,10.784379,9.034428],"rotation":{"angle":0.0,"axis":"x","origin":[8.0,8.000006,8.000028]},"faces":{"down":{"uv":[1.2,1.6,2.05,2.05],"rotation":0,"texture":"#8f86e493-37b6-3082-5112-4ea04f629143","tintindex":0},"east":{"uv":[6.2000003,3.4,6.65,3.75],"rotation":0,"texture":"#8f86e493-37b6-3082-5112-4ea04f629143","tintindex":0},"north":{"uv":[3.6000001,1.6,4.4500003,1.95],"rotation":0,"texture":"#8f86e493-37b6-3082-5112-4ea04f629143","tintindex":0},"south":{"uv":[0.0,4.0,0.85,4.35],"rotation":0,"texture":"#8f86e493-37b6-3082-5112-4ea04f629143","tintindex":0},"up":{"uv":[0.85,2.05,0.0,1.6],"rotation":0,"texture":"#8f86e493-37b6-3082-5112-4ea04f629143","tintindex":0},"west":{"uv":[6.2000003,4.0,6.65,4.35],"rotation":0,"texture":"#8f86e493-37b6-3082-5112-4ea04f629143","tintindex":0}}},{"name":"body","from":[6.1520185,9.181816,7.2326274],"to":[9.700178,9.497379,8.840387],"rotation":{"angle":0.0,"axis":"x","origin":[8.0,8.000006,8.000028]},"faces":{"down":{"uv":[4.6,0.8,5.4,1.15],"rotation":0,"texture":"#8f86e493-37b6-3082-5112-4ea04f629143","tintindex":0},"east":{"uv":[11.8,9.2,12.150001,9.3],"rotation":0,"texture":"#8f86e493-37b6-3082-5112-4ea04f629143","tintindex":0},"north":{"uv":[9.400001,0.6,10.2,0.7],"rotation":0,"texture":"#8f86e493-37b6-3082-5112-4ea04f629143","tintindex":0},"south":{"uv":[9.400001,5.4,10.2,5.5],"rotation":0,"texture":"#8f86e493-37b6-3082-5112-4ea04f629143","tintindex":0},"up":{"uv":[0.8,4.9500003,0.0,4.6],"rotation":0,"texture":"#8f86e493-37b6-3082-5112-4ea04f629143","tintindex":0},"west":{"uv":[11.8,10.2,12.150001,10.3],"rotation":0,"texture":"#8f86e493-37b6-3082-5112-4ea04f629143","tintindex":0}}},{"name":"body","from":[6.7095585,7.913379,7.2603474],"to":[9.148918,9.299379,8.812668],"rotation":{"angle":0.0,"axis":"x","origin":[8.0,8.000006,8.000028]},"faces":{"down":{"uv":[5.6,0.6,6.15,0.95],"rotation":0,"texture":"#8f86e493-37b6-3082-5112-4ea04f629143","tintindex":0},"east":{"uv":[8.0,1.6,8.35,1.95],"rotation":0,"texture":"#8f86e493-37b6-3082-5112-4ea04f629143","tintindex":0},"north":{"uv":[5.4,4.0,5.9500003,4.35],"rotation":0,"texture":"#8f86e493-37b6-3082-5112-4ea04f629143","tintindex":0},"south":{"uv":[5.4,4.6,5.9500003,4.9500003],"rotation":0,"texture":"#8f86e493-37b6-3082-5112-4ea04f629143","tintindex":0},"up":{"uv":[6.15,0.35,5.6,0.0],"rotation":0,"texture":"#8f86e493-37b6-3082-5112-4ea04f629143","tintindex":0},"west":{"uv":[1.8000001,8.0,2.15,8.35],"rotation":0,"texture":"#8f86e493-37b6-3082-5112-4ea04f629143","tintindex":0}}},{"name":"body","from":[7.153078,8.8043785,7.1494675],"to":[8.705399,9.497379,7.2603474],"rotation":{"angle":0.0,"axis":"x",