{"file_name":"body","texture_size":[64,64],"textures":{"90540afe-b4c9-b966-e204-b494d6c0b7c3":"modelengine:entity/arcticwolf"},"elements":[{"name":"body","from":[5.9300003,5.8999996,6.5299997],"to":[10.07,9.440001,9.469999],"rotation":{"angle":0.0,"axis":"x","origin":[3.1999998,2.2999997,3.1999998]},"faces":{"down":{"uv":[8.0,2.25,9.5,3.25],"rotation":0,"texture":"#90540afe-b4c9-b966-e204-b494d6c0b7c3","tintindex":0},"east":{"uv":[5.5,3.25,6.5,4.5],"rotation":0,"texture":"#90540afe-b4c9-b966-e204-b494d6c0b7c3","tintindex":0},"north":{"uv":[6.5,3.25,8.0,4.5],"rotation":0,"texture":"#90540afe-b4c9-b966-e204-b494d6c0b7c3","tintindex":0},"south":{"uv":[9.0,3.25,10.5,4.5],"rotation":0,"texture":"#90540afe-b4c9-b966-e204-b494d6c0b7c3","tintindex":0},"up":{"uv":[8.0,3.25,6.5,2.25],"rotation":0,"texture":"#90540afe-b4c9-b966-e204-b494d6c0b7c3","tintindex":0},"west":{"uv":[8.0,3.25,9.0,4.5],"rotation":0,"texture":"#90540afe-b4c9-b966-e204-b494d6c0b7c3","tintindex":0}}},{"name":"body","from":[8.06,7.9399996,1.1899996],"to":[8.06,11.84,12.05],"rotation":{"angle":0.0,"axis":"x","origin":[3.1999998,2.2999997,3.1999998]},"faces":{"down":{"uv":[4.5,0.0,4.5,4.5],"rotation":0,"texture":"#90540afe-b4c9-b966-e204-b494d6c0b7c3","tintindex":0},"east":{"uv":[0.0,4.5,4.5,6.0],"rotation":0,"texture":"#90540afe-b4c9-b966-e204-b494d6c0b7c3","tintindex":0},"north":{"uv":[4.5,4.5,4.5,6.0],"rotation":0,"texture":"#90540afe-b4c9-b966-e204-b494d6c0b7c3","tintindex":0},"south":{"uv":[9.0,4.5,9.0,6.0],"rotation":0,"texture":"#90540afe-b4c9-b966-e204-b494d6c0b7c3","tintindex":0},"up":{"uv":[4.5,4.5,4.5,0.0],"rotation":0,"texture":"#90540afe-b4c9-b966-e204-b494d6c0b7c3","tintindex":0},"west":{"uv":[4.5,4.5,9.0,6.0],"rotation":0,"texture":"#90540afe-b4c9-b966-e204-b494d6c0b7c3","tintindex":0}}},{"name":"body","from":[7.64,7.4,4.0699997],"to":[8.360001,9.68,4.49],"rotation":{"angle":22.5,"axis":"x","origin":[10.04,12.2,8.87]},"faces":{"down":{"uv":[0.75,6.0,1.0,6.0],"rotation":0,"texture":"#90540afe-b4c9-b966-e204-b494d6c0b7c3","tintindex":0},"east":{"uv":[0.5,6.0,0.5,6.75],"rotation":0,"texture":"#90540afe-b4c9-b966-e204-b494d6c0b7c3","tintindex":0},"north":{"uv":[0.5,6.0,0.75,6.75],"rotation":0,"texture":"#90540afe-b4c9-b966-e204-b494d6c0b7c3","tintindex":0},"south":{"uv":[0.75,6.0,1.0,6.75],"rotation":0,"texture":"#90540afe-b4c9-b966-e204-b494d6c0b7c3","tintindex":0},"up":{"uv":[0.75,6.0,0.5,6.0],"rotation":0,"texture":"#90540afe-b4c9-b966-e204-b494d6c0b7c3","tintindex":0},"west":{"uv":[0.75,6.0,0.75,6.75],"rotation":0,"texture":"#90540afe-b4c9-b966-e204-b494d6c0b7c3","tintindex":0}}},{"name":"body","from":[7.64,7.9399996,5.87],"to":[8.360001,10.219999,6.29],"rotation":{"angle":22.5,"axis":"x","origin":[10.04,12.74,10.67]},"faces":{"down":{"uv":[0.25,6.0,0.5,6.0],"rotation":0,"texture":"#90540afe-b4c9-b966-e204-b494d6c0b7c3","tintindex":0},"east":{"uv":[0.0,6.0,0.0,6.75],"rotation":0,"texture":"#90540afe-b4c9-b966-e204-b494d6c0b7c3","tintindex":0},"north":{"uv":[0.0,6.0,0.25,6.75],"rotation":0,"texture":"#90540afe-b4c9-b966-e204-b494d6c0b7c3","tintindex":0},"south":{"uv":[0.25,6.0,0.5,6.75],"rotation":0,"texture":"#90540afe-b4c9-b966-e204-b494d6c0b7c3","tintindex":0},"up":{"uv":[0.25,6.0,0.0,6.0],"rotation":0,"texture":"#90540afe-b4c9-b966-e204-b494d6c0b7c3","tintindex":0},"west":{"uv":[0.25,6.0,0.25,6.75],"rotation":0,"texture":"#90540afe-b4c9-b966-e204-b494d6c0b7c3","tintindex":0}}},{"name":"body","from":[7.64,7.22,8.030001],"to":[8.360001,9.5,8.45],"rotation":{"angle":22.5,"axis":"x","origin":[10.04,12.02,12.83]},"faces":{"down":{"uv":[0.25,6.0,0.5,6.0],"rotation":0,"texture":"#90540afe-b4c9-b966-e204-b494d6c0b7c3","tintindex":0},"east":{"uv":[0.0,6.0,0.0,6.75],"rotation":0,"texture":"#90540afe-b4c9-b966-e204-b494d6c0b7c3","tintindex":0},"north":{"uv":[0.0,6.0,0.25,6.75],"rotation":0,"texture":"#90540afe-b4c9-b966-e204-b494d6c0b7c3","tintindex":0},"south":{"uv":[0.25,6.0,0.5,6.75],"rotation":0,"texture":"#90540afe-b4c9-b966-e204-b494d6c0b7c3","tintindex":0},"up":{"uv":[0.25,6.0,0.0,6.0],"rotation":0,"texture":"#90540afe-b4c9-b966-e204-b494d6c0b7c3","tintindex":0},"west":{"uv":[0.25,6.0,0.25,6.75],"rotation":0,"texture":"#90540afe-b4c9-b966-e204-b494d6c0b7c3","tintindex":0}}},{"name":"body","from":[7.64,6.08,9.59],"to":[8.360001,8.360001,10.01],"rotation":{"angle":22.5,"axis":"x","origin":[10.04,10.88,14.39]},"faces":{"down":{"uv":[5.0,3.25,5.25,3.25],"rotation":0,"texture":"#90540afe-b4c9-b966-e204-b494d6c0b7c3","tintindex":0},"east":{"uv":[4.75,3.25,4.75,4.0],"rotation":0,"texture":"#90540afe-b4c9-b966-e204-b494d6c0b7c3","tintindex":0},"north":{"uv":[4.75,3.25,5.0,4.0],"rotation":0,"texture":"#90540afe-b4c9-b966-e204-b494d6c0b7c3","tintindex":0},"south":{"uv":[5.0,3.25,5.25,4.0],"rotation":0,"texture":"#90540afe-b4c9-b966-e204-b494d6c0b7c3","tintindex":0},"up":{"uv":[5.0,3.25,4.75,3.25],"rotation":0,"texture":"#90540afe-b4c9-b966-e204-b494d6c0b7c3","tintindex":0},"west":{"uv":[5.0,3.25,5.0,4.0],"rotation":0,"texture":"#90540afe-b4c9-b966-e204-b494d6c0b7c3","tintindex":0}}},{"name":"body","from":[7.64,5.42,12.05],"to":[8.360001,7.7,12.47],"rotation":{"angle":22.5,"axis":"x","origin":[10.04,10.219999,16.85]},"faces":{"down":{"uv":[5.0,3.25,5.25,3.25],"rotation":0,"texture":"#90540afe-b4c9-b966-e204-b494d6c0b7c3","tintindex":0},"east":{"uv":[4.75,3.25,4.75,4.0],"rotation":0,"texture":"#90540afe-b4c9-b966-e204-b494d6c0b7c3","tintindex":0},"north":{"uv":[4.75,3.25,5.0,4.0],"rotation":0,"texture":"#90540afe-b4c9-b966-e204-b494d6c0b7c3","tintindex":0},"south":{"uv":[5.0,3.25,5.25,4.0],"rotation":0,"texture":"#90540afe-b4c9-b966-e204-b494d6c0b7c3","tintindex":0},"up":{"uv":[5.0,3.25,4.75,3.25],"rotation":0,"texture":"#90540afe-b4c9-b966-e204-b494d6c0b7c3","tintindex":0},"west":{"uv":[5.0,3.25,5.0,4.0],"rotation":0,"texture":"#90540afe-b4c9-b966-e204-b494d6c0b7c3","tintindex":0}}},{"name":"body","from":[6.17,6.0199995,9.41],"to":[9.83,9.02,10.67],"rotation":{"angle":0.0,"axis":"x","origin":[3.1999998,2.2999997,3.1999998]},"faces":{"down":{"uv":[8.5,0.0,10.0,0.5],"rotation":0,"texture":"#90540afe-b4c9-b966-e204-b494d6c0b7c3","tintindex":0},"east":{"uv":[6.5,0.5,7.0,1.75],"rotation":0,"texture":"#90540afe-b4c9-b966-e204-b494d6c0b7c3","tintindex":0},"north":{"uv":[7.0,0.5,8.5,1.75],"rotation":0,"texture":"#90540afe-b4c9-b966-e204-b494d6c0b7c3","tintindex":0},"south":{"uv":[9.0,0.5,10.5,1.75],"rotation":0,"texture":"#90540afe-b4c9-b966-e204-b494d6c0b7c3","tintindex":0},"up":{"uv":[8.5,0.5,7.0,0.0],"rotation":0,"texture":"#90540afe-b4c9-b966-e204-b494d6c0b7c3","tintindex":0},"west":{"uv":[8.5,0.5,9.0,1.75],"rotation":0,"texture":"#90540afe-b4c9-b966-e204-b494d6c0b7c3","tintindex":0}}},{"name":"body","from":[6.35,6.26,10.67],"to":[9.65,8.9,11.99],"rotation":{"angle":0.0,"axis":"x","origin":[3.1999998,2.2999997,3.1999998]},"faces":{"down":{"uv":[10.75,4.5,12.0,5.0],"rotation":0,"texture":"#90540afe-b4c9-b966-e204-b494d6c0b7c3","tintindex":0},"east":{"uv":[9.0,5.0,9.5,6.0],"rotation":0,"texture":"#90540afe-b4c9-b966-e204-b494d6c0b7c3","tintindex":0},"north":{"uv":[9.5,5.0,10.75,6.0],"rotation":0,"texture":"#90540afe-b4c9-b966-e204-b494d6c0b7c3","tintindex":0},"south":{"uv":[11.25,5.0,12.5,6.0],"rotation":0,"texture":"#90540afe-b4c9-b966-e204-b494d6c0b7c3","tintindex":0},"up":{"uv":[10.75,5.0,9.5,4.5],"rotation":0,"texture":"#90540afe-b4c9-b966-e204-b494d6c0b7c3","tintindex":0},"west":{"uv":[10.75,5.0,11.25,6.0],"rotation":0,"texture":"#90540afe-b4c9-b966-e204-b494d6c0b7c3","tintindex":0}}},{"name":"body","from":[5.63,5.6,3.83],"to":[10.37,10.1,7.61],"rotation":{"angle":0.0,"axis":"x","origin":[3.1999998,2.2999997,3.1999998]},"faces":{"down":{"uv":[3.25,0.0,5.0,1.5],"rotation":0,"texture":"#90540afe-b4c9-b966-e204-b494d6c0b7c3","tintindex":0},"east":{"uv":[0.0,1.5,1.5,3.25],"rotation":0,"texture":"#90540afe-b4c9-b966-e204-b494d6c0b7c3","tintindex":0},"north":{"uv":[1.5,1.5,3.25,3.25],"rotation":0,"texture":"#90540afe-b4c9-b966-e204-b494d6c0b7c3","tintindex":0},"south":{"uv":[4.75,1.5,6.5,3.25],