{"file_name":"body","texture_size":[64,64],"textures":{"90540afe-b4c9-b966-e204-b494d6c0b7c3":"modelengine:entity/arcticwolf"},"elements":[{"name":"body","from":[5.2604,5.7740746,3.712306],"to":[10.725201,10.446875,7.5931063],"rotation":{"angle":0.0,"axis":"x","origin":[8.0,9.825393,4.847639]},"faces":{"down":{"uv":[8.0,2.25,9.5,3.25],"rotation":0,"texture":"#90540afe-b4c9-b966-e204-b494d6c0b7c3","tintindex":0},"east":{"uv":[5.5,3.25,6.5,4.5],"rotation":0,"texture":"#90540afe-b4c9-b966-e204-b494d6c0b7c3","tintindex":0},"north":{"uv":[6.5,3.25,8.0,4.5],"rotation":0,"texture":"#90540afe-b4c9-b966-e204-b494d6c0b7c3","tintindex":0},"south":{"uv":[9.0,3.25,10.5,4.5],"rotation":0,"texture":"#90540afe-b4c9-b966-e204-b494d6c0b7c3","tintindex":0},"up":{"uv":[8.0,3.25,6.5,2.25],"rotation":0,"texture":"#90540afe-b4c9-b966-e204-b494d6c0b7c3","tintindex":0},"west":{"uv":[8.0,3.25,9.0,4.5],"rotation":0,"texture":"#90540afe-b4c9-b966-e204-b494d6c0b7c3","tintindex":0}}},{"name":"body","from":[8.0720005,8.466875,-3.336495],"to":[8.0720005,13.614875,10.998707],"rotation":{"angle":0.0,"axis":"x","origin":[8.0,9.825393,4.847639]},"faces":{"down":{"uv":[4.5,0.0,4.5,4.5],"rotation":0,"texture":"#90540afe-b4c9-b966-e204-b494d6c0b7c3","tintindex":0},"east":{"uv":[0.0,4.5,4.5,6.0],"rotation":0,"texture":"#90540afe-b4c9-b966-e204-b494d6c0b7c3","tintindex":0},"north":{"uv":[4.5,4.5,4.5,6.0],"rotation":0,"texture":"#90540afe-b4c9-b966-e204-b494d6c0b7c3","tintindex":0},"south":{"uv":[9.0,4.5,9.0,6.0],"rotation":0,"texture":"#90540afe-b4c9-b966-e204-b494d6c0b7c3","tintindex":0},"up":{"uv":[4.5,4.5,4.5,0.0],"rotation":0,"texture":"#90540afe-b4c9-b966-e204-b494d6c0b7c3","tintindex":0},"west":{"uv":[4.5,4.5,9.0,6.0],"rotation":0,"texture":"#90540afe-b4c9-b966-e204-b494d6c0b7c3","tintindex":0}}},{"name":"body","from":[7.5176,8.177005,-1.3156166],"to":[8.468,11.1866045,-0.7612164],"rotation":{"angle":22.5,"axis":"x","origin":[8.0,9.825393,4.847639]},"faces":{"down":{"uv":[0.75,6.0,1.0,6.0],"rotation":0,"texture":"#90540afe-b4c9-b966-e204-b494d6c0b7c3","tintindex":0},"east":{"uv":[0.5,6.0,0.5,6.75],"rotation":0,"texture":"#90540afe-b4c9-b966-e204-b494d6c0b7c3","tintindex":0},"north":{"uv":[0.5,6.0,0.75,6.75],"rotation":0,"texture":"#90540afe-b4c9-b966-e204-b494d6c0b7c3","tintindex":0},"south":{"uv":[0.75,6.0,1.0,6.75],"rotation":0,"texture":"#90540afe-b4c9-b966-e204-b494d6c0b7c3","tintindex":0},"up":{"uv":[0.75,6.0,0.5,6.0],"rotation":0,"texture":"#90540afe-b4c9-b966-e204-b494d6c0b7c3","tintindex":0},"west":{"uv":[0.75,6.0,0.75,6.75],"rotation":0,"texture":"#90540afe-b4c9-b966-e204-b494d6c0b7c3","tintindex":0}}},{"name":"body","from":[7.5176,9.744802,0.606745],"to":[8.468,12.754402,1.161145],"rotation":{"angle":22.5,"axis":"x","origin":[8.0,9.825393,4.847639]},"faces":{"down":{"uv":[0.25,6.0,0.5,6.0],"rotation":0,"texture":"#90540afe-b4c9-b966-e204-b494d6c0b7c3","tintindex":0},"east":{"uv":[0.0,6.0,0.0,6.75],"rotation":0,"texture":"#90540afe-b4c9-b966-e204-b494d6c0b7c3","tintindex":0},"north":{"uv":[0.0,6.0,0.25,6.75],"rotation":0,"texture":"#90540afe-b4c9-b966-e204-b494d6c0b7c3","tintindex":0},"south":{"uv":[0.25,6.0,0.5,6.75],"rotation":0,"texture":"#90540afe-b4c9-b966-e204-b494d6c0b7c3","tintindex":0},"up":{"uv":[0.25,6.0,0.0,6.0],"rotation":0,"texture":"#90540afe-b4c9-b966-e204-b494d6c0b7c3","tintindex":0},"west":{"uv":[0.25,6.0,0.25,6.75],"rotation":0,"texture":"#90540afe-b4c9-b966-e204-b494d6c0b7c3","tintindex":0}}},{"name":"body","from":[7.5176,9.957854,3.6046126],"to":[8.468,12.967455,4.1590123],"rotation":{"angle":22.5,"axis":"x","origin":[8.0,9.825393,4.847639]},"faces":{"down":{"uv":[0.25,6.0,0.5,6.0],"rotation":0,"texture":"#90540afe-b4c9-b966-e204-b494d6c0b7c3","tintindex":0},"east":{"uv":[0.0,6.0,0.0,6.75],"rotation":0,"texture":"#90540afe-b4c9-b966-e204-b494d6c0b7c3","tintindex":0},"north":{"uv":[0.0,6.0,0.25,6.75],"rotation":0,"texture":"#90540afe-b4c9-b966-e204-b494d6c0b7c3","tintindex":0},"south":{"uv":[0.25,6.0,0.5,6.75],"rotation":0,"texture":"#90540afe-b4c9-b966-e204-b494d6c0b7c3","tintindex":0},"up":{"uv":[0.25,6.0,0.0,6.0],"rotation":0,"texture":"#90540afe-b4c9-b966-e204-b494d6c0b7c3","tintindex":0},"west":{"uv":[0.25,6.0,0.25,6.75],"rotation":0,"texture":"#90540afe-b4c9-b966-e204-b494d6c0b7c3","tintindex":0}}},{"name":"body","from":[7.5176,9.355621,6.0829277],"to":[8.468,12.365221,6.637327],"rotation":{"angle":22.5,"axis":"x","origin":[8.0,9.825393,4.847639]},"faces":{"down":{"uv":[5.0,3.25,5.25,3.25],"rotation":0,"texture":"#90540afe-b4c9-b966-e204-b494d6c0b7c3","tintindex":0},"east":{"uv":[4.75,3.25,4.75,4.0],"rotation":0,"texture":"#90540afe-b4c9-b966-e204-b494d6c0b7c3","tintindex":0},"north":{"uv":[4.75,3.25,5.0,4.0],"rotation":0,"texture":"#90540afe-b4c9-b966-e204-b494d6c0b7c3","tintindex":0},"south":{"uv":[5.0,3.25,5.25,4.0],"rotation":0,"texture":"#90540afe-b4c9-b966-e204-b494d6c0b7c3","tintindex":0},"up":{"uv":[5.0,3.25,4.75,3.25],"rotation":0,"texture":"#90540afe-b4c9-b966-e204-b494d6c0b7c3","tintindex":0},"west":{"uv":[5.0,3.25,5.0,4.0],"rotation":0,"texture":"#90540afe-b4c9-b966-e204-b494d6c0b7c3","tintindex":0}}},{"name":"body","from":[7.5176,9.793388,9.416343],"to":[8.468,12.802987,9.970743],"rotation":{"angle":22.5,"axis":"x","origin":[8.0,9.825393,4.847639]},"faces":{"down":{"uv":[5.0,3.25,5.25,3.25],"rotation":0,"texture":"#90540afe-b4c9-b966-e204-b494d6c0b7c3","tintindex":0},"east":{"uv":[4.75,3.25,4.75,4.0],"rotation":0,"texture":"#90540afe-b4c9-b966-e204-b494d6c0b7c3","tintindex":0},"north":{"uv":[4.75,3.25,5.0,4.0],"rotation":0,"texture":"#90540afe-b4c9-b966-e204-b494d6c0b7c3","tintindex":0},"south":{"uv":[5.0,3.25,5.25,4.0],"rotation":0,"texture":"#90540afe-b4c9-b966-e204-b494d6c0b7c3","tintindex":0},"up":{"uv":[5.0,3.25,4.75,3.25],"rotation":0,"texture":"#90540afe-b4c9-b966-e204-b494d6c0b7c3","tintindex":0},"west":{"uv":[5.0,3.25,5.0,4.0],"rotation":0,"texture":"#90540afe-b4c9-b966-e204-b494d6c0b7c3","tintindex":0}}},{"name":"body","from":[5.5772,5.932475,7.5139065],"to":[10.4084,9.892475,9.177106],"rotation":{"angle":0.0,"axis":"x","origin":[8.0,9.825393,4.847639]},"faces":{"down":{"uv":[8.5,0.0,10.0,0.5],"rotation":0,"texture":"#90540afe-b4c9-b966-e204-b494d6c0b7c3","tintindex":0},"east":{"uv":[6.5,0.5,7.0,1.75],"rotation":0,"texture":"#90540afe-b4c9-b966-e204-b494d6c0b7c3","tintindex":0},"north":{"uv":[7.0,0.5,8.5,1.75],"rotation":0,"texture":"#90540afe-b4c9-b966-e204-b494d6c0b7c3","tintindex":0},"south":{"uv":[9.0,0.5,10.5,1.75],"rotation":0,"texture":"#90540afe-b4c9-b966-e204-b494d6c0b7c3","tintindex":0},"up":{"uv":[8.5,0.5,7.0,0.0],"rotation":0,"texture":"#90540afe-b4c9-b966-e204-b494d6c0b7c3","tintindex":0},"west":{"uv":[8.5,0.5,9.0,1.75],"rotation":0,"texture":"#90540afe-b4c9-b966-e204-b494d6c0b7c3","tintindex":0}}},{"name":"body","from":[5.8148,6.2492747,9.177106],"to":[10.1708,9.734076,10.919506],"rotation":{"angle":0.0,"axis":"x","origin":[8.0,9.825393,4.847639]},"faces":{"down":{"uv":[10.75,4.5,12.0,5.0],"rotation":0,"texture":"#90540afe-b4c9-b966-e204-b494d6c0b7c3","tintindex":0},"east":{"uv":[9.0,5.0,9.5,6.0],"rotation":0,"texture":"#90540afe-b4c9-b966-e204-b494d6c0b7c3","tintindex":0},"north":{"uv":[9.5,5.0,10.75,6.0],"rotation":0,"texture":"#90540afe-b4c9-b966-e204-b494d6c0b7c3","tintindex":0},"south":{"uv":[11.25,5.0,12.5,6.0],"rotation":0,"texture":"#90540afe-b4c9-b966-e204-b494d6c0b7c3","tintindex":0},"up":{"uv":[10.75,5.0,9.5,4.5],"rotation":0,"texture":"#90540afe-b4c9-b966-e204-b494d6c0b7c3","tintindex":0},"west":{"uv":[10.75,5.0,11.25,6.0],"rotation":0,"texture":"#90540afe-b4c9-b966-e204-b494d6c0b7c3","tintindex":0}}},{"name":"body","from":[4.8644,5.3780746,0.14830613],"to":[11.121201,11.318075,5.137906],"rotation":{"angle":0.0,"axis":"x","origin":[8.0,9.825393,4.847639]},"faces":{"down":{"uv":[3.25,0.0,5.0,1.5],"rotation":0,"texture":"#90540afe-b4c9-b966-e204-b494d6c0b7c3","tintindex":0},"east":{"uv":[0.0,1.5,1.5,3.25],"rotation":0,"texture":"#90540afe-b4c9-b966-e204-b494d6c0b7c3","tintindex":0},