{"file_name":"head","texture_size":[64,64],"textures":{"90540afe-b4c9-b966-e204-b494d6c0b7c3":"modelengine:entity/arcticwolf"},"elements":[{"name":"head","from":[5.570956,4.6770344,6.3488045],"to":[10.399653,8.805921,8.028351],"rotation":{"angle":-22.5,"axis":"x","origin":[8.0,7.839137,5.89822]},"faces":{"down":{"uv":[8.0,8.5,9.5,9.0],"rotation":0,"texture":"#90540afe-b4c9-b966-e204-b494d6c0b7c3","tintindex":0},"east":{"uv":[6.0,9.0,6.5,10.25],"rotation":0,"texture":"#90540afe-b4c9-b966-e204-b494d6c0b7c3","tintindex":0},"north":{"uv":[6.5,9.0,8.0,10.25],"rotation":0,"texture":"#90540afe-b4c9-b966-e204-b494d6c0b7c3","tintindex":0},"south":{"uv":[8.5,9.0,10.0,10.25],"rotation":0,"texture":"#90540afe-b4c9-b966-e204-b494d6c0b7c3","tintindex":0},"up":{"uv":[8.0,9.0,6.5,8.5],"rotation":0,"texture":"#90540afe-b4c9-b966-e204-b494d6c0b7c3","tintindex":0},"west":{"uv":[8.0,9.0,8.5,10.25],"rotation":0,"texture":"#90540afe-b4c9-b966-e204-b494d6c0b7c3","tintindex":0}}},{"name":"head","from":[5.9208612,3.9092479,7.5130053],"to":[10.049747,7.5482664,9.472477],"rotation":{"angle":-22.5,"axis":"x","origin":[8.0,7.839137,5.89822]},"faces":{"down":{"uv":[11.25,1.75,12.5,2.25],"rotation":0,"texture":"#90540afe-b4c9-b966-e204-b494d6c0b7c3","tintindex":0},"east":{"uv":[9.5,2.25,10.0,3.25],"rotation":0,"texture":"#90540afe-b4c9-b966-e204-b494d6c0b7c3","tintindex":0},"north":{"uv":[10.0,2.25,11.25,3.25],"rotation":0,"texture":"#90540afe-b4c9-b966-e204-b494d6c0b7c3","tintindex":0},"south":{"uv":[11.75,2.25,13.0,3.25],"rotation":0,"texture":"#90540afe-b4c9-b966-e204-b494d6c0b7c3","tintindex":0},"up":{"uv":[11.25,2.25,10.0,1.75],"rotation":0,"texture":"#90540afe-b4c9-b966-e204-b494d6c0b7c3","tintindex":0},"west":{"uv":[11.25,2.25,11.75,3.25],"rotation":0,"texture":"#90540afe-b4c9-b966-e204-b494d6c0b7c3","tintindex":0}}},{"name":"head","from":[6.0608234,5.395251,3.5214238],"to":[9.909786,9.10425,6.7405553],"rotation":{"angle":-22.5,"axis":"x","origin":[8.0,7.839137,5.89822]},"faces":{"down":{"uv":[8.5,6.5,9.5,7.5],"rotation":0,"texture":"#90540afe-b4c9-b966-e204-b494d6c0b7c3","tintindex":0},"east":{"uv":[6.5,7.5,7.5,8.5],"rotation":0,"texture":"#90540afe-b4c9-b966-e204-b494d6c0b7c3","tintindex":0},"north":{"uv":[7.5,7.5,8.5,8.5],"rotation":0,"texture":"#90540afe-b4c9-b966-e204-b494d6c0b7c3","tintindex":0},"south":{"uv":[9.5,7.5,10.5,8.5],"rotation":0,"texture":"#90540afe-b4c9-b966-e204-b494d6c0b7c3","tintindex":0},"up":{"uv":[8.5,7.5,7.5,6.5],"rotation":0,"texture":"#90540afe-b4c9-b966-e204-b494d6c0b7c3","tintindex":0},"west":{"uv":[8.5,7.5,9.5,8.5],"rotation":0,"texture":"#90540afe-b4c9-b966-e204-b494d6c0b7c3","tintindex":0}}},{"name":"head","from":[6.56452,6.198406,1.311336],"to":[9.40609,7.807972,3.6906943],"rotation":{"angle":-22.5,"axis":"x","origin":[8.0,7.839137,5.89822]},"faces":{"down":{"uv":[10.75,9.5,11.5,10.25],"rotation":0,"texture":"#90540afe-b4c9-b966-e204-b494d6c0b7c3","tintindex":0},"east":{"uv":[9.25,10.25,10.0,10.75],"rotation":0,"texture":"#90540afe-b4c9-b966-e204-b494d6c0b7c3","tintindex":0},"north":{"uv":[10.0,10.25,10.75,10.75],"rotation":0,"texture":"#90540afe-b4c9-b966-e204-b494d6c0b7c3","tintindex":0},"south":{"uv":[11.5,10.25,12.25,10.75],"rotation":0,"texture":"#90540afe-b4c9-b966-e204-b494d6c0b7c3","tintindex":0},"up":{"uv":[10.75,10.25,10.0,9.5],"rotation":0,"texture":"#90540afe-b4c9-b966-e204-b494d6c0b7c3","tintindex":0},"west":{"uv":[10.75,10.25,11.5,10.75],"rotation":0,"texture":"#90540afe-b4c9-b966-e204-b494d6c0b7c3","tintindex":0}}},{"name":"head","from":[5.7932167,8.080904,5.0210347],"to":[6.041667,10.409951,6.0594416],"rotation":{"angle":0.0,"axis":"x","origin":[8.0,7.839137,5.89822]},"faces":{"down":{"uv":[3.5,3.0,3.5,3.25],"rotation":0,"texture":"#90540afe-b4c9-b966-e204-b494d6c0b7c3","tintindex":0},"east":{"uv":[3.25,3.25,3.5,4.0],"rotation":0,"texture":"#90540afe-b4c9-b966-e204-b494d6c0b7c3","tintindex":0},"north":{"uv":[3.375,3.25,3.5,4.0],"rotation":0,"texture":"#90540afe-b4c9-b966-e204-b494d6c0b7c3","tintindex":0},"south":{"uv":[3.375,3.25,3.5,4.0],"rotation":0,"texture":"#90540afe-b4c9-b966-e204-b494d6c0b7c3","tintindex":0},"up":{"uv":[3.5,3.25,3.5,3.0],"rotation":0,"texture":"#90540afe-b4c9-b966-e204-b494d6c0b7c3","tintindex":0},"west":{"uv":[3.5,3.25,3.75,4.0],"rotation":0,"texture":"#90540afe-b4c9-b966-e204-b494d6c0b7c3","tintindex":0}}},{"name":"head","from":[9.969161,8.322217,5.098378],"to":[10.242361,10.409951,6.1367855],"rotation":{"angle":0.0,"axis":"x","origin":[8.0,7.839137,5.89822]},"faces":{"down":{"uv":[0.25,3.0,0.25,3.25],"rotation":0,"texture":"#90540afe-b4c9-b966-e204-b494d6c0b7c3","tintindex":0},"east":{"uv":[0.0,3.25,0.25,4.0],"rotation":0,"texture":"#90540afe-b4c9-b966-e204-b494d6c0b7c3","tintindex":0},"north":{"uv":[3.375,3.25,3.5,4.0],"rotation":0,"texture":"#90540afe-b4c9-b966-e204-b494d6c0b7c3","tintindex":0},"south":{"uv":[3.375,3.25,3.5,4.0],"rotation":0,"texture":"#90540afe-b4c9-b966-e204-b494d6c0b7c3","tintindex":0},"up":{"uv":[0.25,3.25,0.25,3.0],"rotation":0,"texture":"#90540afe-b4c9-b966-e204-b494d6c0b7c3","tintindex":0},"west":{"uv":[0.25,3.25,0.5,4.0],"rotation":0,"texture":"#90540afe-b4c9-b966-e204-b494d6c0b7c3","tintindex":0}}},{"name":"head","from":[9.94441,7.910748,4.7815785],"to":[10.321562,9.2219515,6.2159853],"rotation":{"angle":0.0,"axis":"x","origin":[8.0,7.839137,5.89822]},"faces":{"down":{"uv":[0.875,0.25,0.75,0.5],"rotation":0,"texture":"#90540afe-b4c9-b966-e204-b494d6c0b7c3","tintindex":0},"east":{"uv":[0.0,0.75,0.25,1.0],"rotation":0,"texture":"#90540afe-b4c9-b966-e204-b494d6c0b7c3","tintindex":0},"north":{"uv":[0.75,0.25,0.875,0.5],"rotation":0,"texture":"#90540afe-b4c9-b966-e204-b494d6c0b7c3","tintindex":0},"south":{"uv":[0.75,0.25,0.875,0.5],"rotation":0,"texture":"#90540afe-b4c9-b966-e204-b494d6c0b7c3","tintindex":0},"up":{"uv":[3.375,3.25,3.5,4.0],"rotation":0,"texture":"#90540afe-b4c9-b966-e204-b494d6c0b7c3","tintindex":0},"west":{"uv":[0.25,0.75,0.5,1.0],"rotation":0,"texture":"#90540afe-b4c9-b966-e204-b494d6c0b7c3","tintindex":0}}},{"name":"head","from":[5.714017,7.910748,4.7042346],"to":[6.0911674,9.2219515,6.138642],"rotation":{"angle":0.0,"axis":"x","origin":[8.0,7.839137,5.89822]},"faces":{"down":{"uv":[0.875,0.25,0.75,0.5],"rotation":0,"texture":"#90540afe-b4c9-b966-e204-b494d6c0b7c3","tintindex":0},"east":{"uv":[0.0,0.25,0.25,0.5],"rotation":0,"texture":"#90540afe-b4c9-b966-e204-b494d6c0b7c3","tintindex":0},"north":{"uv":[0.75,0.25,0.875,0.5],"rotation":0,"texture":"#90540afe-b4c9-b966-e204-b494d6c0b7c3","tintindex":0},"south":{"uv":[0.75,0.25,0.875,0.5],"rotation":0,"texture":"#90540afe-b4c9-b966-e204-b494d6c0b7c3","tintindex":0},"up":{"uv":[3.375,3.25,3.5,4.0],"rotation":0,"texture":"#90540afe-b4c9-b966-e204-b494d6c0b7c3","tintindex":0},"west":{"uv":[0.25,0.25,0.5,0.5],"rotation":0,"texture":"#90540afe-b4c9-b966-e204-b494d6c0b7c3","tintindex":0}}}],"display":{"head":{"translation":[0.0,-6.4,0.0],"rotation":[0.0,0.0,0.0],"scale":[3.8095,3.8095,3.8095]},"gui":{"translation":[0.0,0.0,0.0],"rotation":[35.0,225.0,0.0],"scale":[0.625,0.625,0.625]}}}