{"file_name":"rightfoot","texture_size":[64,64],"textures":{"90540afe-b4c9-b966-e204-b494d6c0b7c3":"modelengine:entity/arcticwolf"},"elements":[{"name":"rightfoot","from":[7.3268003,6.97055,6.65375],"to":[8.6732,8.31695,8.63375],"rotation":{"angle":0.0,"axis":"x","origin":[8.0,7.64375,7.64375]},"faces":{"down":{"uv":[0.75,0.0,1.0,0.5],"rotation":0,"texture":"#90540afe-b4c9-b966-e204-b494d6c0b7c3","tintindex":0},"east":{"uv":[0.0,0.5,0.5,0.75],"rotation":0,"texture":"#90540afe-b4c9-b966-e204-b494d6c0b7c3","tintindex":0},"north":{"uv":[0.5,0.5,0.75,0.75],"rotation":0,"texture":"#90540afe-b4c9-b966-e204-b494d6c0b7c3","tintindex":0},"south":{"uv":[1.25,0.5,1.5,0.75],"rotation":0,"texture":"#90540afe-b4c9-b966-e204-b494d6c0b7c3","tintindex":0},"up":{"uv":[0.75,0.5,0.5,0.0],"rotation":0,"texture":"#90540afe-b4c9-b966-e204-b494d6c0b7c3","tintindex":0},"west":{"uv":[0.75,0.5,1.25,0.75],"rotation":0,"texture":"#90540afe-b4c9-b966-e204-b494d6c0b7c3","tintindex":0}}}],"display":{"head":{"translation":[0.0,-6.4,0.0],"rotation":[0.0,0.0,0.0],"scale":[3.8095,3.8095,3.8095]},"gui":{"translation":[0.0,0.0,0.0],"rotation":[35.0,225.0,0.0],"scale":[0.625,0.625,0.625]}}}