{"file_name":"righthand","texture_size":[64,64],"textures":{"90540afe-b4c9-b966-e204-b494d6c0b7c3":"modelengine:entity/arcticwolf"},"elements":[{"name":"righthand","from":[7.0495996,7.220844,5.8403187],"to":[8.950399,8.408844,8.533118],"rotation":{"angle":0.0,"axis":"x","origin":[8.0,7.8148437,7.186719]},"faces":{"down":{"uv":[11.0,7.75,11.5,8.5],"rotation":0,"texture":"#90540afe-b4c9-b966-e204-b494d6c0b7c3","tintindex":0},"east":{"uv":[9.75,8.5,10.5,8.75],"rotation":0,"texture":"#90540afe-b4c9-b966-e204-b494d6c0b7c3","tintindex":0},"north":{"uv":[10.5,8.5,11.0,8.75],"rotation":0,"texture":"#90540afe-b4c9-b966-e204-b494d6c0b7c3","tintindex":0},"south":{"uv":[11.75,8.5,12.25,8.75],"rotation":0,"texture":"#90540afe-b4c9-b966-e204-b494d6c0b7c3","tintindex":0},"up":{"uv":[11.0,8.5,10.5,7.75],"rotation":0,"texture":"#90540afe-b4c9-b966-e204-b494d6c0b7c3","tintindex":0},"west":{"uv":[11.0,8.5,11.75,8.75],"rotation":0,"texture":"#90540afe-b4c9-b966-e204-b494d6c0b7c3","tintindex":0}}}],"display":{"head":{"translation":[0.0,-6.4,0.0],"rotation":[0.0,0.0,0.0],"scale":[3.8095,3.8095,3.8095]},"gui":{"translation":[0.0,0.0,0.0],"rotation":[35.0,225.0,0.0],"scale":[0.625,0.625,0.625]}}}