{"file_name":"tail","texture_size":[64,64],"textures":{"90540afe-b4c9-b966-e204-b494d6c0b7c3":"modelengine:entity/arcticwolf"},"elements":[{"name":"tail","from":[7.33554,5.8936067,7.248693],"to":[8.68194,7.556807,10.654293],"rotation":{"angle":22.5,"axis":"x","origin":[8.0,7.1022816,11.343539]},"faces":{"down":{"uv":[6.25,6.0,6.5,7.0],"rotation":0,"texture":"#90540afe-b4c9-b966-e204-b494d6c0b7c3","tintindex":0},"east":{"uv":[5.0,7.0,6.0,7.5],"rotation":0,"texture":"#90540afe-b4c9-b966-e204-b494d6c0b7c3","tintindex":0},"north":{"uv":[6.0,7.0,6.25,7.5],"rotation":0,"texture":"#90540afe-b4c9-b966-e204-b494d6c0b7c3","tintindex":0},"south":{"uv":[7.25,7.0,7.5,7.5],"rotation":0,"texture":"#90540afe-b4c9-b966-e204-b494d6c0b7c3","tintindex":0},"up":{"uv":[6.25,7.0,6.0,6.0],"rotation":0,"texture":"#90540afe-b4c9-b966-e204-b494d6c0b7c3","tintindex":0},"west":{"uv":[6.25,7.0,7.25,7.5],"rotation":0,"texture":"#90540afe-b4c9-b966-e204-b494d6c0b7c3","tintindex":0}}},{"name":"tail","from":[7.13754,5.68908,9.896477],"to":[8.87994,7.7482805,11.559677],"rotation":{"angle":22.5,"axis":"x","origin":[8.0,7.1022816,11.343539]},"faces":{"down":{"uv":[3.0,9.0,3.5,9.5],"rotation":0,"texture":"#90540afe-b4c9-b966-e204-b494d6c0b7c3","tintindex":0},"east":{"uv":[2.0,9.5,2.5,10.0],"rotation":0,"texture":"#90540afe-b4c9-b966-e204-b494d6c0b7c3","tintindex":0},"north":{"uv":[2.5,9.5,3.0,10.0],"rotation":0,"texture":"#90540afe-b4c9-b966-e204-b494d6c0b7c3","tintindex":0},"south":{"uv":[3.5,9.5,4.0,10.0],"rotation":0,"texture":"#90540afe-b4c9-b966-e204-b494d6c0b7c3","tintindex":0},"up":{"uv":[3.0,9.5,2.5,9.0],"rotation":0,"texture":"#90540afe-b4c9-b966-e204-b494d6c0b7c3","tintindex":0},"west":{"uv":[3.0,9.5,3.5,10.0],"rotation":0,"texture":"#90540afe-b4c9-b966-e204-b494d6c0b7c3","tintindex":0}}},{"name":"tail","from":[6.78114,5.7981777,10.972317],"to":[9.23634,7.936578,13.665116],"rotation":{"angle":0.0,"axis":"x","origin":[8.0,7.1022816,11.343539]},"faces":{"down":{"uv":[1.5,3.25,2.25,4.0],"rotation":0,"texture":"#90540afe-b4c9-b966-e204-b494d6c0b7c3","tintindex":0},"east":{"uv":[0.0,4.0,0.75,4.5],"rotation":0,"texture":"#90540afe-b4c9-b966-e204-b494d6c0b7c3","tintindex":0},"north":{"uv":[0.75,4.0,1.5,4.5],"rotation":0,"texture":"#90540afe-b4c9-b966-e204-b494d6c0b7c3","tintindex":0},"south":{"uv":[2.25,4.0,3.0,4.5],"rotation":0,"texture":"#90540afe-b4c9-b966-e204-b494d6c0b7c3","tintindex":0},"up":{"uv":[1.5,4.0,0.75,3.25],"rotation":0,"texture":"#90540afe-b4c9-b966-e204-b494d6c0b7c3","tintindex":0},"west":{"uv":[1.5,4.0,2.25,4.5],"rotation":0,"texture":"#90540afe-b4c9-b966-e204-b494d6c0b7c3","tintindex":0}}},{"name":"tail","from":[6.7687645,5.5797596,12.091635],"to":[9.178797,8.198309,14.784435],"rotation":{"angle":0.0,"axis":"x","origin":[8.0,7.1022816,11.343539]},"faces":{"down":{"uv":[4.25,3.25,4.75,4.0],"rotation":0,"texture":"#90540afe-b4c9-b966-e204-b494d6c0b7c3","tintindex":0},"east":{"uv":[3.0,4.0,3.75,4.25],"rotation":0,"texture":"#90540afe-b4c9-b966-e204-b494d6c0b7c3","tintindex":0},"north":{"uv":[3.75,4.0,4.25,4.25],"rotation":0,"texture":"#90540afe-b4c9-b966-e204-b494d6c0b7c3","tintindex":0},"south":{"uv":[5.0,4.0,5.5,4.25],"rotation":0,"texture":"#90540afe-b4c9-b966-e204-b494d6c0b7c3","tintindex":0},"up":{"uv":[4.25,4.0,3.75,3.25],"rotation":0,"texture":"#90540afe-b4c9-b966-e204-b494d6c0b7c3","tintindex":0},"west":{"uv":[4.25,4.0,5.0,4.25],"rotation":0,"texture":"#90540afe-b4c9-b966-e204-b494d6c0b7c3","tintindex":0}}}],"display":{"head":{"translation":[0.0,-6.4,0.0],"rotation":[0.0,0.0,0.0],"scale":[3.8095,3.8095,3.8095]},"gui":{"translation":[0.0,0.0,0.0],"rotation":[35.0,225.0,0.0],"scale":[0.625,0.625,0.625]}}}