{"file_name":"tail","texture_size":[64,64],"textures":{"90540afe-b4c9-b966-e204-b494d6c0b7c3":"modelengine:entity/arcticwolf"},"elements":[{"name":"tail","from":[7.4900002,7.22,6.2],"to":[8.51,8.48,8.78],"rotation":{"angle":22.5,"axis":"x","origin":[13.85,11.12,9.2]},"faces":{"down":{"uv":[6.25,6.0,6.5,7.0],"rotation":0,"texture":"#90540afe-b4c9-b966-e204-b494d6c0b7c3","tintindex":0},"east":{"uv":[5.0,7.0,6.0,7.5],"rotation":0,"texture":"#90540afe-b4c9-b966-e204-b494d6c0b7c3","tintindex":0},"north":{"uv":[6.0,7.0,6.25,7.5],"rotation":0,"texture":"#90540afe-b4c9-b966-e204-b494d6c0b7c3","tintindex":0},"south":{"uv":[7.25,7.0,7.5,7.5],"rotation":0,"texture":"#90540afe-b4c9-b966-e204-b494d6c0b7c3","tintindex":0},"up":{"uv":[6.25,7.0,6.0,6.0],"rotation":0,"texture":"#90540afe-b4c9-b966-e204-b494d6c0b7c3","tintindex":0},"west":{"uv":[6.25,7.0,7.25,7.5],"rotation":0,"texture":"#90540afe-b4c9-b966-e204-b494d6c0b7c3","tintindex":0}}},{"name":"tail","from":[7.34,10.0554695,5.494531],"to":[8.66,11.615469,6.7545314],"rotation":{"angle":0.0,"axis":"x","origin":[3.1999998,3.1999998,-2.8600006]},"faces":{"down":{"uv":[3.0,9.0,3.5,9.5],"rotation":0,"texture":"#90540afe-b4c9-b966-e204-b494d6c0b7c3","tintindex":0},"east":{"uv":[2.0,9.5,2.5,10.0],"rotation":0,"texture":"#90540afe-b4c9-b966-e204-b494d6c0b7c3","tintindex":0},"north":{"uv":[2.5,9.5,3.0,10.0],"rotation":0,"texture":"#90540afe-b4c9-b966-e204-b494d6c0b7c3","tintindex":0},"south":{"uv":[3.5,9.5,4.0,10.0],"rotation":0,"texture":"#90540afe-b4c9-b966-e204-b494d6c0b7c3","tintindex":0},"up":{"uv":[3.0,9.5,2.5,9.0],"rotation":0,"texture":"#90540afe-b4c9-b966-e204-b494d6c0b7c3","tintindex":0},"west":{"uv":[3.0,9.5,3.5,10.0],"rotation":0,"texture":"#90540afe-b4c9-b966-e204-b494d6c0b7c3","tintindex":0}}},{"name":"tail","from":[7.0699997,7.335781,7.8710938],"to":[8.93,8.955782,9.911094],"rotation":{"angle":0.0,"axis":"x","origin":[3.1999998,3.1999998,-2.8600006]},"faces":{"down":{"uv":[1.5,3.25,2.25,4.0],"rotation":0,"texture":"#90540afe-b4c9-b966-e204-b494d6c0b7c3","tintindex":0},"east":{"uv":[0.0,4.0,0.75,4.5],"rotation":0,"texture":"#90540afe-b4c9-b966-e204-b494d6c0b7c3","tintindex":0},"north":{"uv":[0.75,4.0,1.5,4.5],"rotation":0,"texture":"#90540afe-b4c9-b966-e204-b494d6c0b7c3","tintindex":0},"south":{"uv":[2.25,4.0,3.0,4.5],"rotation":0,"texture":"#90540afe-b4c9-b966-e204-b494d6c0b7c3","tintindex":0},"up":{"uv":[1.5,4.0,0.75,3.25],"rotation":0,"texture":"#90540afe-b4c9-b966-e204-b494d6c0b7c3","tintindex":0},"west":{"uv":[1.5,4.0,2.25,4.5],"rotation":0,"texture":"#90540afe-b4c9-b966-e204-b494d6c0b7c3","tintindex":0}}},{"name":"tail","from":[7.060625,7.1703124,8.719062],"to":[8.886406,9.154062,10.759062],"rotation":{"angle":0.0,"axis":"x","origin":[3.1999998,3.1999998,-2.8600006]},"faces":{"down":{"uv":[4.25,3.25,4.75,4.0],"rotation":0,"texture":"#90540afe-b4c9-b966-e204-b494d6c0b7c3","tintindex":0},"east":{"uv":[3.0,4.0,3.75,4.25],"rotation":0,"texture":"#90540afe-b4c9-b966-e204-b494d6c0b7c3","tintindex":0},"north":{"uv":[3.75,4.0,4.25,4.25],"rotation":0,"texture":"#90540afe-b4c9-b966-e204-b494d6c0b7c3","tintindex":0},"south":{"uv":[5.0,4.0,5.5,4.25],"rotation":0,"texture":"#90540afe-b4c9-b966-e204-b494d6c0b7c3","tintindex":0},"up":{"uv":[4.25,4.0,3.75,3.25],"rotation":0,"texture":"#90540afe-b4c9-b966-e204-b494d6c0b7c3","tintindex":0},"west":{"uv":[4.25,4.0,5.0,4.25],"rotation":0,"texture":"#90540afe-b4c9-b966-e204-b494d6c0b7c3","tintindex":0}}}],"display":{"head":{"translation":[0.0,-6.4,0.0],"rotation":[0.0,0.0,0.0],"scale":[3.8095,3.8095,3.8095]},"gui":{"translation":[0.0,0.0,0.0],"rotation":[35.0,225.0,0.0],"scale":[0.625,0.625,0.625]}}}