{"file_name":"body","texture_size":[64,64],"textures":{"8a851235-2157-7866-9f4b-00cda00132c9":"modelengine:entity/frog"},"elements":[{"name":"body","from":[6.5891924,7.1110554,6.517567],"to":[9.382477,9.142535,10.072657],"rotation":{"angle":0.0,"axis":"x","origin":[7.989268,5.9683475,7.6098943]},"faces":{"down":{"uv":[1.0,1.0,1.625,1.875],"rotation":0,"texture":"#8a851235-2157-7866-9f4b-00cda00132c9","tintindex":0},"east":{"uv":[1.0,0.0,1.875,0.5],"rotation":0,"texture":"#8a851235-2157-7866-9f4b-00cda00132c9","tintindex":0},"north":{"uv":[2.75,1.5,3.375,2.0],"rotation":0,"texture":"#8a851235-2157-7866-9f4b-00cda00132c9","tintindex":0},"south":{"uv":[0.75,3.0,1.375,3.5],"rotation":0,"texture":"#8a851235-2157-7866-9f4b-00cda00132c9","tintindex":0},"up":{"uv":[0.625,0.875,0.0,0.0],"rotation":0,"texture":"#8a851235-2157-7866-9f4b-00cda00132c9","tintindex":0},"west":{"uv":[1.875,0.0,1.0,0.5],"rotation":0,"texture":"#8a851235-2157-7866-9f4b-00cda00132c9","tintindex":0}}},{"name":"body","from":[6.8431273,7.36499,6.2636323],"to":[9.128542,8.8886,10.326592],"rotation":{"angle":0.0,"axis":"x","origin":[7.989268,5.9683475,7.6098943]},"faces":{"down":{"uv":[2.0,2.0,2.5,3.0],"rotation":0,"texture":"#8a851235-2157-7866-9f4b-00cda00132c9","tintindex":0},"east":{"uv":[0.75,2.25,1.75,2.625],"rotation":0,"texture":"#8a851235-2157-7866-9f4b-00cda00132c9","tintindex":0},"north":{"uv":[1.75,3.25,2.25,3.625],"rotation":0,"texture":"#8a851235-2157-7866-9f4b-00cda00132c9","tintindex":0},"south":{"uv":[3.25,0.75,3.75,1.125],"rotation":0,"texture":"#8a851235-2157-7866-9f4b-00cda00132c9","tintindex":0},"up":{"uv":[0.5,2.25,0.0,1.25],"rotation":0,"texture":"#8a851235-2157-7866-9f4b-00cda00132c9","tintindex":0},"west":{"uv":[2.25,0.0,3.25,0.375],"rotation":0,"texture":"#8a851235-2157-7866-9f4b-00cda00132c9","tintindex":0}}},{"name":"body","from":[7.097062,9.142535,6.7715025],"to":[9.128542,9.39647,9.818723],"rotation":{"angle":0.0,"axis":"x","origin":[7.989268,5.9683475,7.6098943]},"faces":{"down":{"uv":[2.75,2.75,3.25,3.5],"rotation":0,"texture":"#8a851235-2157-7866-9f4b-00cda00132c9","tintindex":0},"east":{"uv":[3.5,3.0,4.25,3.125],"rotation":0,"texture":"#8a851235-2157-7866-9f4b-00cda00132c9","tintindex":0},"north":{"uv":[4.5,1.25,5.0,1.375],"rotation":0,"texture":"#8a851235-2157-7866-9f4b-00cda00132c9","tintindex":0},"south":{"uv":[4.5,1.75,5.0,1.875],"rotation":0,"texture":"#8a851235-2157-7866-9f4b-00cda00132c9","tintindex":0},"up":{"uv":[0.5,3.25,0.0,2.5],"rotation":0,"texture":"#8a851235-2157-7866-9f4b-00cda00132c9","tintindex":0},"west":{"uv":[4.0,0.75,4.75,0.875],"rotation":0,"texture":"#8a851235-2157-7866-9f4b-00cda00132c9","tintindex":0}}},{"name":"body","from":[7.097062,7.618925,10.326592],"to":[8.874607,8.6346655,10.580527],"rotation":{"angle":0.0,"axis":"x","origin":[7.989268,5.9683475,7.6098943]},"faces":{"down":{"uv":[5.0,0.5,5.375,0.625],"rotation":0,"texture":"#8a851235-2157-7866-9f4b-00cda00132c9","tintindex":0},"east":{"uv":[5.75,0.0,5.875,0.25],"rotation":0,"texture":"#8a851235-2157-7866-9f4b-00cda00132c9","tintindex":0},"north":{"uv":[2.0,1.5,2.375,1.75],"rotation":0,"texture":"#8a851235-2157-7866-9f4b-00cda00132c9","tintindex":0},"south":{"uv":[2.75,2.25,3.125,2.5],"rotation":0,"texture":"#8a851235-2157-7866-9f4b-00cda00132c9","tintindex":0},"up":{"uv":[5.375,0.125,5.0,0.0],"rotation":0,"texture":"#8a851235-2157-7866-9f4b-00cda00132c9","tintindex":0},"west":{"uv":[5.75,0.5,5.875,0.75],"rotation":0,"texture":"#8a851235-2157-7866-9f4b-00cda00132c9","tintindex":0}}},{"name":"body","from":[6.335257,7.618925,6.517567],"to":[6.5891924,8.38073,7.7872424],"rotation":{"angle":0.0,"axis":"x","origin":[7.989268,5.9683475,7.6098943]},"faces":{"down":{"uv":[5.75,5.0,5.875,5.25],"rotation":0,"texture":"#8a851235-2157-7866-9f4b-00cda00132c9","tintindex":0},"east":{"uv":[5.75,1.0,6.0,1.125],"rotation":0,"texture":"#8a851235-2157-7866-9f4b-00cda00132c9","tintindex":0},"north":{"uv":[0.0,7.0,0.125,7.125],"rotation":0,"texture":"#8a851235-2157-7866-9f4b-00cda00132c9","tintindex":0},"south":{"uv":[0.5,7.0,0.625,7.125],"rotation":0,"texture":"#8a851235-2157-7866-9f4b-00cda00132c9","tintindex":0},"up":{"uv":[5.875,2.25,5.75,2.0],"rotation":0,"texture":"#8a851235-2157-7866-9f4b-00cda00132c9","tintindex":0},"west":{"uv":[0.25,6.0,0.0,6.125],"rotation":0,"texture":"#8a851235-2157-7866-9f4b-00cda00132c9","tintindex":0}}},{"name":"body","from":[9.382477,7.618925,6.2636323],"to":[9.636412,8.38073,7.5333076],"rotation":{"angle":0.0,"axis":"x","origin":[7.989268,5.9683475,7.6098943]},"faces":{"down":{"uv":[5.25,6.0,5.375,6.25],"rotation":0,"texture":"#8a851235-2157-7866-9f4b-00cda00132c9","tintindex":0},"east":{"uv":[0.0,6.0,0.25,6.125],"rotation":0,"texture":"#8a851235-2157-7866-9f4b-00cda00132c9","tintindex":0},"north":{"uv":[1.5,7.0,1.625,7.125],"rotation":0,"texture":"#8a851235-2157-7866-9f4b-00cda00132c9","tintindex":0},"south":{"uv":[2.0,7.0,2.125,7.125],"rotation":0,"texture":"#8a851235-2157-7866-9f4b-00cda00132c9","tintindex":0},"up":{"uv":[4.875,6.25,4.75,6.0],"rotation":0,"texture":"#8a851235-2157-7866-9f4b-00cda00132c9","tintindex":0},"west":{"uv":[0.5,6.0,0.75,6.125],"rotation":0,"texture":"#8a851235-2157-7866-9f4b-00cda00132c9","tintindex":0}}}],"display":{"head":{"translation":[0.0,-6.4,0.0],"rotation":[0.0,0.0,0.0],"scale":[3.8095,3.8095,3.8095]},"gui":{"translation":[0.0,0.0,0.0],"rotation":[35.0,225.0,0.0],"scale":[0.625,0.625,0.625]}}}