{"file_name":"head","texture_size":[64,64],"textures":{"8a851235-2157-7866-9f4b-00cda00132c9":"modelengine:entity/frog"},"elements":[{"name":"head","from":[7.3638983,7.996586,5.5651703],"to":[8.633574,8.504456,6.07304],"rotation":{"angle":22.5,"axis":"x","origin":[7.7448006,8.423948,7.7136836]},"faces":{"down":{"uv":[6.75,6.0,7.0,6.125],"rotation":0,"texture":"#8a851235-2157-7866-9f4b-00cda00132c9","tintindex":0},"east":{"uv":[2.5,8.25,2.625,8.375],"rotation":0,"texture":"#8a851235-2157-7866-9f4b-00cda00132c9","tintindex":0},"north":{"uv":[9.125,2.375,9.875,2.75],"rotation":0,"texture":"#8a851235-2157-7866-9f4b-00cda00132c9","tintindex":0},"south":{"uv":[6.75,5.0,7.0,5.125],"rotation":0,"texture":"#8a851235-2157-7866-9f4b-00cda00132c9","tintindex":0},"up":{"uv":[9.125,2.25,9.875,2.625],"rotation":0,"texture":"#8a851235-2157-7866-9f4b-00cda00132c9","tintindex":0},"west":{"uv":[3.0,8.25,3.125,8.375],"rotation":0,"texture":"#8a851235-2157-7866-9f4b-00cda00132c9","tintindex":0}}},{"name":"head","from":[7.1099634,7.7426505,5.819105],"to":[8.887508,8.75839,7.59665],"rotation":{"angle":22.5,"axis":"x","origin":[7.7448006,8.423948,7.7136836]},"faces":{"down":{"uv":[2.5,3.75,2.875,4.125],"rotation":0,"texture":"#8a851235-2157-7866-9f4b-00cda00132c9","tintindex":0},"east":{"uv":[0.0,4.25,0.25,4.75],"rotation":0,"texture":"#8a851235-2157-7866-9f4b-00cda00132c9","tintindex":0},"north":{"uv":[0.0,4.25,0.25,4.75],"rotation":0,"texture":"#8a851235-2157-7866-9f4b-00cda00132c9","tintindex":0},"south":{"uv":[4.0,4.25,4.375,4.5],"rotation":0,"texture":"#8a851235-2157-7866-9f4b-00cda00132c9","tintindex":0},"up":{"uv":[1.125,4.125,0.75,3.75],"rotation":0,"texture":"#8a851235-2157-7866-9f4b-00cda00132c9","tintindex":0},"west":{"uv":[0.0,4.25,0.25,4.75],"rotation":0,"texture":"#8a851235-2157-7866-9f4b-00cda00132c9","tintindex":0}}},{"name":"head","from":[7.3638983,7.4887156,6.07304],"to":[8.633574,9.012326,7.850585],"rotation":{"angle":22.5,"axis":"x","origin":[7.7448006,8.423948,7.7136836]},"faces":{"down":{"uv":[2.25,4.5,2.5,4.875],"rotation":0,"texture":"#8a851235-2157-7866-9f4b-00cda00132c9","tintindex":0},"east":{"uv":[3.75,1.5,4.125,1.875],"rotation":0,"texture":"#8a851235-2157-7866-9f4b-00cda00132c9","tintindex":0},"north":{"uv":[4.25,2.25,4.5,2.625],"rotation":0,"texture":"#8a851235-2157-7866-9f4b-00cda00132c9","tintindex":0},"south":{"uv":[4.25,3.5,4.5,3.875],"rotation":0,"texture":"#8a851235-2157-7866-9f4b-00cda00132c9","tintindex":0},"up":{"uv":[1.0,4.875,0.75,4.5],"rotation":0,"texture":"#8a851235-2157-7866-9f4b-00cda00132c9","tintindex":0},"west":{"uv":[1.5,4.0,1.875,4.375],"rotation":0,"texture":"#8a851235-2157-7866-9f4b-00cda00132c9","tintindex":0}}},{"name":"head","from":[8.887508,7.996586,6.07304],"to":[9.395378,8.504456,7.850585],"rotation":{"angle":22.5,"axis":"x","origin":[7.7448006,8.423948,7.7136836]},"faces":{"down":{"uv":[2.25,5.75,2.375,6.125],"rotation":0,"texture":"#8a851235-2157-7866-9f4b-00cda00132c9","tintindex":0},"east":{"uv":[5.5,3.0,5.875,3.125],"rotation":0,"texture":"#8a851235-2157-7866-9f4b-00cda00132c9","tintindex":0},"north":{"uv":[3.5,8.25,3.625,8.375],"rotation":0,"texture":"#8a851235-2157-7866-9f4b-00cda00132c9","tintindex":0},"south":{"uv":[6.0,8.25,6.125,8.375],"rotation":0,"texture":"#8a851235-2157-7866-9f4b-00cda00132c9","tintindex":0},"up":{"uv":[1.875,6.125,1.75,5.75],"rotation":0,"texture":"#8a851235-2157-7866-9f4b-00cda00132c9","tintindex":0},"west":{"uv":[1.0,5.75,1.375,5.875],"rotation":0,"texture":"#8a851235-2157-7866-9f4b-00cda00132c9","tintindex":0}}},{"name":"head","from":[8.633574,8.485116,6.4837236],"to":[9.141443,8.992987,6.9915943],"rotation":{"angle":22.5,"axis":"x","origin":[7.7448006,8.423948,7.7136836]},"faces":{"down":{"uv":[8.25,1.5,8.375,1.625],"rotation":0,"texture":"#8a851235-2157-7866-9f4b-00cda00132c9","tintindex":0},"east":{"uv":[7.0,8.25,6.5,8.75],"rotation":0,"texture":"#8a851235-2157-7866-9f4b-00cda00132c9","tintindex":0},"north":{"uv":[6.5,8.25,7.0,8.75],"rotation":0,"texture":"#8a851235-2157-7866-9f4b-00cda00132c9","tintindex":0},"south":{"uv":[8.25,0.0,8.375,0.125],"rotation":0,"texture":"#8a851235-2157-7866-9f4b-00cda00132c9","tintindex":0},"up":{"uv":[7.0,8.25,6.5,8.75],"rotation":0,"texture":"#8a851235-2157-7866-9f4b-00cda00132c9","tintindex":0},"west":{"uv":[8.25,0.5,8.375,0.625],"rotation":0,"texture":"#8a851235-2157-7866-9f4b-00cda00132c9","tintindex":0}}},{"name":"head","from":[6.8560286,8.485116,6.4837236],"to":[7.3638983,8.992987,6.9915943],"rotation":{"angle":22.5,"axis":"x","origin":[7.7448006,8.423948,7.7136836]},"faces":{"down":{"uv":[8.25,6.0,8.375,6.125],"rotation":0,"texture":"#8a851235-2157-7866-9f4b-00cda00132c9","tintindex":0},"east":{"uv":[8.25,2.5,8.375,2.625],"rotation":0,"texture":"#8a851235-2157-7866-9f4b-00cda00132c9","tintindex":0},"north":{"uv":[7.0,8.25,6.5,8.75],"rotation":0,"texture":"#8a851235-2157-7866-9f4b-00cda00132c9","tintindex":0},"south":{"uv":[8.25,3.0,8.375,3.125],"rotation":0,"texture":"#8a851235-2157-7866-9f4b-00cda00132c9","tintindex":0},"up":{"uv":[6.5,8.25,7.0,8.75],"rotation":0,"texture":"#8a851235-2157-7866-9f4b-00cda00132c9","tintindex":0},"west":{"uv":[6.5,8.25,7.0,8.75],"rotation":0,"texture":"#8a851235-2157-7866-9f4b-00cda00132c9","tintindex":0}}},{"name":"head","from":[6.602093,7.996586,6.07304],"to":[7.1099634,8.504456,7.850585],"rotation":{"angle":22.5,"axis":"x","origin":[7.7448006,8.423948,7.7136836]},"faces":{"down":{"uv":[5.75,5.75,5.875,6.125],"rotation":0,"texture":"#8a851235-2157-7866-9f4b-00cda00132c9","tintindex":0},"east":{"uv":[2.75,5.75,3.125,5.875],"rotation":0,"texture":"#8a851235-2157-7866-9f4b-00cda00132c9","tintindex":0},"north":{"uv":[8.25,6.5,8.375,6.625],"rotation":0,"texture":"#8a851235-2157-7866-9f4b-00cda00132c9","tintindex":0},"south":{"uv":[0.0,8.5,0.125,8.625],"rotation":0,"texture":"#8a851235-2157-7866-9f4b-00cda00132c9","tintindex":0},"up":{"uv":[4.375,6.125,4.25,5.75],"rotation":0,"texture":"#8a851235-2157-7866-9f4b-00cda00132c9","tintindex":0},"west":{"uv":[3.5,5.75,3.875,5.875],"rotation":0,"texture":"#8a851235-2157-7866-9f4b-00cda00132c9","tintindex":0}}}],"display":{"head":{"translation":[0.0,-6.4,0.0],"rotation":[0.0,0.0,0.0],"scale":[3.8095,3.8095,3.8095]},"gui":{"translation":[0.0,0.0,0.0],"rotation":[35.0,225.0,0.0],"scale":[0.625,0.625,0.625]}}}