{"file_name":"lb","texture_size":[64,64],"textures":{"8a851235-2157-7866-9f4b-00cda00132c9":"modelengine:entity/frog"},"elements":[{"name":"lb","from":[6.6949005,7.136315,9.3340225],"to":[7.2027707,8.152056,9.587958],"rotation":{"angle":0.0,"axis":"x","origin":[8.856781,6.37451,6.998227]},"faces":{"down":{"uv":[7.75,1.0,7.875,1.125],"rotation":0,"texture":"#8a851235-2157-7866-9f4b-00cda00132c9","tintindex":0},"east":{"uv":[2.5,6.75,2.625,7.0],"rotation":0,"texture":"#8a851235-2157-7866-9f4b-00cda00132c9","tintindex":0},"north":{"uv":[1.0,6.75,1.125,7.0],"rotation":0,"texture":"#8a851235-2157-7866-9f4b-00cda00132c9","tintindex":0},"south":{"uv":[3.0,6.75,3.125,7.0],"rotation":0,"texture":"#8a851235-2157-7866-9f4b-00cda00132c9","tintindex":0},"up":{"uv":[7.875,0.625,7.75,0.5],"rotation":0,"texture":"#8a851235-2157-7866-9f4b-00cda00132c9","tintindex":0},"west":{"uv":[3.5,6.75,3.625,7.0],"rotation":0,"texture":"#8a851235-2157-7866-9f4b-00cda00132c9","tintindex":0}}},{"name":"lb","from":[6.6949005,6.88238,7.8104134],"to":[7.2027707,8.405991,9.3340225],"rotation":{"angle":0.0,"axis":"x","origin":[8.856781,6.37451,6.998227]},"faces":{"down":{"uv":[5.25,1.75,5.375,2.125],"rotation":0,"texture":"#8a851235-2157-7866-9f4b-00cda00132c9","tintindex":0},"east":{"uv":[3.5,0.0,3.875,0.375],"rotation":0,"texture":"#8a851235-2157-7866-9f4b-00cda00132c9","tintindex":0},"north":{"uv":[4.75,5.25,4.875,5.625],"rotation":0,"texture":"#8a851235-2157-7866-9f4b-00cda00132c9","tintindex":0},"south":{"uv":[5.25,5.25,5.375,5.625],"rotation":0,"texture":"#8a851235-2157-7866-9f4b-00cda00132c9","tintindex":0},"up":{"uv":[5.375,1.375,5.25,1.0],"rotation":0,"texture":"#8a851235-2157-7866-9f4b-00cda00132c9","tintindex":0},"west":{"uv":[3.5,2.25,3.875,2.625],"rotation":0,"texture":"#8a851235-2157-7866-9f4b-00cda00132c9","tintindex":0}}},{"name":"lb","from":[6.4409657,7.136315,8.064348],"to":[7.4567056,8.152056,9.080088],"rotation":{"angle":0.0,"axis":"x","origin":[8.856781,6.37451,6.998227]},"faces":{"down":{"uv":[4.75,4.0,5.0,4.25],"rotation":0,"texture":"#8a851235-2157-7866-9f4b-00cda00132c9","tintindex":0},"east":{"uv":[4.25,4.75,4.5,5.0],"rotation":0,"texture":"#8a851235-2157-7866-9f4b-00cda00132c9","tintindex":0},"north":{"uv":[3.75,4.75,4.0,5.0],"rotation":0,"texture":"#8a851235-2157-7866-9f4b-00cda00132c9","tintindex":0},"south":{"uv":[4.75,4.75,5.0,5.0],"rotation":0,"texture":"#8a851235-2157-7866-9f4b-00cda00132c9","tintindex":0},"up":{"uv":[5.0,3.75,4.75,3.5],"rotation":0,"texture":"#8a851235-2157-7866-9f4b-00cda00132c9","tintindex":0},"west":{"uv":[4.75,2.25,5.0,2.5],"rotation":0,"texture":"#8a851235-2157-7866-9f4b-00cda00132c9","tintindex":0}}},{"name":"lb","from":[6.6949005,6.88238,7.556478],"to":[7.2027707,7.3902497,7.8104134],"rotation":{"angle":0.0,"axis":"x","origin":[8.856781,6.37451,6.998227]},"faces":{"down":{"uv":[7.75,5.5,7.875,5.625],"rotation":0,"texture":"#8a851235-2157-7866-9f4b-00cda00132c9","tintindex":0},"east":{"uv":[7.75,2.0,7.875,2.125],"rotation":0,"texture":"#8a851235-2157-7866-9f4b-00cda00132c9","tintindex":0},"north":{"uv":[7.75,1.5,7.875,1.625],"rotation":0,"texture":"#8a851235-2157-7866-9f4b-00cda00132c9","tintindex":0},"south":{"uv":[7.75,2.5,7.875,2.625],"rotation":0,"texture":"#8a851235-2157-7866-9f4b-00cda00132c9","tintindex":0},"up":{"uv":[7.875,5.125,7.75,5.0],"rotation":0,"texture":"#8a851235-2157-7866-9f4b-00cda00132c9","tintindex":0},"west":{"uv":[7.75,3.0,7.875,3.125],"rotation":0,"texture":"#8a851235-2157-7866-9f4b-00cda00132c9","tintindex":0}}}],"display":{"head":{"translation":[0.0,-6.4,0.0],"rotation":[0.0,0.0,0.0],"scale":[3.8095,3.8095,3.8095]},"gui":{"translation":[0.0,0.0,0.0],"rotation":[35.0,225.0,0.0],"scale":[0.625,0.625,0.625]}}}