{"file_name":"lbfoot","texture_size":[64,64],"textures":{"8a851235-2157-7866-9f4b-00cda00132c9":"modelengine:entity/frog"},"elements":[{"name":"lbfoot","from":[6.743059,7.7705536,7.555954],"to":[7.5048647,8.024488,8.571693],"rotation":{"angle":0.0,"axis":"x","origin":[9.142169,7.2334476,7.5055733]},"faces":{"down":{"uv":[6.75,0.5,6.875,0.75],"rotation":0,"texture":"#8a851235-2157-7866-9f4b-00cda00132c9","tintindex":0},"east":{"uv":[6.25,6.75,6.5,6.875],"rotation":0,"texture":"#8a851235-2157-7866-9f4b-00cda00132c9","tintindex":0},"north":{"uv":[7.75,6.0,7.875,6.125],"rotation":0,"texture":"#8a851235-2157-7866-9f4b-00cda00132c9","tintindex":0},"south":{"uv":[7.75,6.5,7.875,6.625],"rotation":0,"texture":"#8a851235-2157-7866-9f4b-00cda00132c9","tintindex":0},"up":{"uv":[6.875,0.25,6.75,0.0],"rotation":0,"texture":"#8a851235-2157-7866-9f4b-00cda00132c9","tintindex":0},"west":{"uv":[6.75,6.75,7.0,6.875],"rotation":0,"texture":"#8a851235-2157-7866-9f4b-00cda00132c9","tintindex":0}}},{"name":"lbfoot","from":[6.480771,7.7204347,7.555954],"to":[6.734706,7.97437,7.809889],"rotation":{"angle":0.0,"axis":"x","origin":[9.142169,7.2125645,7.5055733]},"faces":{"down":{"uv":[4.5,8.0,4.625,8.125],"rotation":0,"texture":"#8a851235-2157-7866-9f4b-00cda00132c9","tintindex":0},"east":{"uv":[0.5,8.0,0.625,8.125],"rotation":0,"texture":"#8a851235-2157-7866-9f4b-00cda00132c9","tintindex":0},"north":{"uv":[0.0,8.0,0.125,8.125],"rotation":0,"texture":"#8a851235-2157-7866-9f4b-00cda00132c9","tintindex":0},"south":{"uv":[1.5,8.0,1.625,8.125],"rotation":0,"texture":"#8a851235-2157-7866-9f4b-00cda00132c9","tintindex":0},"up":{"uv":[4.125,8.125,4.0,8.0],"rotation":0,"texture":"#8a851235-2157-7866-9f4b-00cda00132c9","tintindex":0},"west":{"uv":[2.0,8.0,2.125,8.125],"rotation":0,"texture":"#8a851235-2157-7866-9f4b-00cda00132c9","tintindex":0}}},{"name":"lbfoot","from":[7.488158,7.7413173,7.555954],"to":[7.7420936,7.9952526,7.809889],"rotation":{"angle":0.0,"axis":"x","origin":[9.142169,7.2334476,7.5055733]},"faces":{"down":{"uv":[8.0,4.0,8.125,4.125],"rotation":0,"texture":"#8a851235-2157-7866-9f4b-00cda00132c9","tintindex":0},"east":{"uv":[5.5,8.0,5.625,8.125],"rotation":0,"texture":"#8a851235-2157-7866-9f4b-00cda00132c9","tintindex":0},"north":{"uv":[5.0,8.0,5.125,8.125],"rotation":0,"texture":"#8a851235-2157-7866-9f4b-00cda00132c9","tintindex":0},"south":{"uv":[7.5,8.0,7.625,8.125],"rotation":0,"texture":"#8a851235-2157-7866-9f4b-00cda00132c9","tintindex":0},"up":{"uv":[8.125,3.625,8.0,3.5],"rotation":0,"texture":"#8a851235-2157-7866-9f4b-00cda00132c9","tintindex":0},"west":{"uv":[8.0,8.0,8.125,8.125],"rotation":0,"texture":"#8a851235-2157-7866-9f4b-00cda00132c9","tintindex":0}}},{"name":"lbfoot","from":[6.218483,7.7413173,7.3020186],"to":[7.9960284,7.9952526,7.555954],"rotation":{"angle":0.0,"axis":"x","origin":[9.142169,7.2334476,7.5055733]},"faces":{"down":{"uv":[5.5,2.5,5.875,2.625],"rotation":0,"texture":"#8a851235-2157-7866-9f4b-00cda00132c9","tintindex":0},"east":{"uv":[8.0,4.5,8.125,4.625],"rotation":0,"texture":"#8a851235-2157-7866-9f4b-00cda00132c9","tintindex":0},"north":{"uv":[5.25,3.5,5.625,3.625],"rotation":0,"texture":"#8a851235-2157-7866-9f4b-00cda00132c9","tintindex":0},"south":{"uv":[5.25,4.0,5.625,4.125],"rotation":0,"texture":"#8a851235-2157-7866-9f4b-00cda00132c9","tintindex":0},"up":{"uv":[5.625,4.625,5.25,4.5],"rotation":0,"texture":"#8a851235-2157-7866-9f4b-00cda00132c9","tintindex":0},"west":{"uv":[8.0,7.0,8.125,7.125],"rotation":0,"texture":"#8a851235-2157-7866-9f4b-00cda00132c9","tintindex":0}}},{"name":"lbfoot","from":[6.4724183,7.7413173,7.048084],"to":[7.7420936,7.9952526,7.3020186],"rotation":{"angle":0.0,"axis":"x","origin":[9.142169,7.2334476,7.5055733]},"faces":{"down":{"uv":[6.75,2.5,7.0,2.625],"rotation":0,"texture":"#8a851235-2157-7866-9f4b-00cda00132c9","tintindex":0},"east":{"uv":[8.0,7.5,8.125,7.625],"rotation":0,"texture":"#8a851235-2157-7866-9f4b-00cda00132c9","tintindex":0},"north":{"uv":[6.75,1.0,7.0,1.125],"rotation":0,"texture":"#8a851235-2157-7866-9f4b-00cda00132c9","tintindex":0},"south":{"uv":[6.75,1.5,7.0,1.625],"rotation":0,"texture":"#8a851235-2157-7866-9f4b-00cda00132c9","tintindex":0},"up":{"uv":[7.0,2.125,6.75,2.0],"rotation":0,"texture":"#8a851235-2157-7866-9f4b-00cda00132c9","tintindex":0},"west":{"uv":[1.0,8.25,1.125,8.375],"rotation":0,"texture":"#8a851235-2157-7866-9f4b-00cda00132c9","tintindex":0}}}],"display":{"head":{"translation":[0.0,-6.4,0.0],"rotation":[0.0,0.0,0.0],"scale":[3.8095,3.8095,3.8095]},"gui":{"translation":[0.0,0.0,0.0],"rotation":[35.0,225.0,0.0],"scale":[0.625,0.625,0.625]}}}