{"file_name":"rb","texture_size":[64,64],"textures":{"8a851235-2157-7866-9f4b-00cda00132c9":"modelengine:entity/frog"},"elements":[{"name":"rb","from":[8.793926,6.87263,7.9529133],"to":[9.301796,8.39624,9.476524],"rotation":{"angle":0.0,"axis":"x","origin":[7.146781,6.36476,7.1407275]},"faces":{"down":{"uv":[0.5,5.25,0.625,5.625],"rotation":0,"texture":"#8a851235-2157-7866-9f4b-00cda00132c9","tintindex":0},"east":{"uv":[0.0,3.5,0.375,3.875],"rotation":0,"texture":"#8a851235-2157-7866-9f4b-00cda00132c9","tintindex":0},"north":{"uv":[2.75,5.0,2.875,5.375],"rotation":0,"texture":"#8a851235-2157-7866-9f4b-00cda00132c9","tintindex":0},"south":{"uv":[5.0,2.75,5.125,3.125],"rotation":0,"texture":"#8a851235-2157-7866-9f4b-00cda00132c9","tintindex":0},"up":{"uv":[0.125,5.625,0.0,5.25],"rotation":0,"texture":"#8a851235-2157-7866-9f4b-00cda00132c9","tintindex":0},"west":{"uv":[3.5,3.5,3.875,3.875],"rotation":0,"texture":"#8a851235-2157-7866-9f4b-00cda00132c9","tintindex":0}}},{"name":"rb","from":[8.793926,7.126565,9.476524],"to":[9.301796,8.142305,9.730458],"rotation":{"angle":0.0,"axis":"x","origin":[7.146781,6.36476,7.1407275]},"faces":{"down":{"uv":[7.25,5.0,7.375,5.125],"rotation":0,"texture":"#8a851235-2157-7866-9f4b-00cda00132c9","tintindex":0},"east":{"uv":[0.0,6.5,0.125,6.75],"rotation":0,"texture":"#8a851235-2157-7866-9f4b-00cda00132c9","tintindex":0},"north":{"uv":[6.25,5.5,6.375,5.75],"rotation":0,"texture":"#8a851235-2157-7866-9f4b-00cda00132c9","tintindex":0},"south":{"uv":[0.5,6.5,0.625,6.75],"rotation":0,"texture":"#8a851235-2157-7866-9f4b-00cda00132c9","tintindex":0},"up":{"uv":[7.375,3.125,7.25,3.0],"rotation":0,"texture":"#8a851235-2157-7866-9f4b-00cda00132c9","tintindex":0},"west":{"uv":[1.5,6.5,1.625,6.75],"rotation":0,"texture":"#8a851235-2157-7866-9f4b-00cda00132c9","tintindex":0}}},{"name":"rb","from":[8.53999,7.126565,8.206848],"to":[9.555731,8.142305,9.222589],"rotation":{"angle":0.0,"axis":"x","origin":[7.146781,6.36476,7.1407275]},"faces":{"down":{"uv":[3.25,4.75,3.5,5.0],"rotation":0,"texture":"#8a851235-2157-7866-9f4b-00cda00132c9","tintindex":0},"east":{"uv":[4.5,3.0,4.75,3.25],"rotation":0,"texture":"#8a851235-2157-7866-9f4b-00cda00132c9","tintindex":0},"north":{"uv":[2.75,4.5,3.0,4.75],"rotation":0,"texture":"#8a851235-2157-7866-9f4b-00cda00132c9","tintindex":0},"south":{"uv":[0.0,4.75,0.25,5.0],"rotation":0,"texture":"#8a851235-2157-7866-9f4b-00cda00132c9","tintindex":0},"up":{"uv":[2.0,5.0,1.75,4.75],"rotation":0,"texture":"#8a851235-2157-7866-9f4b-00cda00132c9","tintindex":0},"west":{"uv":[1.25,4.75,1.5,5.0],"rotation":0,"texture":"#8a851235-2157-7866-9f4b-00cda00132c9","tintindex":0}}},{"name":"rb","from":[8.793926,6.87263,7.6989784],"to":[9.301796,7.3805,7.9529133],"rotation":{"angle":0.0,"axis":"x","origin":[7.146781,6.36476,7.1407275]},"faces":{"down":{"uv":[1.5,7.5,1.625,7.625],"rotation":0,"texture":"#8a851235-2157-7866-9f4b-00cda00132c9","tintindex":0},"east":{"uv":[7.25,6.0,7.375,6.125],"rotation":0,"texture":"#8a851235-2157-7866-9f4b-00cda00132c9","tintindex":0},"north":{"uv":[7.25,5.5,7.375,5.625],"rotation":0,"texture":"#8a851235-2157-7866-9f4b-00cda00132c9","tintindex":0},"south":{"uv":[7.25,6.5,7.375,6.625],"rotation":0,"texture":"#8a851235-2157-7866-9f4b-00cda00132c9","tintindex":0},"up":{"uv":[0.625,7.625,0.5,7.5],"rotation":0,"texture":"#8a851235-2157-7866-9f4b-00cda00132c9","tintindex":0},"west":{"uv":[0.0,7.5,0.125,7.625],"rotation":0,"texture":"#8a851235-2157-7866-9f4b-00cda00132c9","tintindex":0}}}],"display":{"head":{"translation":[0.0,-6.4,0.0],"rotation":[0.0,0.0,0.0],"scale":[3.8095,3.8095,3.8095]},"gui":{"translation":[0.0,0.0,0.0],"rotation":[35.0,225.0,0.0],"scale":[0.625,0.625,0.625]}}}