{"file_name":"rbfoot","texture_size":[64,64],"textures":{"8a851235-2157-7866-9f4b-00cda00132c9":"modelengine:entity/frog"},"elements":[{"name":"rbfoot","from":[8.48843,7.7413173,7.555954],"to":[9.250236,7.9952526,8.571693],"rotation":{"angle":0.0,"axis":"x","origin":[6.862169,7.2334476,7.5055733]},"faces":{"down":{"uv":[5.25,6.5,5.375,6.75],"rotation":0,"texture":"#8a851235-2157-7866-9f4b-00cda00132c9","tintindex":0},"east":{"uv":[2.0,6.5,2.25,6.625],"rotation":0,"texture":"#8a851235-2157-7866-9f4b-00cda00132c9","tintindex":0},"north":{"uv":[2.0,7.5,2.125,7.625],"rotation":0,"texture":"#8a851235-2157-7866-9f4b-00cda00132c9","tintindex":0},"south":{"uv":[4.0,7.5,4.125,7.625],"rotation":0,"texture":"#8a851235-2157-7866-9f4b-00cda00132c9","tintindex":0},"up":{"uv":[4.875,6.75,4.75,6.5],"rotation":0,"texture":"#8a851235-2157-7866-9f4b-00cda00132c9","tintindex":0},"west":{"uv":[4.25,6.5,4.5,6.625],"rotation":0,"texture":"#8a851235-2157-7866-9f4b-00cda00132c9","tintindex":0}}},{"name":"rbfoot","from":[9.246059,7.7204347,7.555954],"to":[9.499994,7.97437,7.809889],"rotation":{"angle":0.0,"axis":"x","origin":[6.862169,7.2125645,7.5055733]},"faces":{"down":{"uv":[7.5,4.0,7.625,4.125],"rotation":0,"texture":"#8a851235-2157-7866-9f4b-00cda00132c9","tintindex":0},"east":{"uv":[5.0,7.5,5.125,7.625],"rotation":0,"texture":"#8a851235-2157-7866-9f4b-00cda00132c9","tintindex":0},"north":{"uv":[4.5,7.5,4.625,7.625],"rotation":0,"texture":"#8a851235-2157-7866-9f4b-00cda00132c9","tintindex":0},"south":{"uv":[5.5,7.5,5.625,7.625],"rotation":0,"texture":"#8a851235-2157-7866-9f4b-00cda00132c9","tintindex":0},"up":{"uv":[7.625,3.625,7.5,3.5],"rotation":0,"texture":"#8a851235-2157-7866-9f4b-00cda00132c9","tintindex":0},"west":{"uv":[7.5,7.5,7.625,7.625],"rotation":0,"texture":"#8a851235-2157-7866-9f4b-00cda00132c9","tintindex":0}}},{"name":"rbfoot","from":[8.255379,7.7413173,7.555954],"to":[8.509314,7.9952526,7.809889],"rotation":{"angle":0.0,"axis":"x","origin":[6.862169,7.2334476,7.5055733]},"faces":{"down":{"uv":[3.5,7.75,3.625,7.875],"rotation":0,"texture":"#8a851235-2157-7866-9f4b-00cda00132c9","tintindex":0},"east":{"uv":[7.5,7.0,7.625,7.125],"rotation":0,"texture":"#8a851235-2157-7866-9f4b-00cda00132c9","tintindex":0},"north":{"uv":[7.5,4.5,7.625,4.625],"rotation":0,"texture":"#8a851235-2157-7866-9f4b-00cda00132c9","tintindex":0},"south":{"uv":[1.0,7.75,1.125,7.875],"rotation":0,"texture":"#8a851235-2157-7866-9f4b-00cda00132c9","tintindex":0},"up":{"uv":[3.125,7.875,3.0,7.75],"rotation":0,"texture":"#8a851235-2157-7866-9f4b-00cda00132c9","tintindex":0},"west":{"uv":[2.5,7.75,2.625,7.875],"rotation":0,"texture":"#8a851235-2157-7866-9f4b-00cda00132c9","tintindex":0}}},{"name":"rbfoot","from":[8.001443,7.7413173,7.3020186],"to":[9.778988,7.9952526,7.555954],"rotation":{"angle":0.0,"axis":"x","origin":[6.862169,7.2334476,7.5055733]},"faces":{"down":{"uv":[4.0,5.25,4.375,5.375],"rotation":0,"texture":"#8a851235-2157-7866-9f4b-00cda00132c9","tintindex":0},"east":{"uv":[6.0,7.75,6.125,7.875],"rotation":0,"texture":"#8a851235-2157-7866-9f4b-00cda00132c9","tintindex":0},"north":{"uv":[1.0,5.25,1.375,5.375],"rotation":0,"texture":"#8a851235-2157-7866-9f4b-00cda00132c9","tintindex":0},"south":{"uv":[1.75,5.25,2.125,5.375],"rotation":0,"texture":"#8a851235-2157-7866-9f4b-00cda00132c9","tintindex":0},"up":{"uv":[3.625,5.375,3.25,5.25],"rotation":0,"texture":"#8a851235-2157-7866-9f4b-00cda00132c9","tintindex":0},"west":{"uv":[6.5,7.75,6.625,7.875],"rotation":0,"texture":"#8a851235-2157-7866-9f4b-00cda00132c9","tintindex":0}}},{"name":"rbfoot","from":[8.255379,7.7413173,7.048084],"to":[9.525053,7.9952526,7.3020186],"rotation":{"angle":0.0,"axis":"x","origin":[6.862169,7.2334476,7.5055733]},"faces":{"down":{"uv":[6.5,4.5,6.75,4.625],"rotation":0,"texture":"#8a851235-2157-7866-9f4b-00cda00132c9","tintindex":0},"east":{"uv":[7.0,7.75,7.125,7.875],"rotation":0,"texture":"#8a851235-2157-7866-9f4b-00cda00132c9","tintindex":0},"north":{"uv":[5.75,6.5,6.0,6.625],"rotation":0,"texture":"#8a851235-2157-7866-9f4b-00cda00132c9","tintindex":0},"south":{"uv":[6.5,3.5,6.75,3.625],"rotation":0,"texture":"#8a851235-2157-7866-9f4b-00cda00132c9","tintindex":0},"up":{"uv":[6.75,4.125,6.5,4.0],"rotation":0,"texture":"#8a851235-2157-7866-9f4b-00cda00132c9","tintindex":0},"west":{"uv":[7.75,0.0,7.875,0.125],"rotation":0,"texture":"#8a851235-2157-7866-9f4b-00cda00132c9","tintindex":0}}}],"display":{"head":{"translation":[0.0,-6.4,0.0],"rotation":[0.0,0.0,0.0],"scale":[3.8095,3.8095,3.8095]},"gui":{"translation":[0.0,0.0,0.0],"rotation":[35.0,225.0,0.0],"scale":[0.625,0.625,0.625]}}}