{"file_name":"body","texture_size":[32,32],"textures":{"838a8ea2-65fa-d01e-3345-fb23926646c1":"modelengine:entity/salem"},"elements":[{"name":"cube","from":[6.6284046,6.3625364,4.8571644],"to":[9.457729,9.162367,8.002498],"rotation":{"angle":0.0,"axis":"x","origin":[8.043067,7.8502316,8.466328]},"faces":{"down":{"uv":[1.5,3.0,3.0,4.5],"rotation":0,"texture":"#838a8ea2-65fa-d01e-3345-fb23926646c1","tintindex":0},"east":{"uv":[0.0,1.5,1.5,3.0],"rotation":0,"texture":"#838a8ea2-65fa-d01e-3345-fb23926646c1","tintindex":0},"north":{"uv":[0.0,0.0,1.5,1.5],"rotation":0,"texture":"#838a8ea2-65fa-d01e-3345-fb23926646c1","tintindex":0},"south":{"uv":[1.5,1.5,3.0,3.0],"rotation":0,"texture":"#838a8ea2-65fa-d01e-3345-fb23926646c1","tintindex":0},"up":{"uv":[1.5,4.5,0.0,3.0],"rotation":0,"texture":"#838a8ea2-65fa-d01e-3345-fb23926646c1","tintindex":0},"west":{"uv":[1.5,0.0,3.0,1.5],"rotation":0,"texture":"#838a8ea2-65fa-d01e-3345-fb23926646c1","tintindex":0}}},{"name":"cube","from":[6.839076,6.678544,8.017244],"to":[9.247057,9.267704,9.266529],"rotation":{"angle":0.0,"axis":"x","origin":[8.043067,7.8502316,8.466328]},"faces":{"down":{"uv":[5.5,5.0,6.5,5.5],"rotation":0,"texture":"#838a8ea2-65fa-d01e-3345-fb23926646c1","tintindex":0},"east":{"uv":[7.5,0.5,8.0,1.5],"rotation":0,"texture":"#838a8ea2-65fa-d01e-3345-fb23926646c1","tintindex":0},"north":{"uv":[5.5,4.0,6.5,5.0],"rotation":0,"texture":"#838a8ea2-65fa-d01e-3345-fb23926646c1","tintindex":0},"south":{"uv":[4.0,6.0,5.0,7.0],"rotation":0,"texture":"#838a8ea2-65fa-d01e-3345-fb23926646c1","tintindex":0},"up":{"uv":[4.0,3.0,3.0,2.5],"rotation":0,"texture":"#838a8ea2-65fa-d01e-3345-fb23926646c1","tintindex":0},"west":{"uv":[7.5,1.5,8.0,2.5],"rotation":0,"texture":"#838a8ea2-65fa-d01e-3345-fb23926646c1","tintindex":0}}},{"name":"cube","from":[6.681072,6.5732083,9.1759405],"to":[9.405062,9.057032,11.478586],"rotation":{"angle":0.0,"axis":"x","origin":[8.043067,7.8502316,8.466328]},"faces":{"down":{"uv":[3.0,4.5,4.5,5.5],"rotation":0,"texture":"#838a8ea2-65fa-d01e-3345-fb23926646c1","tintindex":0},"east":{"uv":[0.0,6.5,1.0,7.5],"rotation":0,"texture":"#838a8ea2-65fa-d01e-3345-fb23926646c1","tintindex":0},"north":{"uv":[3.0,1.5,4.5,2.5],"rotation":0,"texture":"#838a8ea2-65fa-d01e-3345-fb23926646c1","tintindex":0},"south":{"uv":[0.0,4.5,1.5,5.5],"rotation":0,"texture":"#838a8ea2-65fa-d01e-3345-fb23926646c1","tintindex":0},"up":{"uv":[3.0,5.5,1.5,4.5],"rotation":0,"texture":"#838a8ea2-65fa-d01e-3345-fb23926646c1","tintindex":0},"west":{"uv":[1.0,6.5,2.0,7.5],"rotation":0,"texture":"#838a8ea2-65fa-d01e-3345-fb23926646c1","tintindex":0}}}],"display":{"head":{"translation":[0.0,-6.4,0.0],"rotation":[0.0,0.0,0.0],"scale":[3.8095,3.8095,3.8095]},"gui":{"translation":[0.0,0.0,0.0],"rotation":[35.0,225.0,0.0],"scale":[0.625,0.625,0.625]}}}