{"file_name":"head","texture_size":[32,32],"textures":{"838a8ea2-65fa-d01e-3345-fb23926646c1":"modelengine:entity/salem"},"elements":[{"name":"cube","from":[6.7811117,7.826876,5.1879506],"to":[9.20384,10.249604,8.032022],"rotation":{"angle":0.0,"axis":"x","origin":[15.734673,16.253757,13.298823]},"faces":{"down":{"uv":[5.5,5.5,6.5,7.0],"rotation":0,"texture":"#838a8ea2-65fa-d01e-3345-fb23926646c1","tintindex":0},"east":{"uv":[0.0,5.5,1.5,6.5],"rotation":0,"texture":"#838a8ea2-65fa-d01e-3345-fb23926646c1","tintindex":0},"north":{"uv":[3.0,7.0,4.0,8.0],"rotation":0,"texture":"#838a8ea2-65fa-d01e-3345-fb23926646c1","tintindex":0},"south":{"uv":[4.0,7.0,5.0,8.0],"rotation":0,"texture":"#838a8ea2-65fa-d01e-3345-fb23926646c1","tintindex":0},"up":{"uv":[4.0,7.0,3.0,5.5],"rotation":0,"texture":"#838a8ea2-65fa-d01e-3345-fb23926646c1","tintindex":0},"west":{"uv":[1.5,5.5,3.0,6.5],"rotation":0,"texture":"#838a8ea2-65fa-d01e-3345-fb23926646c1","tintindex":0}}},{"name":"cube","from":[6.0528126,7.975005,5.1714926],"to":[7.2863955,8.805349,5.1714926],"rotation":{"angle":0.0,"axis":"x","origin":[15.734673,16.253757,13.298823]},"faces":{"down":{"uv":[0.0,0.0,0.0,0.0],"rotation":0,"texture":"#838a8ea2-65fa-d01e-3345-fb23926646c1","tintindex":0},"east":{"uv":[0.0,0.0,0.0,0.0],"rotation":0,"texture":"#838a8ea2-65fa-d01e-3345-fb23926646c1","tintindex":0},"north":{"uv":[9.5,6.0,11.0,8.0],"rotation":0,"texture":"#838a8ea2-65fa-d01e-3345-fb23926646c1","tintindex":0},"south":{"uv":[0.0,0.0,0.0,0.0],"rotation":0,"texture":"#838a8ea2-65fa-d01e-3345-fb23926646c1","tintindex":0},"up":{"uv":[0.0,0.0,0.0,0.0],"rotation":0,"texture":"#838a8ea2-65fa-d01e-3345-fb23926646c1","tintindex":0},"west":{"uv":[0.0,0.0,0.0,0.0],"rotation":0,"texture":"#838a8ea2-65fa-d01e-3345-fb23926646c1","tintindex":0}}},{"name":"cube","from":[8.698557,7.975005,5.1714926],"to":[9.93214,8.805349,5.1714926],"rotation":{"angle":0.0,"axis":"x","origin":[-16.603481,16.253757,13.298823]},"faces":{"down":{"uv":[0.0,0.0,0.0,0.0],"rotation":0,"texture":"#838a8ea2-65fa-d01e-3345-fb23926646c1","tintindex":0},"east":{"uv":[0.0,0.0,0.0,0.0],"rotation":0,"texture":"#838a8ea2-65fa-d01e-3345-fb23926646c1","tintindex":0},"north":{"uv":[11.0,6.0,9.5,8.0],"rotation":0,"texture":"#838a8ea2-65fa-d01e-3345-fb23926646c1","tintindex":0},"south":{"uv":[0.0,0.0,0.0,0.0],"rotation":0,"texture":"#838a8ea2-65fa-d01e-3345-fb23926646c1","tintindex":0},"up":{"uv":[0.0,0.0,0.0,0.0],"rotation":0,"texture":"#838a8ea2-65fa-d01e-3345-fb23926646c1","tintindex":0},"west":{"uv":[0.0,0.0,0.0,0.0],"rotation":0,"texture":"#838a8ea2-65fa-d01e-3345-fb23926646c1","tintindex":0}}},{"name":"cube","from":[6.675776,10.144268,-1.237546],"to":[9.3091755,12.040317,1.5011907],"rotation":{"angle":-45.0,"axis":"x","origin":[15.734673,18.57115,7.189335]},"faces":{"down":{"uv":[3.0,0.0,4.5,1.5],"rotation":0,"texture":"#838a8ea2-65fa-d01e-3345-fb23926646c1","tintindex":0},"east":{"uv":[5.5,1.0,7.0,2.0],"rotation":0,"texture":"#838a8ea2-65fa-d01e-3345-fb23926646c1","tintindex":0},"north":{"uv":[5.5,0.0,7.0,1.0],"rotation":0,"texture":"#838a8ea2-65fa-d01e-3345-fb23926646c1","tintindex":0},"south":{"uv":[5.5,2.0,7.0,3.0],"rotation":0,"texture":"#838a8ea2-65fa-d01e-3345-fb23926646c1","tintindex":0},"up":{"uv":[4.5,4.5,3.0,3.0],"rotation":0,"texture":"#838a8ea2-65fa-d01e-3345-fb23926646c1","tintindex":0},"west":{"uv":[5.5,3.0,7.0,4.0],"rotation":0,"texture":"#838a8ea2-65fa-d01e-3345-fb23926646c1","tintindex":0}}},{"name":"cube","from":[7.413128,10.038933,0.97451067],"to":[8.67716,11.092293,2.8705587],"rotation":{"angle":-22.5,"axis":"x","origin":[15.734673,18.57115,8.558702]},"faces":{"down":{"uv":[8.5,3.5,9.0,4.5],"rotation":0,"texture":"#838a8ea2-65fa-d01e-3345-fb23926646c1","tintindex":0},"east":{"uv":[7.5,5.5,8.5,6.0],"rotation":0,"texture":"#838a8ea2-65fa-d01e-3345-fb23926646c1","tintindex":0},"north":{"uv":[0.5,9.5,1.0,10.0],"rotation":0,"texture":"#838a8ea2-65fa-d01e-3345-fb23926646c1","tintindex":0},"south":{"uv":[1.0,9.5,1.5,10.0],"rotation":0,"texture":"#838a8ea2-65fa-d01e-3345-fb23926646c1","tintindex":0},"up":{"uv":[9.0,3.5,8.5,2.5],"rotation":0,"texture":"#838a8ea2-65fa-d01e-3345-fb23926646c1","tintindex":0},"west":{"uv":[8.0,7.5,9.0,8.0],"rotation":0,"texture":"#838a8ea2-65fa-d01e-3345-fb23926646c1","tintindex":0}}},{"name":"cube","from":[6.359768,12.040317,2.6598868],"to":[7.518464,13.6203575,2.8705587],"rotation":{"angle":-22.5,"axis":"x","origin":[14.365305,20.572533,10.24408]},"faces":{"down":{"uv":[4.0,9.5,4.5,10.0],"rotation":0,"texture":"#838a8ea2-65fa-d01e-3345-fb23926646c1","tintindex":0},"east":{"uv":[2.0,9.5,2.5,10.0],"rotation":0,"texture":"#838a8ea2-65fa-d01e-3345-fb23926646c1","tintindex":0},"north":{"uv":[1.5,9.5,2.0,10.0],"rotation":0,"texture":"#838a8ea2-65fa-d01e-3345-fb23926646c1","tintindex":0},"south":{"uv":[2.5,9.5,3.0,10.0],"rotation":0,"texture":"#838a8ea2-65fa-d01e-3345-fb23926646c1","tintindex":0},"up":{"uv":[4.0,10.0,3.5,9.5],"rotation":0,"texture":"#838a8ea2-65fa-d01e-3345-fb23926646c1","tintindex":0},"west":{"uv":[3.0,9.5,3.5,10.0],"rotation":0,"texture":"#838a8ea2-65fa-d01e-3345-fb23926646c1","tintindex":0}}},{"name":"cube","from":[8.466488,12.040317,2.6598868],"to":[9.625184,13.6203575,2.8705587],"rotation":{"angle":-22.5,"axis":"x","origin":[1.6196479,20.572533,10.24408]},"faces":{"down":{"uv":[0.5,9.0,1.0,9.5],"rotation":0,"texture":"#838a8ea2-65fa-d01e-3345-fb23926646c1","tintindex":0},"east":{"uv":[4.0,5.5,4.5,6.0],"rotation":0,"texture":"#838a8ea2-65fa-d01e-3345-fb23926646c1","tintindex":0},"north":{"uv":[4.0,2.5,4.5,3.0],"rotation":0,"texture":"#838a8ea2-65fa-d01e-3345-fb23926646c1","tintindex":0},"south":{"uv":[7.0,3.5,7.5,4.0],"rotation":0,"texture":"#838a8ea2-65fa-d01e-3345-fb23926646c1","tintindex":0},"up":{"uv":[0.5,9.5,0.0,9.0],"rotation":0,"texture":"#838a8ea2-65fa-d01e-3345-fb23926646c1","tintindex":0},"west":{"uv":[8.5,8.0,9.0,8.5],"rotation":0,"texture":"#838a8ea2-65fa-d01e-3345-fb23926646c1","tintindex":0}}}],"display":{"head":{"translation":[0.0,-6.4,0.0],"rotation":[0.0,0.0,0.0],"scale":[3.8095,3.8095,3.8095]},"gui":{"translation":[0.0,0.0,0.0],"rotation":[35.0,225.0,0.0],"scale":[0.625,0.625,0.625]}}}