{"file_name":"leftleg","texture_size":[32,32],"textures":{"838a8ea2-65fa-d01e-3345-fb23926646c1":"modelengine:entity/salem"},"elements":[{"name":"cube","from":[7.415133,4.669939,7.957335],"to":[8.243073,6.732418,8.785276],"rotation":{"angle":0.0,"axis":"x","origin":[7.8466597,5.8483315,8.083518]},"faces":{"down":{"uv":[5.5,9.0,6.0,9.5],"rotation":0,"texture":"#838a8ea2-65fa-d01e-3345-fb23926646c1","tintindex":0},"east":{"uv":[8.0,8.0,8.5,9.0],"rotation":0,"texture":"#838a8ea2-65fa-d01e-3345-fb23926646c1","tintindex":0},"north":{"uv":[5.0,8.0,5.5,9.0],"rotation":0,"texture":"#838a8ea2-65fa-d01e-3345-fb23926646c1","tintindex":0},"south":{"uv":[8.0,0.5,8.5,1.5],"rotation":0,"texture":"#838a8ea2-65fa-d01e-3345-fb23926646c1","tintindex":0},"up":{"uv":[5.5,9.5,5.0,9.0],"rotation":0,"texture":"#838a8ea2-65fa-d01e-3345-fb23926646c1","tintindex":0},"west":{"uv":[8.0,1.5,8.5,2.5],"rotation":0,"texture":"#838a8ea2-65fa-d01e-3345-fb23926646c1","tintindex":0}}},{"name":"cube","from":[7.309797,6.3057165,6.235259],"to":[8.243073,8.39769,8.297737],"rotation":{"angle":22.5,"axis":"x","origin":[7.8466597,5.8483315,8.083518]},"faces":{"down":{"uv":[8.0,6.5,8.5,7.5],"rotation":0,"texture":"#838a8ea2-65fa-d01e-3345-fb23926646c1","tintindex":0},"east":{"uv":[6.5,4.0,7.5,5.0],"rotation":0,"texture":"#838a8ea2-65fa-d01e-3345-fb23926646c1","tintindex":0},"north":{"uv":[8.0,2.5,8.5,3.5],"rotation":0,"texture":"#838a8ea2-65fa-d01e-3345-fb23926646c1","tintindex":0},"south":{"uv":[8.0,3.5,8.5,4.5],"rotation":0,"texture":"#838a8ea2-65fa-d01e-3345-fb23926646c1","tintindex":0},"up":{"uv":[8.5,5.5,8.0,4.5],"rotation":0,"texture":"#838a8ea2-65fa-d01e-3345-fb23926646c1","tintindex":0},"west":{"uv":[6.5,5.0,7.5,6.0],"rotation":0,"texture":"#838a8ea2-65fa-d01e-3345-fb23926646c1","tintindex":0}}},{"name":"cube","from":[7.625805,3.9325871,7.365347],"to":[8.243073,4.655192,8.585137],"rotation":{"angle":0.0,"axis":"x","origin":[7.8466597,5.8483315,8.083518]},"faces":{"down":{"uv":[9.0,0.0,9.5,0.5],"rotation":0,"texture":"#838a8ea2-65fa-d01e-3345-fb23926646c1","tintindex":0},"east":{"uv":[7.0,9.0,7.5,9.5],"rotation":0,"texture":"#838a8ea2-65fa-d01e-3345-fb23926646c1","tintindex":0},"north":{"uv":[6.5,9.0,7.0,9.5],"rotation":0,"texture":"#838a8ea2-65fa-d01e-3345-fb23926646c1","tintindex":0},"south":{"uv":[7.5,9.0,8.0,9.5],"rotation":0,"texture":"#838a8ea2-65fa-d01e-3345-fb23926646c1","tintindex":0},"up":{"uv":[9.5,9.5,9.0,9.0],"rotation":0,"texture":"#838a8ea2-65fa-d01e-3345-fb23926646c1","tintindex":0},"west":{"uv":[8.0,9.0,8.5,9.5],"rotation":0,"texture":"#838a8ea2-65fa-d01e-3345-fb23926646c1","tintindex":0}}}],"display":{"head":{"translation":[0.0,-6.4,0.0],"rotation":[0.0,0.0,0.0],"scale":[3.8095,3.8095,3.8095]},"gui":{"translation":[0.0,0.0,0.0],"rotation":[35.0,225.0,0.0],"scale":[0.625,0.625,0.625]}}}