{"file_name":"rightarm","texture_size":[32,32],"textures":{"838a8ea2-65fa-d01e-3345-fb23926646c1":"modelengine:entity/salem"},"elements":[{"name":"cube","from":[7.6225133,4.169257,6.430523],"to":[8.239782,4.891862,7.6503134],"rotation":{"angle":0.0,"axis":"x","origin":[0.40699697,-0.046289682,20.08207]},"faces":{"down":{"uv":[9.0,8.0,9.5,8.5],"rotation":0,"texture":"#838a8ea2-65fa-d01e-3345-fb23926646c1","tintindex":0},"east":{"uv":[9.0,6.0,9.5,6.5],"rotation":0,"texture":"#838a8ea2-65fa-d01e-3345-fb23926646c1","tintindex":0},"north":{"uv":[9.0,5.5,9.5,6.0],"rotation":0,"texture":"#838a8ea2-65fa-d01e-3345-fb23926646c1","tintindex":0},"south":{"uv":[9.0,6.5,9.5,7.0],"rotation":0,"texture":"#838a8ea2-65fa-d01e-3345-fb23926646c1","tintindex":0},"up":{"uv":[9.5,8.0,9.0,7.5],"rotation":0,"texture":"#838a8ea2-65fa-d01e-3345-fb23926646c1","tintindex":0},"west":{"uv":[9.0,7.0,9.5,7.5],"rotation":0,"texture":"#838a8ea2-65fa-d01e-3345-fb23926646c1","tintindex":0}}},{"name":"cube","from":[7.727849,1.4705485,12.194509],"to":[8.239782,4.4810514,13.127786],"rotation":{"angle":22.5,"axis":"x","origin":[0.5123329,16.702135,17.343332]},"faces":{"down":{"uv":[0.0,9.5,0.5,10.0],"rotation":0,"texture":"#838a8ea2-65fa-d01e-3345-fb23926646c1","tintindex":0},"east":{"uv":[2.0,7.5,2.5,9.0],"rotation":0,"texture":"#838a8ea2-65fa-d01e-3345-fb23926646c1","tintindex":0},"north":{"uv":[1.5,7.5,2.0,9.0],"rotation":0,"texture":"#838a8ea2-65fa-d01e-3345-fb23926646c1","tintindex":0},"south":{"uv":[2.5,7.5,3.0,9.0],"rotation":0,"texture":"#838a8ea2-65fa-d01e-3345-fb23926646c1","tintindex":0},"up":{"uv":[9.5,9.0,9.0,8.5],"rotation":0,"texture":"#838a8ea2-65fa-d01e-3345-fb23926646c1","tintindex":0},"west":{"uv":[6.5,7.5,7.0,9.0],"rotation":0,"texture":"#838a8ea2-65fa-d01e-3345-fb23926646c1","tintindex":0}}},{"name":"cube","from":[7.306505,3.4719326,11.35182],"to":[8.3451185,6.271764,13.654466],"rotation":{"angle":22.5,"axis":"x","origin":[0.5123329,18.492847,17.65934]},"faces":{"down":{"uv":[8.5,1.5,9.0,2.5],"rotation":0,"texture":"#838a8ea2-65fa-d01e-3345-fb23926646c1","tintindex":0},"east":{"uv":[4.5,1.5,5.5,3.0],"rotation":0,"texture":"#838a8ea2-65fa-d01e-3345-fb23926646c1","tintindex":0},"north":{"uv":[7.0,7.5,7.5,9.0],"rotation":0,"texture":"#838a8ea2-65fa-d01e-3345-fb23926646c1","tintindex":0},"south":{"uv":[7.5,7.5,8.0,9.0],"rotation":0,"texture":"#838a8ea2-65fa-d01e-3345-fb23926646c1","tintindex":0},"up":{"uv":[9.0,1.5,8.5,0.5],"rotation":0,"texture":"#838a8ea2-65fa-d01e-3345-fb23926646c1","tintindex":0},"west":{"uv":[4.5,3.0,5.5,4.5],"rotation":0,"texture":"#838a8ea2-65fa-d01e-3345-fb23926646c1","tintindex":0}}}],"display":{"head":{"translation":[0.0,-6.4,0.0],"rotation":[0.0,0.0,0.0],"scale":[3.8095,3.8095,3.8095]},"gui":{"translation":[0.0,0.0,0.0],"rotation":[35.0,225.0,0.0],"scale":[0.625,0.625,0.625]}}}