{"file_name":"tail","texture_size":[48,48],"textures":{"287c310a-45c1-6a4b-c204-780d381af5a0":"modelengine:entity/texture"},"elements":[{"name":"tail","from":[8.000555,7.5169716,8.337156],"to":[8.000555,8.488492,8.458596],"rotation":{"angle":0.0,"axis":"x","origin":[8.000555,2.1736112,4.693956]},"faces":{"down":{"uv":[1.3333334,13.0,1.3333334,13.083334],"rotation":0,"texture":"#287c310a-45c1-6a4b-c204-780d381af5a0","tintindex":0},"east":{"uv":[12.0,10.666667,12.083334,11.0],"rotation":0,"texture":"#287c310a-45c1-6a4b-c204-780d381af5a0","tintindex":0},"north":{"uv":[0.6666667,13.0,0.6666667,13.333334],"rotation":0,"texture":"#287c310a-45c1-6a4b-c204-780d381af5a0","tintindex":0},"south":{"uv":[13.0,0.6666667,13.0,1.0],"rotation":0,"texture":"#287c310a-45c1-6a4b-c204-780d381af5a0","tintindex":0},"up":{"uv":[1.0,13.083334,1.0,13.0],"rotation":0,"texture":"#287c310a-45c1-6a4b-c204-780d381af5a0","tintindex":0},"west":{"uv":[12.0,10.666667,12.083334,11.0],"rotation":0,"texture":"#287c310a-45c1-6a4b-c204-780d381af5a0","tintindex":0}}},{"name":"tail","from":[8.000555,7.395532,8.458596],"to":[8.000555,8.609932,8.580036],"rotation":{"angle":0.0,"axis":"x","origin":[8.000555,2.1736112,4.693956]},"faces":{"down":{"uv":[2.3333335,13.0,2.3333335,13.083334],"rotation":0,"texture":"#287c310a-45c1-6a4b-c204-780d381af5a0","tintindex":0},"east":{"uv":[11.333334,5.0,11.416667,5.416667],"rotation":0,"texture":"#287c310a-45c1-6a4b-c204-780d381af5a0","tintindex":0},"north":{"uv":[13.0,1.3333334,13.0,1.75],"rotation":0,"texture":"#287c310a-45c1-6a4b-c204-780d381af5a0","tintindex":0},"south":{"uv":[1.6666667,13.0,1.6666667,13.416667],"rotation":0,"texture":"#287c310a-45c1-6a4b-c204-780d381af5a0","tintindex":0},"up":{"uv":[2.0,13.083334,2.0,13.0],"rotation":0,"texture":"#287c310a-45c1-6a4b-c204-780d381af5a0","tintindex":0},"west":{"uv":[11.333334,5.0,11.416667,5.416667],"rotation":0,"texture":"#287c310a-45c1-6a4b-c204-780d381af5a0","tintindex":0}}},{"name":"tail","from":[8.000555,7.2740917,8.580036],"to":[8.000555,8.731372,8.701476],"rotation":{"angle":0.0,"axis":"x","origin":[8.000555,2.1736112,4.693956]},"faces":{"down":{"uv":[3.3333335,13.0,3.3333335,13.083334],"rotation":0,"texture":"#287c310a-45c1-6a4b-c204-780d381af5a0","tintindex":0},"east":{"uv":[10.666667,0.0,10.75,0.5],"rotation":0,"texture":"#287c310a-45c1-6a4b-c204-780d381af5a0","tintindex":0},"north":{"uv":[13.0,2.3333335,13.0,2.8333335],"rotation":0,"texture":"#287c310a-45c1-6a4b-c204-780d381af5a0","tintindex":0},"south":{"uv":[2.6666667,13.0,2.6666667,13.5],"rotation":0,"texture":"#287c310a-45c1-6a4b-c204-780d381af5a0","tintindex":0},"up":{"uv":[3.0,13.083334,3.0,13.0],"rotation":0,"texture":"#287c310a-45c1-6a4b-c204-780d381af5a0","tintindex":0},"west":{"uv":[10.666667,0.0,10.75,0.5],"rotation":0,"texture":"#287c310a-45c1-6a4b-c204-780d381af5a0","tintindex":0}}},{"name":"tail","from":[8.000555,7.152652,8.701476],"to":[8.000555,8.852812,8.822916],"rotation":{"angle":0.0,"axis":"x","origin":[8.000555,2.1736112,4.693956]},"faces":{"down":{"uv":[4.3333335,13.0,4.3333335,13.083334],"rotation":0,"texture":"#287c310a-45c1-6a4b-c204-780d381af5a0","tintindex":0},"east":{"uv":[10.0,10.333334,10.083334,10.916667],"rotation":0,"texture":"#287c310a-45c1-6a4b-c204-780d381af5a0","tintindex":0},"north":{"uv":[13.0,3.3333335,13.0,3.9166667],"rotation":0,"texture":"#287c310a-45c1-6a4b-c204-780d381af5a0","tintindex":0},"south":{"uv":[3.6666667,13.0,3.6666667,13.583334],"rotation":0,"texture":"#287c310a-45c1-6a4b-c204-780d381af5a0","tintindex":0},"up":{"uv":[4.0,13.083334,4.0,13.0],"rotation":0,"texture":"#287c310a-45c1-6a4b-c204-780d381af5a0","tintindex":0},"west":{"uv":[10.0,10.333334,10.083334,10.916667],"rotation":0,"texture":"#287c310a-45c1-6a4b-c204-780d381af5a0","tintindex":0}}},{"name":"tail","from":[8.000555,7.031212,8.822916],"to":[8.000555,8.974252,8.944356],"rotation":{"angle":0.0,"axis":"x","origin":[8.000555,2.1736112,4.693956]},"faces":{"down":{"uv":[5.3333335,13.0,5.3333335,13.083334],"rotation":0,"texture":"#287c310a-45c1-6a4b-c204-780d381af5a0","tintindex":0},"east":{"uv":[0.0,9.666667,0.083333336,10.333334],"rotation":0,"texture":"#287c310a-45c1-6a4b-c204-780d381af5a0","tintindex":0},"north":{"uv":[13.0,4.3333335,13.0,5.0],"rotation":0,"texture":"#287c310a-45c1-6a4b-c204-780d381af5a0","tintindex":0},"south":{"uv":[4.666667,13.0,4.666667,13.666667],"rotation":0,"texture":"#287c310a-45c1-6a4b-c204-780d381af5a0","tintindex":0},"up":{"uv":[5.0,13.083334,5.0,13.0],"rotation":0,"texture":"#287c310a-45c1-6a4b-c204-780d381af5a0","tintindex":0},"west":{"uv":[0.0,9.666667,0.083333336,10.333334],"rotation":0,"texture":"#287c310a-45c1-6a4b-c204-780d381af5a0","tintindex":0}}},{"name":"tail","from":[8.000555,6.7883315,8.944356],"to":[8.000555,9.217133,9.065796],"rotation":{"angle":0.0,"axis":"x","origin":[8.000555,2.1736112,4.693956]},"faces":{"down":{"uv":[13.0,7.3333335,13.0,7.416667],"rotation":0,"texture":"#287c310a-45c1-6a4b-c204-780d381af5a0","tintindex":0},"east":{"uv":[8.666667,1.3333334,8.75,2.1666667],"rotation":0,"texture":"#287c310a-45c1-6a4b-c204-780d381af5a0","tintindex":0},"north":{"uv":[13.0,5.3333335,13.0,6.166667],"rotation":0,"texture":"#287c310a-45c1-6a4b-c204-780d381af5a0","tintindex":0},"south":{"uv":[5.666667,13.0,5.666667,13.833334],"rotation":0,"texture":"#287c310a-45c1-6a4b-c204-780d381af5a0","tintindex":0},"up":{"uv":[13.0,6.75,13.0,6.666667],"rotation":0,"texture":"#287c310a-45c1-6a4b-c204-780d381af5a0","tintindex":0},"west":{"uv":[8.666667,1.3333334,8.75,2.1666667],"rotation":0,"texture":"#287c310a-45c1-6a4b-c204-780d381af5a0","tintindex":0}}},{"name":"tail","from":[8.000555,6.666892,9.065796],"to":[8.000555,9.338572,9.187237],"rotation":{"angle":0.0,"axis":"x","origin":[8.000555,2.1736112,4.693956]},"faces":{"down":{"uv":[13.0,9.333334,13.0,9.416667],"rotation":0,"texture":"#287c310a-45c1-6a4b-c204-780d381af5a0","tintindex":0},"east":{"uv":[8.0,4.3333335,8.083334,5.25],"rotation":0,"texture":"#287c310a-45c1-6a4b-c204-780d381af5a0","tintindex":0},"north":{"uv":[8.0,13.0,8.0,13.916667],"rotation":0,"texture":"#287c310a-45c1-6a4b-c204-780d381af5a0","tintindex":0},"south":{"uv":[13.0,8.0,13.0,8.916667],"rotation":0,"texture":"#287c310a-45c1-6a4b-c204-780d381af5a0","tintindex":0},"up":{"uv":[8.333334,13.083334,8.333334,13.0],"rotation":0,"texture":"#287c310a-45c1-6a4b-c204-780d381af5a0","tintindex":0},"west":{"uv":[8.0,4.3333335,8.083334,5.25],"rotation":0,"texture":"#287c310a-45c1-6a4b-c204-780d381af5a0","tintindex":0}}},{"name":"tail","from":[8.000555,8.245612,9.187237],"to":[8.000555,9.460012,9.308677],"rotation":{"angle":0.0,"axis":"x","origin":[8.000555,2.1736112,4.693956]},"faces":{"down":{"uv":[13.0,11.666667,13.0,11.75],"rotation":0,"texture":"#287c310a-45c1-6a4b-c204-780d381af5a0","tintindex":0},"east":{"uv":[11.333334,6.0,11.416667,6.416667],"rotation":0,"texture":"#287c310a-45c1-6a4b-c204-780d381af5a0","tintindex":0},"north":{"uv":[10.0,13.0,10.0,13.416667],"rotation":0,"texture":"#287c310a-45c1-6a4b-c204-780d381af5a0","tintindex":0},"south":{"uv":[13.0,10.0,13.0,10.416667],"rotation":0,"texture":"#287c310a-45c1-6a4b-c204-780d381af5a0","tintindex":0},"up":{"uv":[13.0,11.083334,13.0,11.0],"rotation":0,"texture":"#287c310a-45c1-6a4b-c204-780d381af5a0","tintindex":0},"west":{"uv":[11.333334,6.0,11.416667,6.416667],"rotation":0,"texture":"#287c310a-45c1-6a4b-c204-780d381af5a0","tintindex":0}}},{"name":"tail","from":[8.000555,8.609932,9.308677],"to":[8.000555,9.702892,9.430117],"rotation":{"angle":0.0,"axis":"x","origin":[8.000555,2.1736112,4.693956]},"faces":{"down":{"uv":[13.333334,1.6666667,13.333334,1.75],"rotation":0,"texture":"#287c310a-45c1-6a4b-c204-780d381af5a0","tintindex":0},"east":{"uv":[11.333334,9.0,11.416667,9.416667],"rotation":0,"texture":"#287c310a-45c1-6a4b-c204-780d381af5a0","tintindex":0},"north":{"uv":[13.0,12.333334,13.0,12.75],"rotation":0,"texture":"#287c310a-45c1-6a4b-c204-780d381af5a0","tintindex":0},"south":{"uv":[13.333334,0.0,13.333334,0.4166667],"rotation":0,