{"file_name":"acorn","texture_size":[48,48],"textures":{"57faf400-986c-9eb6-eb21-ebfc59bdeb23":"modelengine:entity/texture"},"elements":[{"name":"cube","from":[7.590594,5.830531,8.263249],"to":[8.2752495,6.589344,8.492],"rotation":{"angle":45.0,"axis":"x","origin":[7.9645624,8.360937,10.676563]},"faces":{"down":{"uv":[10.0,2.6666667,10.5,2.9166667],"rotation":0,"texture":"#57faf400-986c-9eb6-eb21-ebfc59bdeb23","tintindex":0},"east":{"uv":[9.666667,8.0,9.916667,8.5],"rotation":0,"texture":"#57faf400-986c-9eb6-eb21-ebfc59bdeb23","tintindex":0},"north":{"uv":[8.0,8.0,8.5,8.5],"rotation":0,"texture":"#57faf400-986c-9eb6-eb21-ebfc59bdeb23","tintindex":0},"south":{"uv":[3.6666667,8.333334,4.166667,8.833334],"rotation":0,"texture":"#57faf400-986c-9eb6-eb21-ebfc59bdeb23","tintindex":0},"up":{"uv":[2.5,10.25,2.0,10.0],"rotation":0,"texture":"#57faf400-986c-9eb6-eb21-ebfc59bdeb23","tintindex":0},"west":{"uv":[0.0,10.0,0.25,10.5],"rotation":0,"texture":"#57faf400-986c-9eb6-eb21-ebfc59bdeb23","tintindex":0}}},{"name":"cube","from":[7.879906,6.1172185,8.084281],"to":[7.986219,6.2373123,8.73575],"rotation":{"angle":45.0,"axis":"x","origin":[8.0,8.360937,10.676563]},"faces":{"down":{"uv":[11.333334,5.0,11.416667,5.416667],"rotation":0,"texture":"#57faf400-986c-9eb6-eb21-ebfc59bdeb23","tintindex":0},"east":{"uv":[3.6666667,11.333334,4.0833335,11.416667],"rotation":0,"texture":"#57faf400-986c-9eb6-eb21-ebfc59bdeb23","tintindex":0},"north":{"uv":[0.0,12.333334,0.083333336,12.416667],"rotation":0,"texture":"#57faf400-986c-9eb6-eb21-ebfc59bdeb23","tintindex":0},"south":{"uv":[12.333334,0.0,12.416667,0.083333336],"rotation":0,"texture":"#57faf400-986c-9eb6-eb21-ebfc59bdeb23","tintindex":0},"up":{"uv":[4.75,11.75,4.666667,11.333334],"rotation":0,"texture":"#57faf400-986c-9eb6-eb21-ebfc59bdeb23","tintindex":0},"west":{"uv":[11.333334,4.3333335,11.75,4.416667],"rotation":0,"texture":"#57faf400-986c-9eb6-eb21-ebfc59bdeb23","tintindex":0}}},{"name":"cube","from":[7.675156,6.0284376,8.279],"to":[8.20475,6.5855937,9.0305],"rotation":{"angle":45.0,"axis":"x","origin":[8.0,8.360937,10.557032]},"faces":{"down":{"uv":[9.666667,7.0,10.0,7.5],"rotation":0,"texture":"#57faf400-986c-9eb6-eb21-ebfc59bdeb23","tintindex":0},"east":{"uv":[9.333334,4.0,9.833334,4.3333335],"rotation":0,"texture":"#57faf400-986c-9eb6-eb21-ebfc59bdeb23","tintindex":0},"north":{"uv":[10.0,9.0,10.333334,9.333334],"rotation":0,"texture":"#57faf400-986c-9eb6-eb21-ebfc59bdeb23","tintindex":0},"south":{"uv":[10.0,9.666667,10.333334,10.0],"rotation":0,"texture":"#57faf400-986c-9eb6-eb21-ebfc59bdeb23","tintindex":0},"up":{"uv":[1.6666667,10.166667,1.3333334,9.666667],"rotation":0,"texture":"#57faf400-986c-9eb6-eb21-ebfc59bdeb23","tintindex":0},"west":{"uv":[9.666667,4.666667,10.166667,5.0],"rotation":0,"texture":"#57faf400-986c-9eb6-eb21-ebfc59bdeb23","tintindex":0}}}],"display":{"head":{"translation":[0.0,-6.4,0.0],"rotation":[0.0,0.0,0.0],"scale":[3.8095,3.8095,3.8095]},"gui":{"translation":[0.0,0.0,0.0],"rotation":[35.0,225.0,0.0],"scale":[0.625,0.625,0.625]}}}