{"file_name":"acorn","texture_size":[48,48],"textures":{"57faf400-986c-9eb6-eb21-ebfc59bdeb23":"modelengine:entity/squirrel"},"elements":[{"name":"cube","from":[7.590594,8.006897,7.3772287],"to":[8.2752495,8.76571,7.605979],"rotation":{"angle":45.0,"axis":"x","origin":[7.9353127,8.379599,7.606446]},"faces":{"down":{"uv":[10.0,2.6666667,10.5,2.9166667],"rotation":0,"texture":"#57faf400-986c-9eb6-eb21-ebfc59bdeb23","tintindex":0},"east":{"uv":[9.666667,8.0,9.916667,8.5],"rotation":0,"texture":"#57faf400-986c-9eb6-eb21-ebfc59bdeb23","tintindex":0},"north":{"uv":[8.0,8.0,8.5,8.5],"rotation":0,"texture":"#57faf400-986c-9eb6-eb21-ebfc59bdeb23","tintindex":0},"south":{"uv":[3.6666667,8.333334,4.166667,8.833334],"rotation":0,"texture":"#57faf400-986c-9eb6-eb21-ebfc59bdeb23","tintindex":0},"up":{"uv":[2.5,10.25,2.0,10.0],"rotation":0,"texture":"#57faf400-986c-9eb6-eb21-ebfc59bdeb23","tintindex":0},"west":{"uv":[0.0,10.0,0.25,10.5],"rotation":0,"texture":"#57faf400-986c-9eb6-eb21-ebfc59bdeb23","tintindex":0}}},{"name":"cube","from":[7.879906,8.293585,7.1982603],"to":[7.986219,8.413679,7.8497286],"rotation":{"angle":45.0,"axis":"x","origin":[7.9353127,8.379599,7.606446]},"faces":{"down":{"uv":[11.333334,5.0,11.416667,5.416667],"rotation":0,"texture":"#57faf400-986c-9eb6-eb21-ebfc59bdeb23","tintindex":0},"east":{"uv":[3.6666667,11.333334,4.0833335,11.416667],"rotation":0,"texture":"#57faf400-986c-9eb6-eb21-ebfc59bdeb23","tintindex":0},"north":{"uv":[0.0,12.333334,0.083333336,12.416667],"rotation":0,"texture":"#57faf400-986c-9eb6-eb21-ebfc59bdeb23","tintindex":0},"south":{"uv":[12.333334,0.0,12.416667,0.083333336],"rotation":0,"texture":"#57faf400-986c-9eb6-eb21-ebfc59bdeb23","tintindex":0},"up":{"uv":[4.75,11.75,4.666667,11.333334],"rotation":0,"texture":"#57faf400-986c-9eb6-eb21-ebfc59bdeb23","tintindex":0},"west":{"uv":[11.333334,4.3333335,11.75,4.416667],"rotation":0,"texture":"#57faf400-986c-9eb6-eb21-ebfc59bdeb23","tintindex":0}}},{"name":"cube","from":[7.675156,8.120282,7.427989],"to":[8.20475,8.677439,8.179489],"rotation":{"angle":45.0,"axis":"x","origin":[7.9353127,8.379599,7.606446]},"faces":{"down":{"uv":[9.666667,7.0,10.0,7.5],"rotation":0,"texture":"#57faf400-986c-9eb6-eb21-ebfc59bdeb23","tintindex":0},"east":{"uv":[9.333334,4.0,9.833334,4.3333335],"rotation":0,"texture":"#57faf400-986c-9eb6-eb21-ebfc59bdeb23","tintindex":0},"north":{"uv":[10.0,9.0,10.333334,9.333334],"rotation":0,"texture":"#57faf400-986c-9eb6-eb21-ebfc59bdeb23","tintindex":0},"south":{"uv":[10.0,9.666667,10.333334,10.0],"rotation":0,"texture":"#57faf400-986c-9eb6-eb21-ebfc59bdeb23","tintindex":0},"up":{"uv":[1.6666667,10.166667,1.3333334,9.666667],"rotation":0,"texture":"#57faf400-986c-9eb6-eb21-ebfc59bdeb23","tintindex":0},"west":{"uv":[9.666667,4.666667,10.166667,5.0],"rotation":0,"texture":"#57faf400-986c-9eb6-eb21-ebfc59bdeb23","tintindex":0}}}],"display":{"head":{"translation":[0.0,-6.4,0.0],"rotation":[0.0,0.0,0.0],"scale":[3.8095,3.8095,3.8095]},"gui":{"translation":[0.0,0.0,0.0],"rotation":[35.0,225.0,0.0],"scale":[0.625,0.625,0.625]}}}