{"file_name":"armleftlow","texture_size":[48,48],"textures":{"57faf400-986c-9eb6-eb21-ebfc59bdeb23":"modelengine:entity/texture"},"elements":[{"name":"cube","from":[7.49234,7.7834477,7.0820913],"to":[7.9963403,8.287448,8.468092],"rotation":{"angle":-22.5,"axis":"y","origin":[8.81534,8.885948,8.783092]},"faces":{"down":{"uv":[3.3333335,9.333334,3.5833335,10.083334],"rotation":0,"texture":"#57faf400-986c-9eb6-eb21-ebfc59bdeb23","tintindex":0},"east":{"uv":[9.0,6.3333335,9.75,6.5833335],"rotation":0,"texture":"#57faf400-986c-9eb6-eb21-ebfc59bdeb23","tintindex":0},"north":{"uv":[1.3333334,10.666667,1.5833334,10.916667],"rotation":0,"texture":"#57faf400-986c-9eb6-eb21-ebfc59bdeb23","tintindex":0},"south":{"uv":[2.0,10.666667,2.25,10.916667],"rotation":0,"texture":"#57faf400-986c-9eb6-eb21-ebfc59bdeb23","tintindex":0},"up":{"uv":[9.583334,3.4166667,9.333334,2.6666667],"rotation":0,"texture":"#57faf400-986c-9eb6-eb21-ebfc59bdeb23","tintindex":0},"west":{"uv":[9.333334,2.0,10.083334,2.25],"rotation":0,"texture":"#57faf400-986c-9eb6-eb21-ebfc59bdeb23","tintindex":0}}},{"name":"cube","from":[7.5281057,7.7295413,6.7670918],"to":[7.906106,8.107541,7.145092],"rotation":{"angle":-22.5,"axis":"y","origin":[8.828231,8.832042,8.783092]},"faces":{"down":{"uv":[11.0,0.6666667,11.25,0.9166667],"rotation":0,"texture":"#57faf400-986c-9eb6-eb21-ebfc59bdeb23","tintindex":0},"east":{"uv":[10.666667,9.0,10.916667,9.25],"rotation":0,"texture":"#57faf400-986c-9eb6-eb21-ebfc59bdeb23","tintindex":0},"north":{"uv":[5.3333335,10.666667,5.5833335,10.916667],"rotation":0,"texture":"#57faf400-986c-9eb6-eb21-ebfc59bdeb23","tintindex":0},"south":{"uv":[10.666667,9.666667,10.916667,9.916667],"rotation":0,"texture":"#57faf400-986c-9eb6-eb21-ebfc59bdeb23","tintindex":0},"up":{"uv":[11.25,0.25,11.0,0.0],"rotation":0,"texture":"#57faf400-986c-9eb6-eb21-ebfc59bdeb23","tintindex":0},"west":{"uv":[0.0,11.0,0.25,11.25],"rotation":0,"texture":"#57faf400-986c-9eb6-eb21-ebfc59bdeb23","tintindex":0}}}],"display":{"head":{"translation":[0.0,-6.4,0.0],"rotation":[0.0,0.0,0.0],"scale":[3.8095,3.8095,3.8095]},"gui":{"translation":[0.0,0.0,0.0],"rotation":[35.0,225.0,0.0],"scale":[0.625,0.625,0.625]}}}