{"file_name":"armleft","texture_size":[48,48],"textures":{"57faf400-986c-9eb6-eb21-ebfc59bdeb23":"modelengine:entity/texture"},"elements":[{"name":"cube","from":[7.76216,7.2701817,7.498252],"to":[8.329161,8.152182,8.128252],"rotation":{"angle":0.0,"axis":"x","origin":[9.14816,8.372682,8.443253]},"faces":{"down":{"uv":[5.3333335,10.0,5.666667,10.333334],"rotation":0,"texture":"#57faf400-986c-9eb6-eb21-ebfc59bdeb23","tintindex":0},"east":{"uv":[9.333334,9.333334,9.666667,9.833334],"rotation":0,"texture":"#57faf400-986c-9eb6-eb21-ebfc59bdeb23","tintindex":0},"north":{"uv":[8.666667,9.333334,9.0,9.833334],"rotation":0,"texture":"#57faf400-986c-9eb6-eb21-ebfc59bdeb23","tintindex":0},"south":{"uv":[9.666667,0.0,10.0,0.5],"rotation":0,"texture":"#57faf400-986c-9eb6-eb21-ebfc59bdeb23","tintindex":0},"up":{"uv":[5.0,10.333334,4.666667,10.0],"rotation":0,"texture":"#57faf400-986c-9eb6-eb21-ebfc59bdeb23","tintindex":0},"west":{"uv":[0.6666667,9.666667,1.0,10.166667],"rotation":0,"texture":"#57faf400-986c-9eb6-eb21-ebfc59bdeb23","tintindex":0}}}],"display":{"head":{"translation":[0.0,-6.4,0.0],"rotation":[0.0,0.0,0.0],"scale":[3.8095,3.8095,3.8095]},"gui":{"translation":[0.0,0.0,0.0],"rotation":[35.0,225.0,0.0],"scale":[0.625,0.625,0.625]}}}