{"file_name":"armrightlow","texture_size":[48,48],"textures":{"57faf400-986c-9eb6-eb21-ebfc59bdeb23":"modelengine:entity/texture"},"elements":[{"name":"cube","from":[8.003645,7.7834373,7.145094],"to":[8.507645,8.287437,8.531094],"rotation":{"angle":22.5,"axis":"y","origin":[7.1846447,8.885938,8.846094]},"faces":{"down":{"uv":[9.0,8.0,9.25,8.75],"rotation":0,"texture":"#57faf400-986c-9eb6-eb21-ebfc59bdeb23","tintindex":0},"east":{"uv":[9.0,1.3333334,9.75,1.5833334],"rotation":0,"texture":"#57faf400-986c-9eb6-eb21-ebfc59bdeb23","tintindex":0},"north":{"uv":[10.333334,10.333334,10.583334,10.583334],"rotation":0,"texture":"#57faf400-986c-9eb6-eb21-ebfc59bdeb23","tintindex":0},"south":{"uv":[0.6666667,10.666667,0.9166667,10.916667],"rotation":0,"texture":"#57faf400-986c-9eb6-eb21-ebfc59bdeb23","tintindex":0},"up":{"uv":[8.25,9.75,8.0,9.0],"rotation":0,"texture":"#57faf400-986c-9eb6-eb21-ebfc59bdeb23","tintindex":0},"west":{"uv":[9.0,5.666667,9.75,5.916667],"rotation":0,"texture":"#57faf400-986c-9eb6-eb21-ebfc59bdeb23","tintindex":0}}},{"name":"cube","from":[8.093879,7.7295313,6.8300934],"to":[8.471879,8.107531,7.2080936],"rotation":{"angle":22.5,"axis":"y","origin":[7.197535,8.832031,8.846094]},"faces":{"down":{"uv":[10.666667,4.666667,10.916667,4.916667],"rotation":0,"texture":"#57faf400-986c-9eb6-eb21-ebfc59bdeb23","tintindex":0},"east":{"uv":[2.6666667,10.666667,2.9166667,10.916667],"rotation":0,"texture":"#57faf400-986c-9eb6-eb21-ebfc59bdeb23","tintindex":0},"north":{"uv":[10.666667,2.0,10.916667,2.25],"rotation":0,"texture":"#57faf400-986c-9eb6-eb21-ebfc59bdeb23","tintindex":0},"south":{"uv":[3.3333335,10.666667,3.5833335,10.916667],"rotation":0,"texture":"#57faf400-986c-9eb6-eb21-ebfc59bdeb23","tintindex":0},"up":{"uv":[4.916667,10.916667,4.666667,10.666667],"rotation":0,"texture":"#57faf400-986c-9eb6-eb21-ebfc59bdeb23","tintindex":0},"west":{"uv":[10.666667,3.3333335,10.916667,3.5833335],"rotation":0,"texture":"#57faf400-986c-9eb6-eb21-ebfc59bdeb23","tintindex":0}}}],"display":{"head":{"translation":[0.0,-6.4,0.0],"rotation":[0.0,0.0,0.0],"scale":[3.8095,3.8095,3.8095]},"gui":{"translation":[0.0,0.0,0.0],"rotation":[35.0,225.0,0.0],"scale":[0.625,0.625,0.625]}}}