{"file_name":"footleft","texture_size":[48,48],"textures":{"57faf400-986c-9eb6-eb21-ebfc59bdeb23":"modelengine:entity/texture"},"elements":[{"name":"cube","from":[7.644356,7.812574,7.174721],"to":[8.211355,8.064573,8.18272],"rotation":{"angle":0.0,"axis":"x","origin":[9.278231,9.671074,8.68672]},"faces":{"down":{"uv":[9.0,4.666667,9.333334,5.25],"rotation":0,"texture":"#57faf400-986c-9eb6-eb21-ebfc59bdeb23","tintindex":0},"east":{"uv":[8.0,10.333334,8.583334,10.5],"rotation":0,"texture":"#57faf400-986c-9eb6-eb21-ebfc59bdeb23","tintindex":0},"north":{"uv":[8.0,11.0,8.333334,11.166667],"rotation":0,"texture":"#57faf400-986c-9eb6-eb21-ebfc59bdeb23","tintindex":0},"south":{"uv":[8.666667,11.0,9.0,11.166667],"rotation":0,"texture":"#57faf400-986c-9eb6-eb21-ebfc59bdeb23","tintindex":0},"up":{"uv":[3.0,9.583334,2.6666667,9.0],"rotation":0,"texture":"#57faf400-986c-9eb6-eb21-ebfc59bdeb23","tintindex":0},"west":{"uv":[10.333334,8.333334,10.916667,8.5],"rotation":0,"texture":"#57faf400-986c-9eb6-eb21-ebfc59bdeb23","tintindex":0}}}],"display":{"head":{"translation":[0.0,-6.4,0.0],"rotation":[0.0,0.0,0.0],"scale":[3.8095,3.8095,3.8095]},"gui":{"translation":[0.0,0.0,0.0],"rotation":[35.0,225.0,0.0],"scale":[0.625,0.625,0.625]}}}