{"file_name":"footright","texture_size":[48,48],"textures":{"57faf400-986c-9eb6-eb21-ebfc59bdeb23":"modelengine:entity/squirrel"},"elements":[{"name":"cube","from":[7.7886286,7.812594,7.174719],"to":[8.355629,8.064594,8.182718],"rotation":{"angle":0.0,"axis":"x","origin":[8.003785,7.953125,8.051562]},"faces":{"down":{"uv":[2.0,9.0,2.3333335,9.583334],"rotation":0,"texture":"#57faf400-986c-9eb6-eb21-ebfc59bdeb23","tintindex":0},"east":{"uv":[7.0,10.333334,7.5833335,10.5],"rotation":0,"texture":"#57faf400-986c-9eb6-eb21-ebfc59bdeb23","tintindex":0},"north":{"uv":[11.0,6.666667,11.333334,6.8333335],"rotation":0,"texture":"#57faf400-986c-9eb6-eb21-ebfc59bdeb23","tintindex":0},"south":{"uv":[7.3333335,11.0,7.666667,11.166667],"rotation":0,"texture":"#57faf400-986c-9eb6-eb21-ebfc59bdeb23","tintindex":0},"up":{"uv":[4.3333335,5.5833335,4.0,5.0],"rotation":0,"texture":"#57faf400-986c-9eb6-eb21-ebfc59bdeb23","tintindex":0},"west":{"uv":[10.333334,7.666667,10.916667,7.8333335],"rotation":0,"texture":"#57faf400-986c-9eb6-eb21-ebfc59bdeb23","tintindex":0}}}],"display":{"head":{"translation":[0.0,-6.4,0.0],"rotation":[0.0,0.0,0.0],"scale":[3.8095,3.8095,3.8095]},"gui":{"translation":[0.0,0.0,0.0],"rotation":[35.0,225.0,0.0],"scale":[0.625,0.625,0.625]}}}