{"file_name":"headandneck","texture_size":[48,48],"textures":{"57faf400-986c-9eb6-eb21-ebfc59bdeb23":"modelengine:entity/texture"},"elements":[{"name":"cube","from":[7.5275,7.6640406,6.218402],"to":[8.4725,8.798041,7.730402],"rotation":{"angle":22.5,"axis":"x","origin":[8.0315,7.1915407,7.1634016]},"faces":{"down":{"uv":[7.166667,0.0,6.666667,0.8333334],"rotation":0,"texture":"#57faf400-986c-9eb6-eb21-ebfc59bdeb23","tintindex":0},"east":{"uv":[6.8333335,3.0,6.0,3.6666667],"rotation":0,"texture":"#57faf400-986c-9eb6-eb21-ebfc59bdeb23","tintindex":0},"north":{"uv":[4.5,7.3333335,4.0,8.0],"rotation":0,"texture":"#57faf400-986c-9eb6-eb21-ebfc59bdeb23","tintindex":0},"south":{"uv":[7.8333335,7.0,7.3333335,7.666667],"rotation":0,"texture":"#57faf400-986c-9eb6-eb21-ebfc59bdeb23","tintindex":0},"up":{"uv":[3.0,7.166667,3.5,6.3333335],"rotation":0,"texture":"#57faf400-986c-9eb6-eb21-ebfc59bdeb23","tintindex":0},"west":{"uv":[6.5,2.0,5.666667,2.6666667],"rotation":0,"texture":"#57faf400-986c-9eb6-eb21-ebfc59bdeb23","tintindex":0}}}],"display":{"head":{"translation":[0.0,-6.4,0.0],"rotation":[0.0,0.0,0.0],"scale":[3.8095,3.8095,3.8095]},"gui":{"translation":[0.0,0.0,0.0],"rotation":[35.0,225.0,0.0],"scale":[0.625,0.625,0.625]}}}