{"file_name":"head","texture_size":[48,48],"textures":{"57faf400-986c-9eb6-eb21-ebfc59bdeb23":"modelengine:entity/texture"},"elements":[{"name":"cube","from":[7.161586,7.5025973,7.457067],"to":[8.862586,8.0065975,8.150066],"rotation":{"angle":0.0,"axis":"x","origin":[7.9805856,6.9040976,8.087067]},"faces":{"down":{"uv":[7.3333335,2.3333335,8.25,2.75],"rotation":0,"texture":"#57faf400-986c-9eb6-eb21-ebfc59bdeb23","tintindex":0},"east":{"uv":[10.333334,4.0,10.75,4.25],"rotation":0,"texture":"#57faf400-986c-9eb6-eb21-ebfc59bdeb23","tintindex":0},"north":{"uv":[8.333334,7.3333335,9.25,7.5833335],"rotation":0,"texture":"#57faf400-986c-9eb6-eb21-ebfc59bdeb23","tintindex":0},"south":{"uv":[0.6666667,9.0,1.5833334,9.25],"rotation":0,"texture":"#57faf400-986c-9eb6-eb21-ebfc59bdeb23","tintindex":0},"up":{"uv":[7.916667,6.416667,7.0,6.0],"rotation":0,"texture":"#57faf400-986c-9eb6-eb21-ebfc59bdeb23","tintindex":0},"west":{"uv":[10.333334,5.3333335,10.75,5.5833335],"rotation":0,"texture":"#57faf400-986c-9eb6-eb21-ebfc59bdeb23","tintindex":0}}},{"name":"cube","from":[7.3924613,7.3765974,7.205067],"to":[8.589461,8.762598,8.276067],"rotation":{"angle":0.0,"axis":"x","origin":[8.022461,6.9040976,7.646067]},"faces":{"down":{"uv":[7.666667,4.0,7.0,4.5833335],"rotation":0,"texture":"#57faf400-986c-9eb6-eb21-ebfc59bdeb23","tintindex":0},"east":{"uv":[2.5833335,6.3333335,2.0,7.0833335],"rotation":0,"texture":"#57faf400-986c-9eb6-eb21-ebfc59bdeb23","tintindex":0},"north":{"uv":[4.666667,6.0,4.0,6.75],"rotation":0,"texture":"#57faf400-986c-9eb6-eb21-ebfc59bdeb23","tintindex":0},"south":{"uv":[6.666667,4.0,6.0,4.75],"rotation":0,"texture":"#57faf400-986c-9eb6-eb21-ebfc59bdeb23","tintindex":0},"up":{"uv":[7.0,1.9166667,7.666667,1.3333334],"rotation":0,"texture":"#57faf400-986c-9eb6-eb21-ebfc59bdeb23","tintindex":0},"west":{"uv":[1.5833334,6.3333335,1.0,7.0833335],"rotation":0,"texture":"#57faf400-986c-9eb6-eb21-ebfc59bdeb23","tintindex":0}}},{"name":"cube","from":[7.4660826,8.258597,7.046536],"to":[7.5920825,8.384598,7.172536],"rotation":{"angle":0.0,"axis":"x","origin":[7.7810826,7.5970974,7.7090673]},"faces":{"down":{"uv":[12.0,8.0,12.083334,8.083334],"rotation":0,"texture":"#57faf400-986c-9eb6-eb21-ebfc59bdeb23","tintindex":0},"east":{"uv":[12.0,5.0,12.083334,5.0833335],"rotation":0,"texture":"#57faf400-986c-9eb6-eb21-ebfc59bdeb23","tintindex":0},"north":{"uv":[3.6666667,12.0,3.75,12.083334],"rotation":0,"texture":"#57faf400-986c-9eb6-eb21-ebfc59bdeb23","tintindex":0},"south":{"uv":[5.3333335,12.0,5.416667,12.083334],"rotation":0,"texture":"#57faf400-986c-9eb6-eb21-ebfc59bdeb23","tintindex":0},"up":{"uv":[12.083334,7.416667,12.0,7.3333335],"rotation":0,"texture":"#57faf400-986c-9eb6-eb21-ebfc59bdeb23","tintindex":0},"west":{"uv":[12.0,5.666667,12.083334,5.75],"rotation":0,"texture":"#57faf400-986c-9eb6-eb21-ebfc59bdeb23","tintindex":0}}},{"name":"cube","from":[7.5395856,7.4395976,7.079067],"to":[8.484586,8.636598,7.205067],"rotation":{"angle":0.0,"axis":"x","origin":[7.9805856,6.9040976,7.646067]},"faces":{"down":{"uv":[10.666667,11.0,11.166667,11.083334],"rotation":0,"texture":"#57faf400-986c-9eb6-eb21-ebfc59bdeb23","tintindex":0},"east":{"uv":[9.333334,11.0,9.416667,11.666667],"rotation":0,"texture":"#57faf400-986c-9eb6-eb21-ebfc59bdeb23","tintindex":0},"north":{"uv":[0.0,7.666667,0.5,8.333334],"rotation":0,"texture":"#57faf400-986c-9eb6-eb21-ebfc59bdeb23","tintindex":0},"south":{"uv":[7.666667,0.0,8.166667,0.6666667],"rotation":0,"texture":"#57faf400-986c-9eb6-eb21-ebfc59bdeb23","tintindex":0},"up":{"uv":[11.5,10.416667,11.0,10.333334],"rotation":0,"texture":"#57faf400-986c-9eb6-eb21-ebfc59bdeb23","tintindex":0},"west":{"uv":[10.0,11.0,10.083334,11.666667],"rotation":0,"texture":"#57faf400-986c-9eb6-eb21-ebfc59bdeb23","tintindex":0}}},{"name":"cube","from":[8.38984,8.258597,7.046536],"to":[8.515841,8.384598,7.172536],"rotation":{"angle":0.0,"axis":"x","origin":[8.179747,7.5970974,7.7090673]},"faces":{"down":{"uv":[12.0,11.666667,12.083334,11.75],"rotation":0,"texture":"#57faf400-986c-9eb6-eb21-ebfc59bdeb23","tintindex":0},"east":{"uv":[9.333334,12.0,9.416667,12.083334],"rotation":0,"texture":"#57faf400-986c-9eb6-eb21-ebfc59bdeb23","tintindex":0},"north":{"uv":[12.0,8.666667,12.083334,8.75],"rotation":0,"texture":"#57faf400-986c-9eb6-eb21-ebfc59bdeb23","tintindex":0},"south":{"uv":[12.0,9.333334,12.083334,9.416667],"rotation":0,"texture":"#57faf400-986c-9eb6-eb21-ebfc59bdeb23","tintindex":0},"up":{"uv":[12.083334,10.083334,12.0,10.0],"rotation":0,"texture":"#57faf400-986c-9eb6-eb21-ebfc59bdeb23","tintindex":0},"west":{"uv":[10.0,12.0,10.083334,12.083334],"rotation":0,"texture":"#57faf400-986c-9eb6-eb21-ebfc59bdeb23","tintindex":0}}},{"name":"cube","from":[7.6655855,7.5655975,6.9179106],"to":[8.358585,8.069597,7.154067],"rotation":{"angle":0.0,"axis":"x","origin":[7.9805856,6.9040976,7.646067]},"faces":{"down":{"uv":[11.333334,2.0,11.75,2.0833335],"rotation":0,"texture":"#57faf400-986c-9eb6-eb21-ebfc59bdeb23","tintindex":0},"east":{"uv":[0.0,11.666667,0.083333336,11.916667],"rotation":0,"texture":"#57faf400-986c-9eb6-eb21-ebfc59bdeb23","tintindex":0},"north":{"uv":[6.0,10.333334,6.416667,10.583334],"rotation":0,"texture":"#57faf400-986c-9eb6-eb21-ebfc59bdeb23","tintindex":0},"south":{"uv":[10.333334,6.0,10.75,6.25],"rotation":0,"texture":"#57faf400-986c-9eb6-eb21-ebfc59bdeb23","tintindex":0},"up":{"uv":[2.4166667,11.416667,2.0,11.333334],"rotation":0,"texture":"#57faf400-986c-9eb6-eb21-ebfc59bdeb23","tintindex":0},"west":{"uv":[11.666667,0.0,11.75,0.25],"rotation":0,"texture":"#57faf400-986c-9eb6-eb21-ebfc59bdeb23","tintindex":0}}},{"name":"cube","from":[7.773117,7.6405973,6.7309732],"to":[8.234648,7.9435973,6.9858794],"rotation":{"angle":0.0,"axis":"x","origin":[7.9805856,6.9040976,7.646067]},"faces":{"down":{"uv":[11.333334,6.0,11.666667,6.0833335],"rotation":0,"texture":"#57faf400-986c-9eb6-eb21-ebfc59bdeb23","tintindex":0},"east":{"uv":[11.333334,8.666667,11.416667,8.916667],"rotation":0,"texture":"#57faf400-986c-9eb6-eb21-ebfc59bdeb23","tintindex":0},"north":{"uv":[9.0,10.333334,9.333334,10.583334],"rotation":0,"texture":"#57faf400-986c-9eb6-eb21-ebfc59bdeb23","tintindex":0},"south":{"uv":[9.666667,10.333334,10.0,10.583334],"rotation":0,"texture":"#57faf400-986c-9eb6-eb21-ebfc59bdeb23","tintindex":0},"up":{"uv":[5.666667,11.416667,5.3333335,11.333334],"rotation":0,"texture":"#57faf400-986c-9eb6-eb21-ebfc59bdeb23","tintindex":0},"west":{"uv":[11.333334,9.333334,11.416667,9.583334],"rotation":0,"texture":"#57faf400-986c-9eb6-eb21-ebfc59bdeb23","tintindex":0}}},{"name":"cube","from":[7.930148,7.851535,6.6231604],"to":[8.07996,7.97641,6.749161],"rotation":{"angle":0.0,"axis":"x","origin":[7.9805856,6.9040976,7.646067]},"faces":{"down":{"uv":[2.0,13.666667,1.6666667,13.916667],"rotation":0,"texture":"#57faf400-986c-9eb6-eb21-ebfc59bdeb23","tintindex":0},"east":{"uv":[0.0,13.666667,0.33333334,13.916667],"rotation":0,"texture":"#57faf400-986c-9eb6-eb21-ebfc59bdeb23","tintindex":0},"north":{"uv":[0.0,13.0,0.33333334,13.25],"rotation":0,"texture":"#57faf400-986c-9eb6-eb21-ebfc59bdeb23","tintindex":0},"south":{"uv":[0.6666667,13.0,1.0,13.25],"rotation":0,"texture":"#57faf400-986c-9eb6-eb21-ebfc59bdeb23","tintindex":0},"up":{"uv":[0.6666667,13.666667,1.0,13.916667],"rotation":0,"texture":"#57faf400-986c-9eb6-eb21-ebfc59bdeb23","tintindex":0},"west":{"uv":[1.6666667,13.0,2.0,13.25],"rotation":0,"texture":"#57faf400-986c-9eb6-eb21-ebfc59bdeb23","tintindex":0}}},{"name":"cube","from":[8.445246,9.093515,7.5246835],"to":[8.571245,9.219515,7.776684],"rotation":{"angle":-22.5,"axis":"z","origin":[8.61034,8.684014,7.650684]},"faces":{"down":{"uv":[10.666667,11.666667,10.75,11.833334],"rotation":0,"texture":"#57faf400-986c-9eb6-eb21-ebfc59bdeb23","tintindex":0},"east":{"uv":[7.3333335,11.666667,7.5,11.75],"rotation":0,"texture":"#57faf400-986c-9eb6-eb21-ebfc59bdeb23","tintindex":0},"north":{"uv":[2.0,12.0,2.0833335,12.083334],"rotation":0,