{"file_name":"legleft","texture_size":[48,48],"textures":{"57faf400-986c-9eb6-eb21-ebfc59bdeb23":"modelengine:entity/squirrel"},"elements":[{"name":"cube","from":[7.461973,7.003721,6.9304714],"to":[8.028973,8.515722,8.568472],"rotation":{"angle":0.0,"axis":"x","origin":[8.973972,8.799221,7.8754716]},"faces":{"down":{"uv":[3.0,7.666667,3.3333335,8.583334],"rotation":0,"texture":"#57faf400-986c-9eb6-eb21-ebfc59bdeb23","tintindex":0},"east":{"uv":[1.3333334,5.0,2.25,5.8333335],"rotation":0,"texture":"#57faf400-986c-9eb6-eb21-ebfc59bdeb23","tintindex":0},"north":{"uv":[6.666667,8.0,7.0,8.833334],"rotation":0,"texture":"#57faf400-986c-9eb6-eb21-ebfc59bdeb23","tintindex":0},"south":{"uv":[7.3333335,8.0,7.666667,8.833334],"rotation":0,"texture":"#57faf400-986c-9eb6-eb21-ebfc59bdeb23","tintindex":0},"up":{"uv":[2.6666667,8.583334,2.3333335,7.666667],"rotation":0,"texture":"#57faf400-986c-9eb6-eb21-ebfc59bdeb23","tintindex":0},"west":{"uv":[2.6666667,5.0,3.5833335,5.8333335],"rotation":0,"texture":"#57faf400-986c-9eb6-eb21-ebfc59bdeb23","tintindex":0}}}],"display":{"head":{"translation":[0.0,-6.4,0.0],"rotation":[0.0,0.0,0.0],"scale":[3.8095,3.8095,3.8095]},"gui":{"translation":[0.0,0.0,0.0],"rotation":[35.0,225.0,0.0],"scale":[0.625,0.625,0.625]}}}