{"file_name":"lowerlegright","texture_size":[48,48],"textures":{"57faf400-986c-9eb6-eb21-ebfc59bdeb23":"modelengine:entity/texture"},"elements":[{"name":"cube","from":[7.7215624,6.5141563,7.6901565],"to":[8.225563,8.089156,8.131156],"rotation":{"angle":0.0,"axis":"x","origin":[6.7765627,8.372656,8.635157]},"faces":{"down":{"uv":[11.0,2.6666667,11.25,2.9166667],"rotation":0,"texture":"#57faf400-986c-9eb6-eb21-ebfc59bdeb23","tintindex":0},"east":{"uv":[8.333334,6.0,8.583334,6.916667],"rotation":0,"texture":"#57faf400-986c-9eb6-eb21-ebfc59bdeb23","tintindex":0},"north":{"uv":[8.333334,4.666667,8.583334,5.5833335],"rotation":0,"texture":"#57faf400-986c-9eb6-eb21-ebfc59bdeb23","tintindex":0},"south":{"uv":[0.0,8.666667,0.25,9.583334],"rotation":0,"texture":"#57faf400-986c-9eb6-eb21-ebfc59bdeb23","tintindex":0},"up":{"uv":[11.25,1.5833334,11.0,1.3333334],"rotation":0,"texture":"#57faf400-986c-9eb6-eb21-ebfc59bdeb23","tintindex":0},"west":{"uv":[8.666667,2.0,8.916667,2.9166667],"rotation":0,"texture":"#57faf400-986c-9eb6-eb21-ebfc59bdeb23","tintindex":0}}}],"display":{"head":{"translation":[0.0,-6.4,0.0],"rotation":[0.0,0.0,0.0],"scale":[3.8095,3.8095,3.8095]},"gui":{"translation":[0.0,0.0,0.0],"rotation":[35.0,225.0,0.0],"scale":[0.625,0.625,0.625]}}}