{"file_name":"body","texture_size":[64,64],"textures":{"85c7b219-db5f-affa-59a9-5809e73d64fd":"modelengine:entity/crab"},"elements":[{"name":"body","from":[9.715914,7.907439,7.616107],"to":[11.5574045,8.433579,8.9314575],"rotation":{"angle":0.0,"axis":"x","origin":[7.987882,8.34144,8.228266]},"faces":{"down":{"uv":[4.5,6.25,5.0,6.625],"rotation":0,"texture":"#85c7b219-db5f-affa-59a9-5809e73d64fd","tintindex":0},"east":{"uv":[9.0,1.0,9.375,1.125],"rotation":0,"texture":"#85c7b219-db5f-affa-59a9-5809e73d64fd","tintindex":0},"north":{"uv":[0.75,8.25,1.25,8.375],"rotation":0,"texture":"#85c7b219-db5f-affa-59a9-5809e73d64fd","tintindex":0},"south":{"uv":[1.5,8.25,2.0,8.375],"rotation":0,"texture":"#85c7b219-db5f-affa-59a9-5809e73d64fd","tintindex":0},"up":{"uv":[4.25,6.625,3.75,6.25],"rotation":0,"texture":"#85c7b219-db5f-affa-59a9-5809e73d64fd","tintindex":0},"west":{"uv":[9.0,1.5,9.375,1.625],"rotation":0,"texture":"#85c7b219-db5f-affa-59a9-5809e73d64fd","tintindex":0}}},{"name":"body","from":[9.715914,7.907439,9.720667],"to":[11.5574045,8.433579,11.036016],"rotation":{"angle":0.0,"axis":"x","origin":[7.987882,8.34144,8.228266]},"faces":{"down":{"uv":[3.0,6.25,3.5,6.625],"rotation":0,"texture":"#85c7b219-db5f-affa-59a9-5809e73d64fd","tintindex":0},"east":{"uv":[8.75,6.75,9.125,6.875],"rotation":0,"texture":"#85c7b219-db5f-affa-59a9-5809e73d64fd","tintindex":0},"north":{"uv":[8.0,6.75,8.5,6.875],"rotation":0,"texture":"#85c7b219-db5f-affa-59a9-5809e73d64fd","tintindex":0},"south":{"uv":[0.0,8.25,0.5,8.375],"rotation":0,"texture":"#85c7b219-db5f-affa-59a9-5809e73d64fd","tintindex":0},"up":{"uv":[2.75,6.625,2.25,6.25],"rotation":0,"texture":"#85c7b219-db5f-affa-59a9-5809e73d64fd","tintindex":0},"west":{"uv":[8.75,8.0,9.125,8.125],"rotation":0,"texture":"#85c7b219-db5f-affa-59a9-5809e73d64fd","tintindex":0}}},{"name":"body","from":[5.8178563,9.214569,6.0376873],"to":[10.026977,9.477638,10.509877],"rotation":{"angle":0.0,"axis":"x","origin":[7.987882,8.34144,8.228266]},"faces":{"down":{"uv":[0.0,4.0,1.125,5.125],"rotation":0,"texture":"#85c7b219-db5f-affa-59a9-5809e73d64fd","tintindex":0},"east":{"uv":[5.75,3.25,6.875,3.375],"rotation":0,"texture":"#85c7b219-db5f-affa-59a9-5809e73d64fd","tintindex":0},"north":{"uv":[5.25,4.75,6.375,4.875],"rotation":0,"texture":"#85c7b219-db5f-affa-59a9-5809e73d64fd","tintindex":0},"south":{"uv":[6.75,4.75,7.875,4.875],"rotation":0,"texture":"#85c7b219-db5f-affa-59a9-5809e73d64fd","tintindex":0},"up":{"uv":[4.875,2.875,3.75,1.75],"rotation":0,"texture":"#85c7b219-db5f-affa-59a9-5809e73d64fd","tintindex":0},"west":{"uv":[6.75,5.25,7.875,5.375],"rotation":0,"texture":"#85c7b219-db5f-affa-59a9-5809e73d64fd","tintindex":0}}},{"name":"body","from":[6.343996,8.636584,4.92986],"to":[6.8701363,8.899654,5.19293],"rotation":{"angle":0.0,"axis":"x","origin":[7.987882,8.34144,8.228266]},"faces":{"down":{"uv":[10.0,9.0,10.125,9.125],"rotation":0,"texture":"#85c7b219-db5f-affa-59a9-5809e73d64fd","tintindex":0},"east":{"uv":[10.0,7.0,10.125,7.125],"rotation":0,"texture":"#85c7b219-db5f-affa-59a9-5809e73d64fd","tintindex":0},"north":{"uv":[10.0,3.5,10.5,3.75],"rotation":0,"texture":"#85c7b219-db5f-affa-59a9-5809e73d64fd","tintindex":0},"south":{"uv":[10.0,7.5,10.125,7.625],"rotation":0,"texture":"#85c7b219-db5f-affa-59a9-5809e73d64fd","tintindex":0},"up":{"uv":[10.125,8.625,10.0,8.5],"rotation":0,"texture":"#85c7b219-db5f-affa-59a9-5809e73d64fd","tintindex":0},"west":{"uv":[10.0,8.0,10.125,8.125],"rotation":0,"texture":"#85c7b219-db5f-affa-59a9-5809e73d64fd","tintindex":0}}},{"name":"body","from":[8.711626,8.636584,4.92986],"to":[9.237766,8.899654,5.19293],"rotation":{"angle":0.0,"axis":"x","origin":[7.987882,8.34144,8.228266]},"faces":{"down":{"uv":[10.0,6.0,10.125,6.125],"rotation":0,"texture":"#85c7b219-db5f-affa-59a9-5809e73d64fd","tintindex":0},"east":{"uv":[10.0,4.0,10.125,4.125],"rotation":0,"texture":"#85c7b219-db5f-affa-59a9-5809e73d64fd","tintindex":0},"north":{"uv":[10.0,3.5,10.5,3.75],"rotation":0,"texture":"#85c7b219-db5f-affa-59a9-5809e73d64fd","tintindex":0},"south":{"uv":[10.0,4.5,10.125,4.625],"rotation":0,"texture":"#85c7b219-db5f-affa-59a9-5809e73d64fd","tintindex":0},"up":{"uv":[10.125,5.625,10.0,5.5],"rotation":0,"texture":"#85c7b219-db5f-affa-59a9-5809e73d64fd","tintindex":0},"west":{"uv":[10.0,5.0,10.125,5.125],"rotation":0,"texture":"#85c7b219-db5f-affa-59a9-5809e73d64fd","tintindex":0}}},{"name":"body","from":[5.5547857,7.3730783,5.511547],"to":[10.290047,9.214569,10.772947],"rotation":{"angle":0.0,"axis":"x","origin":[7.987882,8.34144,8.228266]},"faces":{"down":{"uv":[3.75,0.0,5.0,1.375],"rotation":0,"texture":"#85c7b219-db5f-affa-59a9-5809e73d64fd","tintindex":0},"east":{"uv":[1.5,4.0,2.875,4.5],"rotation":0,"texture":"#85c7b219-db5f-affa-59a9-5809e73d64fd","tintindex":0},"north":{"uv":[5.25,5.25,6.5,5.75],"rotation":0,"texture":"#85c7b219-db5f-affa-59a9-5809e73d64fd","tintindex":0},"south":{"uv":[5.25,0.0,6.5,0.5],"rotation":0,"texture":"#85c7b219-db5f-affa-59a9-5809e73d64fd","tintindex":0},"up":{"uv":[5.0,5.125,3.75,3.75],"rotation":0,"texture":"#85c7b219-db5f-affa-59a9-5809e73d64fd","tintindex":0},"west":{"uv":[1.5,4.75,2.875,5.25],"rotation":0,"texture":"#85c7b219-db5f-affa-59a9-5809e73d64fd","tintindex":0}}},{"name":"body","from":[5.028646,7.6361485,4.985407],"to":[10.816187,8.688429,11.299088],"rotation":{"angle":0.0,"axis":"x","origin":[7.987882,8.34144,8.228266]},"faces":{"down":{"uv":[2.0,0.0,3.5,1.625],"rotation":0,"texture":"#85c7b219-db5f-affa-59a9-5809e73d64fd","tintindex":0},"east":{"uv":[3.75,3.25,5.375,3.5],"rotation":0,"texture":"#85c7b219-db5f-affa-59a9-5809e73d64fd","tintindex":0},"north":{"uv":[5.25,1.25,6.75,1.5],"rotation":0,"texture":"#85c7b219-db5f-affa-59a9-5809e73d64fd","tintindex":0},"south":{"uv":[5.25,1.75,6.75,2.0],"rotation":0,"texture":"#85c7b219-db5f-affa-59a9-5809e73d64fd","tintindex":0},"up":{"uv":[3.5,3.625,2.0,2.0],"rotation":0,"texture":"#85c7b219-db5f-affa-59a9-5809e73d64fd","tintindex":0},"west":{"uv":[5.25,0.75,6.875,1.0],"rotation":0,"texture":"#85c7b219-db5f-affa-59a9-5809e73d64fd","tintindex":0}}},{"name":"body","from":[5.8178563,7.907439,9.983738],"to":[7.1332064,8.433579,11.825228],"rotation":{"angle":0.0,"axis":"x","origin":[7.987882,8.34144,8.228266]},"faces":{"down":{"uv":[1.5,6.25,1.875,6.75],"rotation":0,"texture":"#85c7b219-db5f-affa-59a9-5809e73d64fd","tintindex":0},"east":{"uv":[8.0,5.75,8.5,5.875],"rotation":0,"texture":"#85c7b219-db5f-affa-59a9-5809e73d64fd","tintindex":0},"north":{"uv":[8.75,5.75,9.125,5.875],"rotation":0,"texture":"#85c7b219-db5f-affa-59a9-5809e73d64fd","tintindex":0},"south":{"uv":[8.75,6.25,9.125,6.375],"rotation":0,"texture":"#85c7b219-db5f-affa-59a9-5809e73d64fd","tintindex":0},"up":{"uv":[1.125,6.75,0.75,6.25],"rotation":0,"texture":"#85c7b219-db5f-affa-59a9-5809e73d64fd","tintindex":0},"west":{"uv":[8.0,6.25,8.5,6.375],"rotation":0,"texture":"#85c7b219-db5f-affa-59a9-5809e73d64fd","tintindex":0}}},{"name":"body","from":[9.237766,7.907439,9.983738],"to":[10.553116,8.433579,11.825228],"rotation":{"angle":0.0,"axis":"x","origin":[7.987882,8.34144,8.228266]},"faces":{"down":{"uv":[0.0,6.25,0.375,6.75],"rotation":0,"texture":"#85c7b219-db5f-affa-59a9-5809e73d64fd","tintindex":0},"east":{"uv":[8.0,0.0,8.5,0.125],"rotation":0,"texture":"#85c7b219-db5f-affa-59a9-5809e73d64fd","tintindex":0},"north":{"uv":[8.75,0.5,9.125,0.625],"rotation":0,"texture":"#85c7b219-db5f-affa-59a9-5809e73d64fd","tintindex":0},"south":{"uv":[8.75,4.75,9.125,4.875],"rotation":0,"texture":"#85c7b219-db5f-affa-59a9-5809e73d64fd","tintindex":0},"up":{"uv":[6.375,6.5,6.0,6.0],"rotation":0,"texture":"#85c7b219-db5f-affa-59a9-5809e73d64fd","tintindex":0},"west":{"uv":[8.0,0.5,8.5,0.625],"rotation":0,"texture":"#85c7b219-db5f-affa-59a9-5809e73d64fd","tintindex":0}}},{"name":"body","from":[4.5025063,7.9156604,9.720667],"to":[6.343996,8.4418,11.036016],"rotation":{"angle":0.0,"axis":"x","origin":[7.987882,8.34144,8.228266]},"faces":{"down":{"uv":[5.25,6.0,5.75,6.375],