{"file_name":"l1","texture_size":[64,64],"textures":{"85c7b219-db5f-affa-59a9-5809e73d64fd":"modelengine:entity/crab"},"elements":[{"name":"l1","from":[4.6139774,7.994829,9.937021],"to":[6.455467,8.257898,10.726231],"rotation":{"angle":-45.0,"axis":"y","origin":[10.29591,9.04711,10.755043]},"faces":{"down":{"uv":[3.25,7.0,3.75,7.25],"rotation":0,"texture":"#85c7b219-db5f-affa-59a9-5809e73d64fd","tintindex":0},"east":{"uv":[8.5,9.25,8.75,9.375],"rotation":0,"texture":"#85c7b219-db5f-affa-59a9-5809e73d64fd","tintindex":0},"north":{"uv":[5.75,8.25,6.25,8.375],"rotation":0,"texture":"#85c7b219-db5f-affa-59a9-5809e73d64fd","tintindex":0},"south":{"uv":[6.5,8.25,7.0,8.375],"rotation":0,"texture":"#85c7b219-db5f-affa-59a9-5809e73d64fd","tintindex":0},"up":{"uv":[3.0,7.25,2.5,7.0],"rotation":0,"texture":"#85c7b219-db5f-affa-59a9-5809e73d64fd","tintindex":0},"west":{"uv":[9.0,9.25,9.25,9.375],"rotation":0,"texture":"#85c7b219-db5f-affa-59a9-5809e73d64fd","tintindex":0}}},{"name":"l1","from":[4.350907,7.205619,9.937021],"to":[4.6139774,7.994829,10.726231],"rotation":{"angle":-45.0,"axis":"y","origin":[10.29591,9.04711,10.755043]},"faces":{"down":{"uv":[1.5,9.5,1.625,9.75],"rotation":0,"texture":"#85c7b219-db5f-affa-59a9-5809e73d64fd","tintindex":0},"east":{"uv":[7.25,8.25,7.5,8.5],"rotation":0,"texture":"#85c7b219-db5f-affa-59a9-5809e73d64fd","tintindex":0},"north":{"uv":[0.0,9.5,0.125,9.75],"rotation":0,"texture":"#85c7b219-db5f-affa-59a9-5809e73d64fd","tintindex":0},"south":{"uv":[0.5,9.5,0.625,9.75],"rotation":0,"texture":"#85c7b219-db5f-affa-59a9-5809e73d64fd","tintindex":0},"up":{"uv":[1.125,9.75,1.0,9.5],"rotation":0,"texture":"#85c7b219-db5f-affa-59a9-5809e73d64fd","tintindex":0},"west":{"uv":[7.75,8.25,8.0,8.5],"rotation":0,"texture":"#85c7b219-db5f-affa-59a9-5809e73d64fd","tintindex":0}}},{"name":"l1","from":[4.6139774,7.205619,9.673952],"to":[6.455467,7.994829,10.989302],"rotation":{"angle":-45.0,"axis":"y","origin":[10.29591,9.04711,10.755043]},"faces":{"down":{"uv":[6.75,0.0,7.25,0.375],"rotation":0,"texture":"#85c7b219-db5f-affa-59a9-5809e73d64fd","tintindex":0},"east":{"uv":[4.5,7.75,4.875,8.0],"rotation":0,"texture":"#85c7b219-db5f-affa-59a9-5809e73d64fd","tintindex":0},"north":{"uv":[4.0,7.0,4.5,7.25],"rotation":0,"texture":"#85c7b219-db5f-affa-59a9-5809e73d64fd","tintindex":0},"south":{"uv":[7.0,1.25,7.5,1.5],"rotation":0,"texture":"#85c7b219-db5f-affa-59a9-5809e73d64fd","tintindex":0},"up":{"uv":[7.25,7.125,6.75,6.75],"rotation":0,"texture":"#85c7b219-db5f-affa-59a9-5809e73d64fd","tintindex":0},"west":{"uv":[7.75,7.75,8.125,8.0],"rotation":0,"texture":"#85c7b219-db5f-affa-59a9-5809e73d64fd","tintindex":0}}},{"name":"l1","from":[6.5073442,8.67557,6.245265],"to":[7.2965546,10.517059,7.2975454],"rotation":{"angle":45.0,"axis":"z","origin":[10.29591,9.04711,10.755043]},"faces":{"down":{"uv":[8.25,4.75,8.5,5.0],"rotation":0,"texture":"#85c7b219-db5f-affa-59a9-5809e73d64fd","tintindex":0},"east":{"uv":[7.25,1.75,7.5,2.25],"rotation":0,"texture":"#85c7b219-db5f-affa-59a9-5809e73d64fd","tintindex":0},"north":{"uv":[4.75,7.0,5.0,7.5],"rotation":0,"texture":"#85c7b219-db5f-affa-59a9-5809e73d64fd","tintindex":0},"south":{"uv":[7.25,2.5,7.5,3.0],"rotation":0,"texture":"#85c7b219-db5f-affa-59a9-5809e73d64fd","tintindex":0},"up":{"uv":[8.5,8.5,8.25,8.25],"rotation":0,"texture":"#85c7b219-db5f-affa-59a9-5809e73d64fd","tintindex":0},"west":{"uv":[7.25,3.25,7.5,3.75],"rotation":0,"texture":"#85c7b219-db5f-affa-59a9-5809e73d64fd","tintindex":0}}}],"display":{"head":{"translation":[0.0,-6.4,0.0],"rotation":[0.0,0.0,0.0],"scale":[3.8095,3.8095,3.8095]},"gui":{"translation":[0.0,0.0,0.0],"rotation":[35.0,225.0,0.0],"scale":[0.625,0.625,0.625]}}}