{"file_name":"l4","texture_size":[64,64],"textures":{"85c7b219-db5f-affa-59a9-5809e73d64fd":"modelengine:entity/crab"},"elements":[{"name":"l4","from":[8.374172,5.0698605,7.575273],"to":[8.900312,6.9113507,8.364483],"rotation":{"angle":-22.5,"axis":"z","origin":[11.4659605,8.914113,6.29751]},"faces":{"down":{"uv":[9.5,5.0,9.625,5.25],"rotation":0,"texture":"#85c7b219-db5f-affa-59a9-5809e73d64fd","tintindex":0},"east":{"uv":[0.5,7.5,0.75,8.0],"rotation":0,"texture":"#85c7b219-db5f-affa-59a9-5809e73d64fd","tintindex":0},"north":{"uv":[8.5,2.5,8.625,3.0],"rotation":0,"texture":"#85c7b219-db5f-affa-59a9-5809e73d64fd","tintindex":0},"south":{"uv":[8.5,3.25,8.625,3.75],"rotation":0,"texture":"#85c7b219-db5f-affa-59a9-5809e73d64fd","tintindex":0},"up":{"uv":[9.625,4.75,9.5,4.5],"rotation":0,"texture":"#85c7b219-db5f-affa-59a9-5809e73d64fd","tintindex":0},"west":{"uv":[1.0,7.5,1.25,8.0],"rotation":0,"texture":"#85c7b219-db5f-affa-59a9-5809e73d64fd","tintindex":0}}},{"name":"l4","from":[8.41313,4.9383254,7.8383427],"to":[9.465409,5.2013955,8.101413],"rotation":{"angle":-22.5,"axis":"z","origin":[11.373382,8.914113,6.29751]},"faces":{"down":{"uv":[9.5,7.0,9.75,7.125],"rotation":0,"texture":"#85c7b219-db5f-affa-59a9-5809e73d64fd","tintindex":0},"east":{"uv":[10.25,1.0,10.375,1.125],"rotation":0,"texture":"#85c7b219-db5f-affa-59a9-5809e73d64fd","tintindex":0},"north":{"uv":[9.5,5.5,9.75,5.625],"rotation":0,"texture":"#85c7b219-db5f-affa-59a9-5809e73d64fd","tintindex":0},"south":{"uv":[9.5,6.0,9.75,6.125],"rotation":0,"texture":"#85c7b219-db5f-affa-59a9-5809e73d64fd","tintindex":0},"up":{"uv":[9.75,6.625,9.5,6.5],"rotation":0,"texture":"#85c7b219-db5f-affa-59a9-5809e73d64fd","tintindex":0},"west":{"uv":[10.25,1.5,10.375,1.625],"rotation":0,"texture":"#85c7b219-db5f-affa-59a9-5809e73d64fd","tintindex":0}}}],"display":{"head":{"translation":[0.0,-6.4,0.0],"rotation":[0.0,0.0,0.0],"scale":[3.8095,3.8095,3.8095]},"gui":{"translation":[0.0,0.0,0.0],"rotation":[35.0,225.0,0.0],"scale":[0.625,0.625,0.625]}}}