{"file_name":"l5","texture_size":[64,64],"textures":{"85c7b219-db5f-affa-59a9-5809e73d64fd":"modelengine:entity/crab"},"elements":[{"name":"l5","from":[7.663892,5.2038145,7.2147746],"to":[8.453102,7.0453043,7.740915],"rotation":{"angle":-22.5,"axis":"x","origin":[9.624394,8.887468,5.0368495]},"faces":{"down":{"uv":[9.5,8.0,9.75,8.125],"rotation":0,"texture":"#85c7b219-db5f-affa-59a9-5809e73d64fd","tintindex":0},"east":{"uv":[8.5,4.0,8.625,4.5],"rotation":0,"texture":"#85c7b219-db5f-affa-59a9-5809e73d64fd","tintindex":0},"north":{"uv":[2.5,7.5,2.75,8.0],"rotation":0,"texture":"#85c7b219-db5f-affa-59a9-5809e73d64fd","tintindex":0},"south":{"uv":[3.0,7.5,3.25,8.0],"rotation":0,"texture":"#85c7b219-db5f-affa-59a9-5809e73d64fd","tintindex":0},"up":{"uv":[9.75,7.625,9.5,7.5],"rotation":0,"texture":"#85c7b219-db5f-affa-59a9-5809e73d64fd","tintindex":0},"west":{"uv":[8.5,7.25,8.625,7.75],"rotation":0,"texture":"#85c7b219-db5f-affa-59a9-5809e73d64fd","tintindex":0}}},{"name":"l5","from":[7.9269614,5.0722795,6.631162],"to":[8.190031,5.3353496,7.683442],"rotation":{"angle":-22.5,"axis":"x","origin":[9.624394,8.887468,5.110912]},"faces":{"down":{"uv":[5.5,9.75,5.625,10.0],"rotation":0,"texture":"#85c7b219-db5f-affa-59a9-5809e73d64fd","tintindex":0},"east":{"uv":[9.5,8.5,9.75,8.625],"rotation":0,"texture":"#85c7b219-db5f-affa-59a9-5809e73d64fd","tintindex":0},"north":{"uv":[0.0,10.5,0.125,10.625],"rotation":0,"texture":"#85c7b219-db5f-affa-59a9-5809e73d64fd","tintindex":0},"south":{"uv":[0.5,10.5,0.625,10.625],"rotation":0,"texture":"#85c7b219-db5f-affa-59a9-5809e73d64fd","tintindex":0},"up":{"uv":[5.125,10.0,5.0,9.75],"rotation":0,"texture":"#85c7b219-db5f-affa-59a9-5809e73d64fd","tintindex":0},"west":{"uv":[9.5,9.0,9.75,9.125],"rotation":0,"texture":"#85c7b219-db5f-affa-59a9-5809e73d64fd","tintindex":0}}}],"display":{"head":{"translation":[0.0,-6.4,0.0],"rotation":[0.0,0.0,0.0],"scale":[3.8095,3.8095,3.8095]},"gui":{"translation":[0.0,0.0,0.0],"rotation":[35.0,225.0,0.0],"scale":[0.625,0.625,0.625]}}}