{"file_name":"lc1","texture_size":[64,64],"textures":{"85c7b219-db5f-affa-59a9-5809e73d64fd":"modelengine:entity/crab"},"elements":[{"name":"lc1","from":[7.8540015,9.769693,6.335102],"to":[8.380142,10.032764,7.387382],"rotation":{"angle":-22.5,"axis":"x","origin":[10.340645,10.546341,12.205772]},"faces":{"down":{"uv":[9.5,0.0,9.625,0.25],"rotation":0,"texture":"#85c7b219-db5f-affa-59a9-5809e73d64fd","tintindex":0},"east":{"uv":[4.0,9.5,4.25,9.625],"rotation":0,"texture":"#85c7b219-db5f-affa-59a9-5809e73d64fd","tintindex":0},"north":{"uv":[7.5,10.25,7.625,10.375],"rotation":0,"texture":"#85c7b219-db5f-affa-59a9-5809e73d64fd","tintindex":0},"south":{"uv":[8.0,10.25,8.125,10.375],"rotation":0,"texture":"#85c7b219-db5f-affa-59a9-5809e73d64fd","tintindex":0},"up":{"uv":[9.625,9.75,9.5,9.5],"rotation":0,"texture":"#85c7b219-db5f-affa-59a9-5809e73d64fd","tintindex":0},"west":{"uv":[4.5,9.5,4.75,9.625],"rotation":0,"texture":"#85c7b219-db5f-affa-59a9-5809e73d64fd","tintindex":0}}}],"display":{"head":{"translation":[0.0,-6.4,0.0],"rotation":[0.0,0.0,0.0],"scale":[3.8095,3.8095,3.8095]},"gui":{"translation":[0.0,0.0,0.0],"rotation":[35.0,225.0,0.0],"scale":[0.625,0.625,0.625]}}}