{"file_name":"r1","texture_size":[64,64],"textures":{"85c7b219-db5f-affa-59a9-5809e73d64fd":"modelengine:entity/crab"},"elements":[{"name":"r1","from":[9.43023,8.236235,10.1128025],"to":[11.27172,8.499306,10.902012],"rotation":{"angle":45.0,"axis":"y","origin":[5.589787,9.288515,10.930824]},"faces":{"down":{"uv":[6.75,6.25,7.25,6.5],"rotation":0,"texture":"#85c7b219-db5f-affa-59a9-5809e73d64fd","tintindex":0},"east":{"uv":[9.0,2.0,9.25,2.125],"rotation":0,"texture":"#85c7b219-db5f-affa-59a9-5809e73d64fd","tintindex":0},"north":{"uv":[2.25,8.25,2.75,8.375],"rotation":0,"texture":"#85c7b219-db5f-affa-59a9-5809e73d64fd","tintindex":0},"south":{"uv":[3.0,8.25,3.5,8.375],"rotation":0,"texture":"#85c7b219-db5f-affa-59a9-5809e73d64fd","tintindex":0},"up":{"uv":[7.25,6.0,6.75,5.75],"rotation":0,"texture":"#85c7b219-db5f-affa-59a9-5809e73d64fd","tintindex":0},"west":{"uv":[9.0,2.5,9.25,2.625],"rotation":0,"texture":"#85c7b219-db5f-affa-59a9-5809e73d64fd","tintindex":0}}},{"name":"r1","from":[11.27172,7.4470253,10.1128025],"to":[11.534791,8.236235,10.902012],"rotation":{"angle":45.0,"axis":"y","origin":[5.589787,9.288515,10.930824]},"faces":{"down":{"uv":[9.0,5.25,9.125,5.5],"rotation":0,"texture":"#85c7b219-db5f-affa-59a9-5809e73d64fd","tintindex":0},"east":{"uv":[3.75,8.25,4.0,8.5],"rotation":0,"texture":"#85c7b219-db5f-affa-59a9-5809e73d64fd","tintindex":0},"north":{"uv":[9.0,3.0,9.125,3.25],"rotation":0,"texture":"#85c7b219-db5f-affa-59a9-5809e73d64fd","tintindex":0},"south":{"uv":[9.0,3.5,9.125,3.75],"rotation":0,"texture":"#85c7b219-db5f-affa-59a9-5809e73d64fd","tintindex":0},"up":{"uv":[9.125,4.25,9.0,4.0],"rotation":0,"texture":"#85c7b219-db5f-affa-59a9-5809e73d64fd","tintindex":0},"west":{"uv":[4.25,8.25,4.5,8.5],"rotation":0,"texture":"#85c7b219-db5f-affa-59a9-5809e73d64fd","tintindex":0}}},{"name":"r1","from":[9.43023,7.4470253,9.849733],"to":[11.27172,8.236235,11.165083],"rotation":{"angle":45.0,"axis":"y","origin":[5.589787,9.288515,10.930824]},"faces":{"down":{"uv":[6.0,6.75,6.5,7.125],"rotation":0,"texture":"#85c7b219-db5f-affa-59a9-5809e73d64fd","tintindex":0},"east":{"uv":[7.25,0.75,7.625,1.0],"rotation":0,"texture":"#85c7b219-db5f-affa-59a9-5809e73d64fd","tintindex":0},"north":{"uv":[0.0,7.0,0.5,7.25],"rotation":0,"texture":"#85c7b219-db5f-affa-59a9-5809e73d64fd","tintindex":0},"south":{"uv":[0.75,7.0,1.25,7.25],"rotation":0,"texture":"#85c7b219-db5f-affa-59a9-5809e73d64fd","tintindex":0},"up":{"uv":[5.75,7.125,5.25,6.75],"rotation":0,"texture":"#85c7b219-db5f-affa-59a9-5809e73d64fd","tintindex":0},"west":{"uv":[1.5,7.75,1.875,8.0],"rotation":0,"texture":"#85c7b219-db5f-affa-59a9-5809e73d64fd","tintindex":0}}},{"name":"r1","from":[8.589143,8.916976,6.4210463],"to":[9.378353,10.758467,7.4733267],"rotation":{"angle":-45.0,"axis":"z","origin":[5.589787,9.288515,10.930824]},"faces":{"down":{"uv":[5.25,8.25,5.5,8.5],"rotation":0,"texture":"#85c7b219-db5f-affa-59a9-5809e73d64fd","tintindex":0},"east":{"uv":[3.25,4.75,3.5,5.25],"rotation":0,"texture":"#85c7b219-db5f-affa-59a9-5809e73d64fd","tintindex":0},"north":{"uv":[3.25,4.0,3.5,4.5],"rotation":0,"texture":"#85c7b219-db5f-affa-59a9-5809e73d64fd","tintindex":0},"south":{"uv":[1.5,7.0,1.75,7.5],"rotation":0,"texture":"#85c7b219-db5f-affa-59a9-5809e73d64fd","tintindex":0},"up":{"uv":[5.0,8.5,4.75,8.25],"rotation":0,"texture":"#85c7b219-db5f-affa-59a9-5809e73d64fd","tintindex":0},"west":{"uv":[2.0,7.0,2.25,7.5],"rotation":0,"texture":"#85c7b219-db5f-affa-59a9-5809e73d64fd","tintindex":0}}}],"display":{"head":{"translation":[0.0,-6.4,0.0],"rotation":[0.0,0.0,0.0],"scale":[3.8095,3.8095,3.8095]},"gui":{"translation":[0.0,0.0,0.0],"rotation":[35.0,225.0,0.0],"scale":[0.625,0.625,0.625]}}}