{"file_name":"r2","texture_size":[64,64],"textures":{"85c7b219-db5f-affa-59a9-5809e73d64fd":"modelengine:entity/crab"},"elements":[{"name":"r2","from":[7.243416,5.097355,7.6220355],"to":[7.769556,6.9388447,8.411245],"rotation":{"angle":22.5,"axis":"z","origin":[4.5078645,9.051866,10.290323]},"faces":{"down":{"uv":[2.0,10.0,2.125,10.25],"rotation":0,"texture":"#85c7b219-db5f-affa-59a9-5809e73d64fd","tintindex":0},"east":{"uv":[6.25,7.5,6.5,8.0],"rotation":0,"texture":"#85c7b219-db5f-affa-59a9-5809e73d64fd","tintindex":0},"north":{"uv":[2.0,8.75,2.125,9.25],"rotation":0,"texture":"#85c7b219-db5f-affa-59a9-5809e73d64fd","tintindex":0},"south":{"uv":[2.5,8.75,2.625,9.25],"rotation":0,"texture":"#85c7b219-db5f-affa-59a9-5809e73d64fd","tintindex":0},"up":{"uv":[1.625,10.25,1.5,10.0],"rotation":0,"texture":"#85c7b219-db5f-affa-59a9-5809e73d64fd","tintindex":0},"west":{"uv":[6.75,7.5,7.0,8.0],"rotation":0,"texture":"#85c7b219-db5f-affa-59a9-5809e73d64fd","tintindex":0}}},{"name":"r2","from":[6.682022,4.96582,7.885105],"to":[7.734302,5.22889,8.148175],"rotation":{"angle":22.5,"axis":"z","origin":[4.5078645,9.051866,10.290323]},"faces":{"down":{"uv":[4.0,10.0,4.25,10.125],"rotation":0,"texture":"#85c7b219-db5f-affa-59a9-5809e73d64fd","tintindex":0},"east":{"uv":[3.0,10.5,3.125,10.625],"rotation":0,"texture":"#85c7b219-db5f-affa-59a9-5809e73d64fd","tintindex":0},"north":{"uv":[2.5,10.0,2.75,10.125],"rotation":0,"texture":"#85c7b219-db5f-affa-59a9-5809e73d64fd","tintindex":0},"south":{"uv":[3.0,10.0,3.25,10.125],"rotation":0,"texture":"#85c7b219-db5f-affa-59a9-5809e73d64fd","tintindex":0},"up":{"uv":[3.75,10.125,3.5,10.0],"rotation":0,"texture":"#85c7b219-db5f-affa-59a9-5809e73d64fd","tintindex":0},"west":{"uv":[3.5,10.5,3.625,10.625],"rotation":0,"texture":"#85c7b219-db5f-affa-59a9-5809e73d64fd","tintindex":0}}}],"display":{"head":{"translation":[0.0,-6.4,0.0],"rotation":[0.0,0.0,0.0],"scale":[3.8095,3.8095,3.8095]},"gui":{"translation":[0.0,0.0,0.0],"rotation":[35.0,225.0,0.0],"scale":[0.625,0.625,0.625]}}}