{"file_name":"rc3","texture_size":[64,64],"textures":{"85c7b219-db5f-affa-59a9-5809e73d64fd":"modelengine:entity/crab"},"elements":[{"name":"rc3","from":[7.6935296,9.7486,6.410102],"to":[8.219669,10.01167,7.462382],"rotation":{"angle":-22.5,"axis":"x","origin":[5.7330265,10.525247,12.280772]},"faces":{"down":{"uv":[8.0,9.25,8.125,9.5],"rotation":0,"texture":"#85c7b219-db5f-affa-59a9-5809e73d64fd","tintindex":0},"east":{"uv":[6.5,9.25,6.75,9.375],"rotation":0,"texture":"#85c7b219-db5f-affa-59a9-5809e73d64fd","tintindex":0},"north":{"uv":[5.5,10.25,5.625,10.375],"rotation":0,"texture":"#85c7b219-db5f-affa-59a9-5809e73d64fd","tintindex":0},"south":{"uv":[6.0,10.25,6.125,10.375],"rotation":0,"texture":"#85c7b219-db5f-affa-59a9-5809e73d64fd","tintindex":0},"up":{"uv":[7.625,9.5,7.5,9.25],"rotation":0,"texture":"#85c7b219-db5f-affa-59a9-5809e73d64fd","tintindex":0},"west":{"uv":[7.0,9.25,7.25,9.375],"rotation":0,"texture":"#85c7b219-db5f-affa-59a9-5809e73d64fd","tintindex":0}}}],"display":{"head":{"translation":[0.0,-6.4,0.0],"rotation":[0.0,0.0,0.0],"scale":[3.8095,3.8095,3.8095]},"gui":{"translation":[0.0,0.0,0.0],"rotation":[35.0,225.0,0.0],"scale":[0.625,0.625,0.625]}}}