{"file_name":"sidefinl","texture_size":[48,48],"textures":{"287c310a-45c1-6a4b-c204-780d381af5a0":"modelengine:entity/texture"},"elements":[{"name":"sidefinl","from":[7.829918,7.9075823,8.39375],"to":[7.829918,8.432582,8.76875],"rotation":{"angle":-45.0,"axis":"z","origin":[7.973486,8.010986,8.0]},"faces":{"down":{"uv":[10.666667,12.666667,10.666667,12.916667],"rotation":0,"texture":"#287c310a-45c1-6a4b-c204-780d381af5a0","tintindex":0},"east":{"uv":[8.0,1.6666667,8.25,2.0],"rotation":0,"texture":"#287c310a-45c1-6a4b-c204-780d381af5a0","tintindex":0},"north":{"uv":[12.666667,8.666667,12.666667,9.0],"rotation":0,"texture":"#287c310a-45c1-6a4b-c204-780d381af5a0","tintindex":0},"south":{"uv":[12.666667,9.333334,12.666667,9.666667],"rotation":0,"texture":"#287c310a-45c1-6a4b-c204-780d381af5a0","tintindex":0},"up":{"uv":[12.666667,10.25,12.666667,10.0],"rotation":0,"texture":"#287c310a-45c1-6a4b-c204-780d381af5a0","tintindex":0},"west":{"uv":[8.0,2.3333335,8.25,2.6666667],"rotation":0,"texture":"#287c310a-45c1-6a4b-c204-780d381af5a0","tintindex":0}}},{"name":"sidefinl","from":[8.117048,7.589384,7.26875],"to":[8.117048,8.114384,7.56875],"rotation":{"angle":-45.0,"axis":"z","origin":[7.973486,8.010986,8.0]},"faces":{"down":{"uv":[12.666667,11.333334,12.666667,11.5],"rotation":0,"texture":"#287c310a-45c1-6a4b-c204-780d381af5a0","tintindex":0},"east":{"uv":[9.333334,6.3333335,9.5,6.666667],"rotation":0,"texture":"#287c310a-45c1-6a4b-c204-780d381af5a0","tintindex":0},"north":{"uv":[12.666667,10.666667,12.666667,11.0],"rotation":0,"texture":"#287c310a-45c1-6a4b-c204-780d381af5a0","tintindex":0},"south":{"uv":[11.0,12.666667,11.0,13.0],"rotation":0,"texture":"#287c310a-45c1-6a4b-c204-780d381af5a0","tintindex":0},"up":{"uv":[11.333334,12.833334,11.333334,12.666667],"rotation":0,"texture":"#287c310a-45c1-6a4b-c204-780d381af5a0","tintindex":0},"west":{"uv":[9.333334,7.0,9.5,7.3333335],"rotation":0,"texture":"#287c310a-45c1-6a4b-c204-780d381af5a0","tintindex":0}}}],"display":{"head":{"translation":[0.0,-6.4,0.0],"rotation":[0.0,0.0,0.0],"scale":[3.8095,3.8095,3.8095]},"gui":{"translation":[0.0,0.0,0.0],"rotation":[35.0,225.0,0.0],"scale":[0.625,0.625,0.625]}}}