{"file_name":"sidefinr","texture_size":[48,48],"textures":{"287c310a-45c1-6a4b-c204-780d381af5a0":"modelengine:entity/texture"},"elements":[{"name":"sidefinr","from":[8.685396,7.1500993,9.140764],"to":[8.685396,8.374215,10.015132],"rotation":{"angle":45.0,"axis":"z","origin":[8.412468,7.576679,8.222678]},"faces":{"down":{"uv":[12.333334,12.666667,12.333334,12.916667],"rotation":0,"texture":"#287c310a-45c1-6a4b-c204-780d381af5a0","tintindex":0},"east":{"uv":[8.0,3.0,8.25,3.3333335],"rotation":0,"texture":"#287c310a-45c1-6a4b-c204-780d381af5a0","tintindex":0},"north":{"uv":[11.666667,12.666667,11.666667,13.0],"rotation":0,"texture":"#287c310a-45c1-6a4b-c204-780d381af5a0","tintindex":0},"south":{"uv":[12.0,12.666667,12.0,13.0],"rotation":0,"texture":"#287c310a-45c1-6a4b-c204-780d381af5a0","tintindex":0},"up":{"uv":[12.666667,12.25,12.666667,12.0],"rotation":0,"texture":"#287c310a-45c1-6a4b-c204-780d381af5a0","tintindex":0},"west":{"uv":[8.0,3.6666667,8.25,4.0],"rotation":0,"texture":"#287c310a-45c1-6a4b-c204-780d381af5a0","tintindex":0}}},{"name":"sidefinr","from":[7.8922396,6.5318165,6.51766],"to":[7.8922396,7.7559314,7.2171545],"rotation":{"angle":45.0,"axis":"z","origin":[8.412468,7.576679,8.222678]},"faces":{"down":{"uv":[0.33333334,13.0,0.33333334,13.166667],"rotation":0,"texture":"#287c310a-45c1-6a4b-c204-780d381af5a0","tintindex":0},"east":{"uv":[7.3333335,9.333334,7.5,9.666667],"rotation":0,"texture":"#287c310a-45c1-6a4b-c204-780d381af5a0","tintindex":0},"north":{"uv":[12.666667,12.666667,12.666667,13.0],"rotation":0,"texture":"#287c310a-45c1-6a4b-c204-780d381af5a0","tintindex":0},"south":{"uv":[0.0,13.0,0.0,13.333334],"rotation":0,"texture":"#287c310a-45c1-6a4b-c204-780d381af5a0","tintindex":0},"up":{"uv":[13.0,0.16666667,13.0,0.0],"rotation":0,"texture":"#287c310a-45c1-6a4b-c204-780d381af5a0","tintindex":0},"west":{"uv":[9.333334,7.666667,9.5,8.0],"rotation":0,"texture":"#287c310a-45c1-6a4b-c204-780d381af5a0","tintindex":0}}}],"display":{"head":{"translation":[0.0,-6.4,0.0],"rotation":[0.0,0.0,0.0],"scale":[3.8095,3.8095,3.8095]},"gui":{"translation":[0.0,0.0,0.0],"rotation":[35.0,225.0,0.0],"scale":[0.625,0.625,0.625]}}}