{"file_name":"sidefinl","texture_size":[48,48],"textures":{"287c310a-45c1-6a4b-c204-780d381af5a0":"modelengine:entity/texture"},"elements":[{"name":"sidefinl","from":[7.205023,6.97086,9.304827],"to":[7.205023,8.194975,10.179194],"rotation":{"angle":-45.0,"axis":"z","origin":[7.539773,7.2119617,8.386741]},"faces":{"down":{"uv":[10.666667,12.666667,10.666667,12.916667],"rotation":0,"texture":"#287c310a-45c1-6a4b-c204-780d381af5a0","tintindex":0},"east":{"uv":[8.0,1.6666667,8.25,2.0],"rotation":0,"texture":"#287c310a-45c1-6a4b-c204-780d381af5a0","tintindex":0},"north":{"uv":[12.666667,8.666667,12.666667,9.0],"rotation":0,"texture":"#287c310a-45c1-6a4b-c204-780d381af5a0","tintindex":0},"south":{"uv":[12.666667,9.333334,12.666667,9.666667],"rotation":0,"texture":"#287c310a-45c1-6a4b-c204-780d381af5a0","tintindex":0},"up":{"uv":[12.666667,10.25,12.666667,10.0],"rotation":0,"texture":"#287c310a-45c1-6a4b-c204-780d381af5a0","tintindex":0},"west":{"uv":[8.0,2.3333335,8.25,2.6666667],"rotation":0,"texture":"#287c310a-45c1-6a4b-c204-780d381af5a0","tintindex":0}}},{"name":"sidefinl","from":[7.874509,6.2289343,6.6817226],"to":[7.874509,7.453049,7.381217],"rotation":{"angle":-45.0,"axis":"z","origin":[7.539773,7.2119617,8.386741]},"faces":{"down":{"uv":[12.666667,11.333334,12.666667,11.5],"rotation":0,"texture":"#287c310a-45c1-6a4b-c204-780d381af5a0","tintindex":0},"east":{"uv":[9.333334,6.3333335,9.5,6.666667],"rotation":0,"texture":"#287c310a-45c1-6a4b-c204-780d381af5a0","tintindex":0},"north":{"uv":[12.666667,10.666667,12.666667,11.0],"rotation":0,"texture":"#287c310a-45c1-6a4b-c204-780d381af5a0","tintindex":0},"south":{"uv":[11.0,12.666667,11.0,13.0],"rotation":0,"texture":"#287c310a-45c1-6a4b-c204-780d381af5a0","tintindex":0},"up":{"uv":[11.333334,12.833334,11.333334,12.666667],"rotation":0,"texture":"#287c310a-45c1-6a4b-c204-780d381af5a0","tintindex":0},"west":{"uv":[9.333334,7.0,9.5,7.3333335],"rotation":0,"texture":"#287c310a-45c1-6a4b-c204-780d381af5a0","tintindex":0}}}],"display":{"head":{"translation":[0.0,-6.4,0.0],"rotation":[0.0,0.0,0.0],"scale":[3.8095,3.8095,3.8095]},"gui":{"translation":[0.0,0.0,0.0],"rotation":[35.0,225.0,0.0],"scale":[0.625,0.625,0.625]}}}