{"file_name":"head","texture_size":[48,48],"textures":{"c4cd2c89-9eb1-a0fe-d1a2-be0c8b047837":"modelengine:entity/texture"},"elements":[{"name":"head","from":[7.5558786,7.5843434,6.569789],"to":[8.678723,8.426477,9.0961895],"rotation":{"angle":0.0,"axis":"x","origin":[8.2617855,4.0115957,10.122835]},"faces":{"down":{"uv":[2.3333335,11.333334,2.8333335,12.5],"rotation":0,"texture":"#c4cd2c89-9eb1-a0fe-d1a2-be0c8b047837","tintindex":0},"east":{"uv":[12.333334,2.6666667,13.5,3.0833335],"rotation":0,"texture":"#c4cd2c89-9eb1-a0fe-d1a2-be0c8b047837","tintindex":0},"north":{"uv":[13.333334,10.666667,13.833334,11.083334],"rotation":0,"texture":"#c4cd2c89-9eb1-a0fe-d1a2-be0c8b047837","tintindex":0},"south":{"uv":[13.333334,11.666667,13.833334,12.083334],"rotation":0,"texture":"#c4cd2c89-9eb1-a0fe-d1a2-be0c8b047837","tintindex":0},"up":{"uv":[1.8333334,12.5,1.3333334,11.333334],"rotation":0,"texture":"#c4cd2c89-9eb1-a0fe-d1a2-be0c8b047837","tintindex":0},"west":{"uv":[12.333334,3.6666667,13.5,4.0833335],"rotation":0,"texture":"#c4cd2c89-9eb1-a0fe-d1a2-be0c8b047837","tintindex":0}}},{"name":"head","from":[7.2751675,7.451288,5.1662326],"to":[8.9594345,8.674376,6.8505],"rotation":{"angle":0.0,"axis":"x","origin":[8.2617855,4.0115957,10.122835]},"faces":{"down":{"uv":[4.666667,11.333334,5.416667,12.083334],"rotation":0,"texture":"#c4cd2c89-9eb1-a0fe-d1a2-be0c8b047837","tintindex":0},"east":{"uv":[11.666667,8.666667,12.416667,9.333334],"rotation":0,"texture":"#c4cd2c89-9eb1-a0fe-d1a2-be0c8b047837","tintindex":0},"north":{"uv":[6.0,11.333334,6.75,12.0],"rotation":0,"texture":"#c4cd2c89-9eb1-a0fe-d1a2-be0c8b047837","tintindex":0},"south":{"uv":[12.0,10.666667,12.75,11.333334],"rotation":0,"texture":"#c4cd2c89-9eb1-a0fe-d1a2-be0c8b047837","tintindex":0},"up":{"uv":[4.0833335,12.083334,3.3333335,11.333334],"rotation":0,"texture":"#c4cd2c89-9eb1-a0fe-d1a2-be0c8b047837","tintindex":0},"west":{"uv":[12.416667,8.666667,11.666667,9.333334],"rotation":0,"texture":"#c4cd2c89-9eb1-a0fe-d1a2-be0c8b047837","tintindex":0}}},{"name":"head","from":[7.14148,7.4431324,5.954295],"to":[9.0931225,8.045501,6.905719],"rotation":{"angle":0.0,"axis":"x","origin":[9.780504,4.0115957,10.122835]},"faces":{"down":{"uv":[9.666667,14.75,9.0,15.166667],"rotation":0,"texture":"#c4cd2c89-9eb1-a0fe-d1a2-be0c8b047837","tintindex":0},"east":{"uv":[15.333334,5.0,15.75,5.3333335],"rotation":0,"texture":"#c4cd2c89-9eb1-a0fe-d1a2-be0c8b047837","tintindex":0},"north":{"uv":[4.416667,15.0,3.6666667,15.333334],"rotation":0,"texture":"#c4cd2c89-9eb1-a0fe-d1a2-be0c8b047837","tintindex":0},"south":{"uv":[4.416667,15.0,3.6666667,15.333334],"rotation":0,"texture":"#c4cd2c89-9eb1-a0fe-d1a2-be0c8b047837","tintindex":0},"up":{"uv":[9.0,14.75,9.666667,15.166667],"rotation":0,"texture":"#c4cd2c89-9eb1-a0fe-d1a2-be0c8b047837","tintindex":0},"west":{"uv":[15.75,5.0,15.333334,5.3333335],"rotation":0,"texture":"#c4cd2c89-9eb1-a0fe-d1a2-be0c8b047837","tintindex":0}}}],"display":{"head":{"translation":[0.0,-6.4,0.0],"rotation":[0.0,0.0,0.0],"scale":[3.8095,3.8095,3.8095]},"gui":{"translation":[0.0,0.0,0.0],"rotation":[35.0,225.0,0.0],"scale":[0.625,0.625,0.625]}}}