{"file_name":"lf","texture_size":[48,48],"textures":{"c4cd2c89-9eb1-a0fe-d1a2-be0c8b047837":"modelengine:entity/texture"},"elements":[{"name":"lf","from":[7.2380033,7.617853,7.2203817],"to":[9.202982,8.263124,8.904649],"rotation":{"angle":0.0,"axis":"x","origin":[5.4181795,4.550988,8.664359]},"faces":{"down":{"uv":[9.333334,11.0,10.25,11.75],"rotation":0,"texture":"#c4cd2c89-9eb1-a0fe-d1a2-be0c8b047837","tintindex":0},"east":{"uv":[0.0,14.0,0.75,14.25],"rotation":0,"texture":"#c4cd2c89-9eb1-a0fe-d1a2-be0c8b047837","tintindex":0},"north":{"uv":[13.333334,2.0,14.25,2.25],"rotation":0,"texture":"#c4cd2c89-9eb1-a0fe-d1a2-be0c8b047837","tintindex":0},"south":{"uv":[7.0,13.333334,7.916667,13.583334],"rotation":0,"texture":"#c4cd2c89-9eb1-a0fe-d1a2-be0c8b047837","tintindex":0},"up":{"uv":[8.916667,11.75,8.0,11.0],"rotation":0,"texture":"#c4cd2c89-9eb1-a0fe-d1a2-be0c8b047837","tintindex":0},"west":{"uv":[1.3333334,14.0,2.0833335,14.25],"rotation":0,"texture":"#c4cd2c89-9eb1-a0fe-d1a2-be0c8b047837","tintindex":0}}},{"name":"lf","from":[8.747267,7.800133,7.238885],"to":[10.529965,8.080845,8.558592],"rotation":{"angle":-22.5,"axis":"y","origin":[8.468832,7.8797264,8.438168]},"faces":{"down":{"uv":[7.3333335,12.333334,8.166667,12.916667],"rotation":0,"texture":"#c4cd2c89-9eb1-a0fe-d1a2-be0c8b047837","tintindex":0},"east":{"uv":[13.0,14.0,13.583334,14.166667],"rotation":0,"texture":"#c4cd2c89-9eb1-a0fe-d1a2-be0c8b047837","tintindex":0},"north":{"uv":[8.333334,14.0,9.166667,14.166667],"rotation":0,"texture":"#c4cd2c89-9eb1-a0fe-d1a2-be0c8b047837","tintindex":0},"south":{"uv":[14.0,8.666667,14.833334,8.833334],"rotation":0,"texture":"#c4cd2c89-9eb1-a0fe-d1a2-be0c8b047837","tintindex":0},"up":{"uv":[6.8333335,12.916667,6.0,12.333334],"rotation":0,"texture":"#c4cd2c89-9eb1-a0fe-d1a2-be0c8b047837","tintindex":0},"west":{"uv":[14.0,14.0,14.583334,14.166667],"rotation":0,"texture":"#c4cd2c89-9eb1-a0fe-d1a2-be0c8b047837","tintindex":0}}},{"name":"lf","from":[9.496787,7.617853,6.826545],"to":[10.914927,7.8985643,7.7816925],"rotation":{"angle":-45.0,"axis":"y","origin":[8.468832,7.8797264,8.438168]},"faces":{"down":{"uv":[2.0,13.0,2.6666667,13.416667],"rotation":0,"texture":"#c4cd2c89-9eb1-a0fe-d1a2-be0c8b047837","tintindex":0},"east":{"uv":[0.0,14.666667,0.4166667,14.833334],"rotation":0,"texture":"#c4cd2c89-9eb1-a0fe-d1a2-be0c8b047837","tintindex":0},"north":{"uv":[14.0,10.0,14.666667,10.166667],"rotation":0,"texture":"#c4cd2c89-9eb1-a0fe-d1a2-be0c8b047837","tintindex":0},"south":{"uv":[11.0,14.0,11.666667,14.166667],"rotation":0,"texture":"#c4cd2c89-9eb1-a0fe-d1a2-be0c8b047837","tintindex":0},"up":{"uv":[1.6666667,13.416667,1.0,13.0],"rotation":0,"texture":"#c4cd2c89-9eb1-a0fe-d1a2-be0c8b047837","tintindex":0},"west":{"uv":[1.0,14.666667,1.4166667,14.833334],"rotation":0,"texture":"#c4cd2c89-9eb1-a0fe-d1a2-be0c8b047837","tintindex":0}}}],"display":{"head":{"translation":[0.0,-6.4,0.0],"rotation":[0.0,0.0,0.0],"scale":[3.8095,3.8095,3.8095]},"gui":{"translation":[0.0,0.0,0.0],"rotation":[35.0,225.0,0.0],"scale":[0.625,0.625,0.625]}}}