{"file_name":"rb","texture_size":[48,48],"textures":{"c4cd2c89-9eb1-a0fe-d1a2-be0c8b047837":"modelengine:entity/texture"},"elements":[{"name":"rb","from":[7.3976197,7.809624,7.3689513],"to":[8.535047,8.090336,9.333929],"rotation":{"angle":-45.0,"axis":"y","origin":[7.837443,7.9499803,7.9647613]},"faces":{"down":{"uv":[12.666667,0.0,13.166667,0.9166667],"rotation":0,"texture":"#c4cd2c89-9eb1-a0fe-d1a2-be0c8b047837","tintindex":0},"east":{"uv":[14.0,3.3333335,14.916667,3.5],"rotation":0,"texture":"#c4cd2c89-9eb1-a0fe-d1a2-be0c8b047837","tintindex":0},"north":{"uv":[14.333334,8.0,14.833334,8.166667],"rotation":0,"texture":"#c4cd2c89-9eb1-a0fe-d1a2-be0c8b047837","tintindex":0},"south":{"uv":[14.333334,10.666667,14.833334,10.833334],"rotation":0,"texture":"#c4cd2c89-9eb1-a0fe-d1a2-be0c8b047837","tintindex":0},"up":{"uv":[0.5,13.583334,0.0,12.666667],"rotation":0,"texture":"#c4cd2c89-9eb1-a0fe-d1a2-be0c8b047837","tintindex":0},"west":{"uv":[4.0,14.0,4.916667,14.166667],"rotation":0,"texture":"#c4cd2c89-9eb1-a0fe-d1a2-be0c8b047837","tintindex":0}}}],"display":{"head":{"translation":[0.0,-6.4,0.0],"rotation":[0.0,0.0,0.0],"scale":[3.8095,3.8095,3.8095]},"gui":{"translation":[0.0,0.0,0.0],"rotation":[35.0,225.0,0.0],"scale":[0.625,0.625,0.625]}}}