{"file_name":"rf","texture_size":[48,48],"textures":{"c4cd2c89-9eb1-a0fe-d1a2-be0c8b047837":"modelengine:entity/texture"},"elements":[{"name":"lf","from":[6.7985897,7.61784,7.2203937],"to":[8.763568,8.263111,8.904661],"rotation":{"angle":0.0,"axis":"x","origin":[10.583392,8.297131,7.740184]},"faces":{"down":{"uv":[10.25,11.0,9.333334,11.75],"rotation":0,"texture":"#c4cd2c89-9eb1-a0fe-d1a2-be0c8b047837","tintindex":0},"east":{"uv":[2.0833335,14.0,1.3333334,14.25],"rotation":0,"texture":"#c4cd2c89-9eb1-a0fe-d1a2-be0c8b047837","tintindex":0},"north":{"uv":[14.25,2.0,13.333334,2.25],"rotation":0,"texture":"#c4cd2c89-9eb1-a0fe-d1a2-be0c8b047837","tintindex":0},"south":{"uv":[7.916667,13.333334,7.0,13.583334],"rotation":0,"texture":"#c4cd2c89-9eb1-a0fe-d1a2-be0c8b047837","tintindex":0},"up":{"uv":[8.0,11.75,8.916667,11.0],"rotation":0,"texture":"#c4cd2c89-9eb1-a0fe-d1a2-be0c8b047837","tintindex":0},"west":{"uv":[0.75,14.0,0.0,14.25],"rotation":0,"texture":"#c4cd2c89-9eb1-a0fe-d1a2-be0c8b047837","tintindex":0}}},{"name":"lf","from":[5.471606,7.80012,7.238897],"to":[7.254305,8.080831,8.558603],"rotation":{"angle":22.5,"axis":"y","origin":[7.5327387,7.879713,8.43818]},"faces":{"down":{"uv":[8.166667,12.333334,7.3333335,12.916667],"rotation":0,"texture":"#c4cd2c89-9eb1-a0fe-d1a2-be0c8b047837","tintindex":0},"east":{"uv":[14.583334,14.0,14.0,14.166667],"rotation":0,"texture":"#c4cd2c89-9eb1-a0fe-d1a2-be0c8b047837","tintindex":0},"north":{"uv":[9.166667,14.0,8.333334,14.166667],"rotation":0,"texture":"#c4cd2c89-9eb1-a0fe-d1a2-be0c8b047837","tintindex":0},"south":{"uv":[14.833334,8.666667,14.0,8.833334],"rotation":0,"texture":"#c4cd2c89-9eb1-a0fe-d1a2-be0c8b047837","tintindex":0},"up":{"uv":[6.0,12.916667,6.8333335,12.333334],"rotation":0,"texture":"#c4cd2c89-9eb1-a0fe-d1a2-be0c8b047837","tintindex":0},"west":{"uv":[13.583334,14.0,13.0,14.166667],"rotation":0,"texture":"#c4cd2c89-9eb1-a0fe-d1a2-be0c8b047837","tintindex":0}}},{"name":"lf","from":[5.086645,7.61784,6.826557],"to":[6.504784,7.898551,7.7817044],"rotation":{"angle":45.0,"axis":"y","origin":[7.5327387,7.879713,8.43818]},"faces":{"down":{"uv":[2.6666667,13.0,2.0,13.416667],"rotation":0,"texture":"#c4cd2c89-9eb1-a0fe-d1a2-be0c8b047837","tintindex":0},"east":{"uv":[1.4166667,14.666667,1.0,14.833334],"rotation":0,"texture":"#c4cd2c89-9eb1-a0fe-d1a2-be0c8b047837","tintindex":0},"north":{"uv":[14.666667,10.0,14.0,10.166667],"rotation":0,"texture":"#c4cd2c89-9eb1-a0fe-d1a2-be0c8b047837","tintindex":0},"south":{"uv":[11.666667,14.0,11.0,14.166667],"rotation":0,"texture":"#c4cd2c89-9eb1-a0fe-d1a2-be0c8b047837","tintindex":0},"up":{"uv":[1.0,13.416667,1.6666667,13.0],"rotation":0,"texture":"#c4cd2c89-9eb1-a0fe-d1a2-be0c8b047837","tintindex":0},"west":{"uv":[0.4166667,14.666667,0.0,14.833334],"rotation":0,"texture":"#c4cd2c89-9eb1-a0fe-d1a2-be0c8b047837","tintindex":0}}}],"display":{"head":{"translation":[0.0,-6.4,0.0],"rotation":[0.0,0.0,0.0],"scale":[3.8095,3.8095,3.8095]},"gui":{"translation":[0.0,0.0,0.0],"rotation":[35.0,225.0,0.0],"scale":[0.625,0.625,0.625]}}}