{"file_name":"shell","texture_size":[48,48],"textures":{"c4cd2c89-9eb1-a0fe-d1a2-be0c8b047837":"modelengine:entity/turtle"},"elements":[{"name":"turtle","from":[6.1686993,7.2142205,5.2124195],"to":[9.8179455,8.435497,11.107355],"rotation":{"angle":0.0,"axis":"x","origin":[7.9974513,3.7738156,7.640553]},"faces":{"down":{"uv":[6.666667,7.3333335,8.333334,10.0],"rotation":0,"texture":"#c4cd2c89-9eb1-a0fe-d1a2-be0c8b047837","tintindex":0},"east":{"uv":[9.666667,5.3333335,12.333334,5.916667],"rotation":0,"texture":"#c4cd2c89-9eb1-a0fe-d1a2-be0c8b047837","tintindex":0},"north":{"uv":[10.666667,0.0,12.333334,0.5833334],"rotation":0,"texture":"#c4cd2c89-9eb1-a0fe-d1a2-be0c8b047837","tintindex":0},"south":{"uv":[10.666667,1.0,12.333334,1.5833334],"rotation":0,"texture":"#c4cd2c89-9eb1-a0fe-d1a2-be0c8b047837","tintindex":0},"up":{"uv":[6.3333335,10.0,4.666667,7.3333335],"rotation":0,"texture":"#c4cd2c89-9eb1-a0fe-d1a2-be0c8b047837","tintindex":0},"west":{"uv":[9.666667,6.3333335,12.333334,6.916667],"rotation":0,"texture":"#c4cd2c89-9eb1-a0fe-d1a2-be0c8b047837","tintindex":0}}},{"name":"turtle","from":[6.734251,8.996919,6.335264],"to":[9.260652,9.27763,9.98451],"rotation":{"angle":0.0,"axis":"x","origin":[8.00158,3.7738156,7.640553]},"faces":{"down":{"uv":[8.0,5.3333335,9.166667,7.0],"rotation":0,"texture":"#c4cd2c89-9eb1-a0fe-d1a2-be0c8b047837","tintindex":0},"east":{"uv":[12.666667,5.3333335,14.333334,5.5],"rotation":0,"texture":"#c4cd2c89-9eb1-a0fe-d1a2-be0c8b047837","tintindex":0},"north":{"uv":[12.0,13.333334,13.166667,13.5],"rotation":0,"texture":"#c4cd2c89-9eb1-a0fe-d1a2-be0c8b047837","tintindex":0},"south":{"uv":[13.666667,0.0,14.833334,0.16666667],"rotation":0,"texture":"#c4cd2c89-9eb1-a0fe-d1a2-be0c8b047837","tintindex":0},"up":{"uv":[7.166667,4.3333335,6.0,2.6666667],"rotation":0,"texture":"#c4cd2c89-9eb1-a0fe-d1a2-be0c8b047837","tintindex":0},"west":{"uv":[12.666667,6.0,14.333334,6.166667],"rotation":0,"texture":"#c4cd2c89-9eb1-a0fe-d1a2-be0c8b047837","tintindex":0}}},{"name":"turtle","from":[6.172828,8.7162075,5.773842],"to":[9.822074,8.996919,10.545933],"rotation":{"angle":0.0,"axis":"x","origin":[8.00158,3.7738156,7.640553]},"faces":{"down":{"uv":[8.666667,0.0,10.333334,2.1666667],"rotation":0,"texture":"#c4cd2c89-9eb1-a0fe-d1a2-be0c8b047837","tintindex":0},"east":{"uv":[12.333334,4.666667,14.5,4.8333335],"rotation":0,"texture":"#c4cd2c89-9eb1-a0fe-d1a2-be0c8b047837","tintindex":0},"north":{"uv":[12.666667,6.666667,14.333334,6.8333335],"rotation":0,"texture":"#c4cd2c89-9eb1-a0fe-d1a2-be0c8b047837","tintindex":0},"south":{"uv":[12.0,12.666667,13.666667,12.833334],"rotation":0,"texture":"#c4cd2c89-9eb1-a0fe-d1a2-be0c8b047837","tintindex":0},"up":{"uv":[9.666667,4.8333335,8.0,2.6666667],"rotation":0,"texture":"#c4cd2c89-9eb1-a0fe-d1a2-be0c8b047837","tintindex":0},"west":{"uv":[12.666667,1.3333334,14.833334,1.5],"rotation":0,"texture":"#c4cd2c89-9eb1-a0fe-d1a2-be0c8b047837","tintindex":0}}},{"name":"turtle","from":[6.182359,6.8546295,5.9138107],"to":[9.810981,7.341817,10.398932],"rotation":{"angle":0.0,"axis":"x","origin":[8.051189,3.7738156,7.640553]},"faces":{"down":{"uv":[2.6666667,4.666667,4.8333335,6.8333335],"rotation":0,"texture":"#c4cd2c89-9eb1-a0fe-d1a2-be0c8b047837","tintindex":0},"east":{"uv":[11.333334,10.0,13.5,10.25],"rotation":0,"texture":"#c4cd2c89-9eb1-a0fe-d1a2-be0c8b047837","tintindex":0},"north":{"uv":[10.666667,2.0,12.833334,2.25],"rotation":0,"texture":"#c4cd2c89-9eb1-a0fe-d1a2-be0c8b047837","tintindex":0},"south":{"uv":[11.666667,7.3333335,13.833334,7.5833335],"rotation":0,"texture":"#c4cd2c89-9eb1-a0fe-d1a2-be0c8b047837","tintindex":0},"up":{"uv":[2.1666667,6.8333335,0.0,4.666667],"rotation":0,"texture":"#c4cd2c89-9eb1-a0fe-d1a2-be0c8b047837","tintindex":0},"west":{"uv":[11.666667,8.0,13.833334,8.25],"rotation":0,"texture":"#c4cd2c89-9eb1-a0fe-d1a2-be0c8b047837","tintindex":0}}},{"name":"turtle","from":[5.6114054,7.2142205,5.773842],"to":[10.383497,8.435497,10.545933],"rotation":{"angle":0.0,"axis":"x","origin":[8.00158,3.7738156,7.640553]},"faces":{"down":{"uv":[6.0,0.0,8.166667,2.1666667],"rotation":0,"texture":"#c4cd2c89-9eb1-a0fe-d1a2-be0c8b047837","tintindex":0},"east":{"uv":[0.0,10.333334,2.1666667,10.916667],"rotation":0,"texture":"#c4cd2c89-9eb1-a0fe-d1a2-be0c8b047837","tintindex":0},"north":{"uv":[8.666667,10.0,10.833334,10.583334],"rotation":0,"texture":"#c4cd2c89-9eb1-a0fe-d1a2-be0c8b047837","tintindex":0},"south":{"uv":[2.6666667,10.333334,4.8333335,10.916667],"rotation":0,"texture":"#c4cd2c89-9eb1-a0fe-d1a2-be0c8b047837","tintindex":0},"up":{"uv":[7.5,6.8333335,5.3333335,4.666667],"rotation":0,"texture":"#c4cd2c89-9eb1-a0fe-d1a2-be0c8b047837","tintindex":0},"west":{"uv":[5.3333335,10.333334,7.5,10.916667],"rotation":0,"texture":"#c4cd2c89-9eb1-a0fe-d1a2-be0c8b047837","tintindex":0}}},{"name":"turtle","from":[5.8921175,7.1157894,5.4931307],"to":[10.102785,8.7162075,10.826644],"rotation":{"angle":0.0,"axis":"x","origin":[8.00158,3.7738156,7.640553]},"faces":{"down":{"uv":[2.3333335,7.3333335,4.25,9.75],"rotation":0,"texture":"#c4cd2c89-9eb1-a0fe-d1a2-be0c8b047837","tintindex":0},"east":{"uv":[8.666667,7.3333335,11.083334,8.083334],"rotation":0,"texture":"#c4cd2c89-9eb1-a0fe-d1a2-be0c8b047837","tintindex":0},"north":{"uv":[10.0,2.6666667,11.916667,3.4166667],"rotation":0,"texture":"#c4cd2c89-9eb1-a0fe-d1a2-be0c8b047837","tintindex":0},"south":{"uv":[10.0,4.0,11.916667,4.75],"rotation":0,"texture":"#c4cd2c89-9eb1-a0fe-d1a2-be0c8b047837","tintindex":0},"up":{"uv":[1.9166667,9.75,0.0,7.3333335],"rotation":0,"texture":"#c4cd2c89-9eb1-a0fe-d1a2-be0c8b047837","tintindex":0},"west":{"uv":[8.666667,8.666667,11.083334,9.416667],"rotation":0,"texture":"#c4cd2c89-9eb1-a0fe-d1a2-be0c8b047837","tintindex":0}}}],"display":{"head":{"translation":[0.0,-6.4,0.0],"rotation":[0.0,0.0,0.0],"scale":[3.8095,3.8095,3.8095]},"gui":{"translation":[0.0,0.0,0.0],"rotation":[35.0,225.0,0.0],"scale":[0.625,0.625,0.625]}}}