{"file_name":"bottomtail","texture_size":[64,64],"textures":{"069c504d-d254-84b0-916a-efa51ab04681":"modelengine:entity/salamandra"},"elements":[{"name":"bottomtail","from":[7.066933,7.8778577,7.7471137],"to":[8.851933,8.297857,8.482114],"rotation":{"angle":0.0,"axis":"x","origin":[7.8019333,4.8819532,2.4525428]},"faces":{"down":{"uv":[6.5,5.75,7.0625,6.0],"rotation":0,"texture":"#069c504d-d254-84b0-916a-efa51ab04681","tintindex":0},"east":{"uv":[0.0,9.75,0.25,9.875],"rotation":0,"texture":"#069c504d-d254-84b0-916a-efa51ab04681","tintindex":0},"north":{"uv":[6.0,8.5,6.5625,8.625],"rotation":0,"texture":"#069c504d-d254-84b0-916a-efa51ab04681","tintindex":0},"south":{"uv":[8.5,0.0,9.0625,0.125],"rotation":0,"texture":"#069c504d-d254-84b0-916a-efa51ab04681","tintindex":0},"up":{"uv":[7.0625,6.75,6.5,6.5],"rotation":0,"texture":"#069c504d-d254-84b0-916a-efa51ab04681","tintindex":0},"west":{"uv":[0.5,9.75,0.75,9.875],"rotation":0,"texture":"#069c504d-d254-84b0-916a-efa51ab04681","tintindex":0}}},{"name":"bottomtail","from":[7.171933,7.8352013,8.482114],"to":[8.746933,8.150202,9.2171135],"rotation":{"angle":0.0,"axis":"x","origin":[7.8019333,4.8819532,2.4525428]},"faces":{"down":{"uv":[4.5,7.0,5.0,7.25],"rotation":0,"texture":"#069c504d-d254-84b0-916a-efa51ab04681","tintindex":0},"east":{"uv":[1.0,9.75,1.25,9.875],"rotation":0,"texture":"#069c504d-d254-84b0-916a-efa51ab04681","tintindex":0},"north":{"uv":[7.0,8.75,7.5,8.875],"rotation":0,"texture":"#069c504d-d254-84b0-916a-efa51ab04681","tintindex":0},"south":{"uv":[7.75,8.75,8.25,8.875],"rotation":0,"texture":"#069c504d-d254-84b0-916a-efa51ab04681","tintindex":0},"up":{"uv":[0.5,7.25,0.0,7.0],"rotation":0,"texture":"#069c504d-d254-84b0-916a-efa51ab04681","tintindex":0},"west":{"uv":[1.5,9.75,1.75,9.875],"rotation":0,"texture":"#069c504d-d254-84b0-916a-efa51ab04681","tintindex":0}}},{"name":"bottomtail","from":[7.276933,7.8056703,9.2171135],"to":[8.536934,8.009108,9.952114],"rotation":{"angle":0.0,"axis":"x","origin":[7.8019333,4.8819532,2.4525428]},"faces":{"down":{"uv":[7.75,7.75,8.125,8.0],"rotation":0,"texture":"#069c504d-d254-84b0-916a-efa51ab04681","tintindex":0},"east":{"uv":[3.5,10.0,3.75,10.0625],"rotation":0,"texture":"#069c504d-d254-84b0-916a-efa51ab04681","tintindex":0},"north":{"uv":[9.75,5.5,10.125,5.5625],"rotation":0,"texture":"#069c504d-d254-84b0-916a-efa51ab04681","tintindex":0},"south":{"uv":[9.75,6.0,10.125,6.0625],"rotation":0,"texture":"#069c504d-d254-84b0-916a-efa51ab04681","tintindex":0},"up":{"uv":[1.125,8.0,0.75,7.75],"rotation":0,"texture":"#069c504d-d254-84b0-916a-efa51ab04681","tintindex":0},"west":{"uv":[4.0,10.0,4.25,10.0625],"rotation":0,"texture":"#069c504d-d254-84b0-916a-efa51ab04681","tintindex":0}}},{"name":"bottomtail","from":[7.381933,7.7958264,9.847114],"to":[8.431933,7.93692,10.687113],"rotation":{"angle":0.0,"axis":"x","origin":[7.8019333,4.8819532,2.4525428]},"faces":{"down":{"uv":[3.75,8.0,4.0625,8.25],"rotation":0,"texture":"#069c504d-d254-84b0-916a-efa51ab04681","tintindex":0},"east":{"uv":[4.5,10.0,4.75,10.0625],"rotation":0,"texture":"#069c504d-d254-84b0-916a-efa51ab04681","tintindex":0},"north":{"uv":[9.75,7.5,10.0625,7.5625],"rotation":0,"texture":"#069c504d-d254-84b0-916a-efa51ab04681","tintindex":0},"south":{"uv":[9.75,9.0,10.0625,9.0625],"rotation":0,"texture":"#069c504d-d254-84b0-916a-efa51ab04681","tintindex":0},"up":{"uv":[3.3125,8.25,3.0,8.0],"rotation":0,"texture":"#069c504d-d254-84b0-916a-efa51ab04681","tintindex":0},"west":{"uv":[6.0,10.0,6.25,10.0625],"rotation":0,"texture":"#069c504d-d254-84b0-916a-efa51ab04681","tintindex":0}}},{"name":"bottomtail","from":[7.486933,7.7991076,10.687113],"to":[8.326933,7.9041076,11.422113],"rotation":{"angle":0.0,"axis":"x","origin":[7.8019333,4.8819532,2.4525428]},"faces":{"down":{"uv":[8.5,8.75,8.75,9.0],"rotation":0,"texture":"#069c504d-d254-84b0-916a-efa51ab04681","tintindex":0},"east":{"uv":[9.5,10.0,9.75,10.0625],"rotation":0,"texture":"#069c504d-d254-84b0-916a-efa51ab04681","tintindex":0},"north":{"uv":[9.0,10.0,9.25,10.0625],"rotation":0,"texture":"#069c504d-d254-84b0-916a-efa51ab04681","tintindex":0},"south":{"uv":[10.0,10.0,10.25,10.0625],"rotation":0,"texture":"#069c504d-d254-84b0-916a-efa51ab04681","tintindex":0},"up":{"uv":[5.25,2.5,5.0,2.25],"rotation":0,"texture":"#069c504d-d254-84b0-916a-efa51ab04681","tintindex":0},"west":{"uv":[10.0,0.0,10.25,0.0625],"rotation":0,"texture":"#069c504d-d254-84b0-916a-efa51ab04681","tintindex":0}}},{"name":"bottomtail","from":[7.5919333,7.7958264,11.422113],"to":[8.221933,7.88442,12.262114],"rotation":{"angle":0.0,"axis":"x","origin":[7.8019333,4.8819532,2.4525428]},"faces":{"down":{"uv":[9.0,3.25,9.1875,3.5],"rotation":0,"texture":"#069c504d-d254-84b0-916a-efa51ab04681","tintindex":0},"east":{"uv":[10.0,0.5,10.25,0.5625],"rotation":0,"texture":"#069c504d-d254-84b0-916a-efa51ab04681","tintindex":0},"north":{"uv":[10.5,7.5,10.6875,7.5625],"rotation":0,"texture":"#069c504d-d254-84b0-916a-efa51ab04681","tintindex":0},"south":{"uv":[10.5,8.0,10.6875,8.0625],"rotation":0,"texture":"#069c504d-d254-84b0-916a-efa51ab04681","tintindex":0},"up":{"uv":[9.1875,3.0,9.0,2.75],"rotation":0,"texture":"#069c504d-d254-84b0-916a-efa51ab04681","tintindex":0},"west":{"uv":[10.0,1.0,10.25,1.0625],"rotation":0,"texture":"#069c504d-d254-84b0-916a-efa51ab04681","tintindex":0}}},{"name":"bottomtail","from":[7.696933,7.8089514,12.262114],"to":[8.116933,7.8778577,12.787113],"rotation":{"angle":0.0,"axis":"x","origin":[7.8019333,4.8819532,2.4525428]},"faces":{"down":{"uv":[9.75,7.0,9.875,7.1875],"rotation":0,"texture":"#069c504d-d254-84b0-916a-efa51ab04681","tintindex":0},"east":{"uv":[10.5,8.5,10.6875,8.5625],"rotation":0,"texture":"#069c504d-d254-84b0-916a-efa51ab04681","tintindex":0},"north":{"uv":[10.5,9.5,10.625,9.5625],"rotation":0,"texture":"#069c504d-d254-84b0-916a-efa51ab04681","tintindex":0},"south":{"uv":[10.5,10.0,10.625,10.0625],"rotation":0,"texture":"#069c504d-d254-84b0-916a-efa51ab04681","tintindex":0},"up":{"uv":[9.875,6.6875,9.75,6.5],"rotation":0,"texture":"#069c504d-d254-84b0-916a-efa51ab04681","tintindex":0},"west":{"uv":[10.5,9.0,10.6875,9.0625],"rotation":0,"texture":"#069c504d-d254-84b0-916a-efa51ab04681","tintindex":0}}},{"name":"bottomtail","from":[7.8019333,7.8155136,12.787113],"to":[8.011933,7.8745766,13.102113],"rotation":{"angle":0.0,"axis":"x","origin":[7.8019333,4.8819532,2.4525428]},"faces":{"down":{"uv":[1.5,10.75,1.5625,10.875],"rotation":0,"texture":"#069c504d-d254-84b0-916a-efa51ab04681","tintindex":0},"east":{"uv":[0.0,10.75,0.125,10.8125],"rotation":0,"texture":"#069c504d-d254-84b0-916a-efa51ab04681","tintindex":0},"north":{"uv":[11.0,1.5,11.0625,1.5625],"rotation":0,"texture":"#069c504d-d254-84b0-916a-efa51ab04681","tintindex":0},"south":{"uv":[11.0,2.0,11.0625,2.0625],"rotation":0,"texture":"#069c504d-d254-84b0-916a-efa51ab04681","tintindex":0},"up":{"uv":[1.0625,10.875,1.0,10.75],"rotation":0,"texture":"#069c504d-d254-84b0-916a-efa51ab04681","tintindex":0},"west":{"uv":[0.5,10.75,0.625,10.8125],"rotation":0,"texture":"#069c504d-d254-84b0-916a-efa51ab04681","tintindex":0}}},{"name":"bottomtail","from":[7.4278708,6.0116506,12.728089],"to":[8.408964,6.0116506,14.30637],"rotation":{"angle":-22.5,"axis":"x","origin":[7.8019333,7.8219533,8.332542]},"faces":{"down":{"uv":[5.9375,7.0625,6.25,6.5],"rotation":0,"texture":"#069c504d-d254-84b0-916a-efa51ab04681","tintindex":0},"east":{"uv":[6.75,0.5,7.125,0.5],"rotation":0,"texture":"#069c504d-d254-84b0-916a-efa51ab04681","tintindex":0},"north":{"uv":[3.5,2.75,3.75,2.75],"rotation":0,"texture":"#069c504d-d254-84b0-916a-efa51ab04681","tintindex":0},"south":{"uv":[7.25,2.0,7.5,2.0],"rotation":0,"texture":"#069c504d-d254-84b0-916a-efa51ab04681","tintindex":0},"up":{"uv":[6.25,6.5,5.9375,7.0625],"rotation":0,"texture":"#069c504d-d254-84b0-916a-efa51ab04681","tintindex":0},"west":{"uv":[7.5,0.5,7.875,0.5],"rotation":0,"texture":"#069c504d-d254-84b0-916a-efa51ab04681","tintindex":0}}}],