{"file_name":"brarm","texture_size":[64,64],"textures":{"069c504d-d254-84b0-916a-efa51ab04681":"modelengine:entity/salamandra"},"elements":[{"name":"brarm","from":[7.833372,7.7653227,7.7485046],"to":[9.093372,8.290323,8.378505],"rotation":{"angle":-22.5,"axis":"y","origin":[8.293558,8.395323,8.15766]},"faces":{"down":{"uv":[5.25,8.5,5.625,8.6875],"rotation":0,"texture":"#069c504d-d254-84b0-916a-efa51ab04681","tintindex":0},"east":{"uv":[9.5,0.5,9.6875,0.6875],"rotation":0,"texture":"#069c504d-d254-84b0-916a-efa51ab04681","tintindex":0},"north":{"uv":[3.0,8.5,3.375,8.6875],"rotation":0,"texture":"#069c504d-d254-84b0-916a-efa51ab04681","tintindex":0},"south":{"uv":[3.75,8.5,4.125,8.6875],"rotation":0,"texture":"#069c504d-d254-84b0-916a-efa51ab04681","tintindex":0},"up":{"uv":[4.875,8.6875,4.5,8.5],"rotation":0,"texture":"#069c504d-d254-84b0-916a-efa51ab04681","tintindex":0},"west":{"uv":[9.5,1.0,9.6875,1.1875],"rotation":0,"texture":"#069c504d-d254-84b0-916a-efa51ab04681","tintindex":0}}},{"name":"brarm","from":[8.938342,8.023748,8.037775],"to":[10.513342,8.443748,8.667775],"rotation":{"angle":-22.5,"axis":"z","origin":[8.293558,8.395323,8.15766]},"faces":{"down":{"uv":[7.5,6.25,8.0,6.4375],"rotation":0,"texture":"#069c504d-d254-84b0-916a-efa51ab04681","tintindex":0},"east":{"uv":[8.0,9.75,8.1875,9.875],"rotation":0,"texture":"#069c504d-d254-84b0-916a-efa51ab04681","tintindex":0},"north":{"uv":[1.5,8.75,2.0,8.875],"rotation":0,"texture":"#069c504d-d254-84b0-916a-efa51ab04681","tintindex":0},"south":{"uv":[2.25,8.75,2.75,8.875],"rotation":0,"texture":"#069c504d-d254-84b0-916a-efa51ab04681","tintindex":0},"up":{"uv":[8.0,5.9375,7.5,5.75],"rotation":0,"texture":"#069c504d-d254-84b0-916a-efa51ab04681","tintindex":0},"west":{"uv":[8.5,9.75,8.6875,9.875],"rotation":0,"texture":"#069c504d-d254-84b0-916a-efa51ab04681","tintindex":0}}},{"name":"brarm","from":[9.813698,7.1353226,8.538441],"to":[10.7586975,7.4503226,9.378441],"rotation":{"angle":22.5,"axis":"y","origin":[8.293558,8.395323,8.15766]},"faces":{"down":{"uv":[0.0,8.0,0.3125,8.25],"rotation":0,"texture":"#069c504d-d254-84b0-916a-efa51ab04681","tintindex":0},"east":{"uv":[9.5,8.0,9.75,8.125],"rotation":0,"texture":"#069c504d-d254-84b0-916a-efa51ab04681","tintindex":0},"north":{"uv":[9.25,4.5,9.5625,4.625],"rotation":0,"texture":"#069c504d-d254-84b0-916a-efa51ab04681","tintindex":0},"south":{"uv":[9.25,5.0,9.5625,5.125],"rotation":0,"texture":"#069c504d-d254-84b0-916a-efa51ab04681","tintindex":0},"up":{"uv":[8.0625,7.5,7.75,7.25],"rotation":0,"texture":"#069c504d-d254-84b0-916a-efa51ab04681","tintindex":0},"west":{"uv":[9.5,8.5,9.75,8.625],"rotation":0,"texture":"#069c504d-d254-84b0-916a-efa51ab04681","tintindex":0}}},{"name":"brarm","from":[10.63442,7.1254787,9.041004],"to":[11.15942,7.335479,9.251004],"rotation":{"angle":22.5,"axis":"y","origin":[8.293558,8.385479,8.15766]},"faces":{"down":{"uv":[10.5,2.0,10.6875,2.0625],"rotation":0,"texture":"#069c504d-d254-84b0-916a-efa51ab04681","tintindex":0},"east":{"uv":[10.0,11.0,10.0625,11.0625],"rotation":0,"texture":"#069c504d-d254-84b0-916a-efa51ab04681","tintindex":0},"north":{"uv":[10.5,0.5,10.6875,0.5625],"rotation":0,"texture":"#069c504d-d254-84b0-916a-efa51ab04681","tintindex":0},"south":{"uv":[10.5,1.0,10.6875,1.0625],"rotation":0,"texture":"#069c504d-d254-84b0-916a-efa51ab04681","tintindex":0},"up":{"uv":[10.6875,1.5625,10.5,1.5],"rotation":0,"texture":"#069c504d-d254-84b0-916a-efa51ab04681","tintindex":0},"west":{"uv":[10.5,11.0,10.5625,11.0625],"rotation":0,"texture":"#069c504d-d254-84b0-916a-efa51ab04681","tintindex":0}}},{"name":"brarm","from":[10.274984,7.1254787,6.502961],"to":[10.484983,7.335479,7.027961],"rotation":{"angle":-22.5,"axis":"y","origin":[8.293558,8.385479,8.15766]},"faces":{"down":{"uv":[10.5,4.0,10.5625,4.1875],"rotation":0,"texture":"#069c504d-d254-84b0-916a-efa51ab04681","tintindex":0},"east":{"uv":[10.5,2.5,10.6875,2.5625],"rotation":0,"texture":"#069c504d-d254-84b0-916a-efa51ab04681","tintindex":0},"north":{"uv":[11.0,11.0,11.0625,11.0625],"rotation":0,"texture":"#069c504d-d254-84b0-916a-efa51ab04681","tintindex":0},"south":{"uv":[11.0,0.0,11.0625,0.0625],"rotation":0,"texture":"#069c504d-d254-84b0-916a-efa51ab04681","tintindex":0},"up":{"uv":[10.5625,3.6875,10.5,3.5],"rotation":0,"texture":"#069c504d-d254-84b0-916a-efa51ab04681","tintindex":0},"west":{"uv":[10.5,3.0,10.6875,3.0625],"rotation":0,"texture":"#069c504d-d254-84b0-916a-efa51ab04681","tintindex":0}}},{"name":"brarm","from":[10.135158,7.1254787,8.182381],"to":[10.345158,7.335479,8.707381],"rotation":{"angle":22.5,"axis":"y","origin":[8.293558,8.385479,8.15766]},"faces":{"down":{"uv":[10.5,6.0,10.5625,6.1875],"rotation":0,"texture":"#069c504d-d254-84b0-916a-efa51ab04681","tintindex":0},"east":{"uv":[10.5,4.5,10.6875,4.5625],"rotation":0,"texture":"#069c504d-d254-84b0-916a-efa51ab04681","tintindex":0},"north":{"uv":[11.0,0.5,11.0625,0.5625],"rotation":0,"texture":"#069c504d-d254-84b0-916a-efa51ab04681","tintindex":0},"south":{"uv":[11.0,1.0,11.0625,1.0625],"rotation":0,"texture":"#069c504d-d254-84b0-916a-efa51ab04681","tintindex":0},"up":{"uv":[10.5625,5.6875,10.5,5.5],"rotation":0,"texture":"#069c504d-d254-84b0-916a-efa51ab04681","tintindex":0},"west":{"uv":[10.5,5.0,10.6875,5.0625],"rotation":0,"texture":"#069c504d-d254-84b0-916a-efa51ab04681","tintindex":0}}}],"display":{"head":{"translation":[0.0,-6.4,0.0],"rotation":[0.0,0.0,0.0],"scale":[3.8095,3.8095,3.8095]},"gui":{"translation":[0.0,0.0,0.0],"rotation":[35.0,225.0,0.0],"scale":[0.625,0.625,0.625]}}}