{"file_name":"flarm","texture_size":[64,64],"textures":{"069c504d-d254-84b0-916a-efa51ab04681":"modelengine:entity/salamandra"},"elements":[{"name":"flarm","from":[6.4137983,7.791104,7.8275313],"to":[7.673798,8.316104,8.457531],"rotation":{"angle":22.5,"axis":"y","origin":[7.4906197,7.90237,8.189043]},"faces":{"down":{"uv":[8.25,3.0,8.625,3.1875],"rotation":0,"texture":"#069c504d-d254-84b0-916a-efa51ab04681","tintindex":0},"east":{"uv":[6.0,9.5,6.1875,9.6875],"rotation":0,"texture":"#069c504d-d254-84b0-916a-efa51ab04681","tintindex":0},"north":{"uv":[8.0,8.25,8.375,8.4375],"rotation":0,"texture":"#069c504d-d254-84b0-916a-efa51ab04681","tintindex":0},"south":{"uv":[8.25,0.5,8.625,0.6875],"rotation":0,"texture":"#069c504d-d254-84b0-916a-efa51ab04681","tintindex":0},"up":{"uv":[8.625,2.6875,8.25,2.5],"rotation":0,"texture":"#069c504d-d254-84b0-916a-efa51ab04681","tintindex":0},"west":{"uv":[9.0,9.5,9.1875,9.6875],"rotation":0,"texture":"#069c504d-d254-84b0-916a-efa51ab04681","tintindex":0}}},{"name":"flarm","from":[5.2497516,8.100996,8.219182],"to":[6.824752,8.520997,8.849181],"rotation":{"angle":22.5,"axis":"z","origin":[7.4906197,7.90237,8.189043]},"faces":{"down":{"uv":[7.5,2.75,8.0,2.9375],"rotation":0,"texture":"#069c504d-d254-84b0-916a-efa51ab04681","tintindex":0},"east":{"uv":[5.5,9.75,5.6875,9.875],"rotation":0,"texture":"#069c504d-d254-84b0-916a-efa51ab04681","tintindex":0},"north":{"uv":[8.5,6.75,9.0,6.875],"rotation":0,"texture":"#069c504d-d254-84b0-916a-efa51ab04681","tintindex":0},"south":{"uv":[8.5,7.25,9.0,7.375],"rotation":0,"texture":"#069c504d-d254-84b0-916a-efa51ab04681","tintindex":0},"up":{"uv":[7.5,7.6875,7.0,7.5],"rotation":0,"texture":"#069c504d-d254-84b0-916a-efa51ab04681","tintindex":0},"west":{"uv":[6.5,9.75,6.6875,9.875],"rotation":0,"texture":"#069c504d-d254-84b0-916a-efa51ab04681","tintindex":0}}},{"name":"flarm","from":[4.7662897,7.1611037,8.839572],"to":[5.7112894,7.476104,9.679572],"rotation":{"angle":-22.5,"axis":"y","origin":[7.4906197,7.90237,8.189043]},"faces":{"down":{"uv":[7.75,4.75,8.0625,5.0],"rotation":0,"texture":"#069c504d-d254-84b0-916a-efa51ab04681","tintindex":0},"east":{"uv":[9.5,2.5,9.75,2.625],"rotation":0,"texture":"#069c504d-d254-84b0-916a-efa51ab04681","tintindex":0},"north":{"uv":[2.0,9.25,2.3125,9.375],"rotation":0,"texture":"#069c504d-d254-84b0-916a-efa51ab04681","tintindex":0},"south":{"uv":[6.75,9.25,7.0625,9.375],"rotation":0,"texture":"#069c504d-d254-84b0-916a-efa51ab04681","tintindex":0},"up":{"uv":[8.0625,4.5,7.75,4.25],"rotation":0,"texture":"#069c504d-d254-84b0-916a-efa51ab04681","tintindex":0},"west":{"uv":[9.5,3.0,9.75,3.125],"rotation":0,"texture":"#069c504d-d254-84b0-916a-efa51ab04681","tintindex":0}}},{"name":"flarm","from":[5.1798296,7.154541,8.483513],"to":[5.3898296,7.3645415,9.0085125],"rotation":{"angle":-22.5,"axis":"y","origin":[7.4906197,7.8958077,8.189043]},"faces":{"down":{"uv":[2.0,10.25,2.0625,10.4375],"rotation":0,"texture":"#069c504d-d254-84b0-916a-efa51ab04681","tintindex":0},"east":{"uv":[0.5,10.25,0.6875,10.3125],"rotation":0,"texture":"#069c504d-d254-84b0-916a-efa51ab04681","tintindex":0},"north":{"uv":[7.0,10.75,7.0625,10.8125],"rotation":0,"texture":"#069c504d-d254-84b0-916a-efa51ab04681","tintindex":0},"south":{"uv":[7.5,10.75,7.5625,10.8125],"rotation":0,"texture":"#069c504d-d254-84b0-916a-efa51ab04681","tintindex":0},"up":{"uv":[1.5625,10.4375,1.5,10.25],"rotation":0,"texture":"#069c504d-d254-84b0-916a-efa51ab04681","tintindex":0},"west":{"uv":[1.0,10.25,1.1875,10.3125],"rotation":0,"texture":"#069c504d-d254-84b0-916a-efa51ab04681","tintindex":0}}},{"name":"flarm","from":[4.925175,7.154541,6.5418024],"to":[5.1351757,7.3645415,7.066802],"rotation":{"angle":22.5,"axis":"y","origin":[7.4906197,7.8958077,8.189043]},"faces":{"down":{"uv":[5.5,10.25,5.5625,10.4375],"rotation":0,"texture":"#069c504d-d254-84b0-916a-efa51ab04681","tintindex":0},"east":{"uv":[2.5,10.25,2.6875,10.3125],"rotation":0,"texture":"#069c504d-d254-84b0-916a-efa51ab04681","tintindex":0},"north":{"uv":[8.0,10.75,8.0625,10.8125],"rotation":0,"texture":"#069c504d-d254-84b0-916a-efa51ab04681","tintindex":0},"south":{"uv":[8.5,10.75,8.5625,10.8125],"rotation":0,"texture":"#069c504d-d254-84b0-916a-efa51ab04681","tintindex":0},"up":{"uv":[5.0625,10.4375,5.0,10.25],"rotation":0,"texture":"#069c504d-d254-84b0-916a-efa51ab04681","tintindex":0},"west":{"uv":[3.0,10.25,3.1875,10.3125],"rotation":0,"texture":"#069c504d-d254-84b0-916a-efa51ab04681","tintindex":0}}},{"name":"flarm","from":[4.365567,7.154541,9.342136],"to":[4.8905673,7.3645415,9.552135],"rotation":{"angle":-22.5,"axis":"y","origin":[7.4906197,7.8958077,8.189043]},"faces":{"down":{"uv":[8.0,10.25,8.1875,10.3125],"rotation":0,"texture":"#069c504d-d254-84b0-916a-efa51ab04681","tintindex":0},"east":{"uv":[10.75,6.5,10.8125,6.5625],"rotation":0,"texture":"#069c504d-d254-84b0-916a-efa51ab04681","tintindex":0},"north":{"uv":[6.5,10.25,6.6875,10.3125],"rotation":0,"texture":"#069c504d-d254-84b0-916a-efa51ab04681","tintindex":0},"south":{"uv":[7.0,10.25,7.1875,10.3125],"rotation":0,"texture":"#069c504d-d254-84b0-916a-efa51ab04681","tintindex":0},"up":{"uv":[7.6875,10.3125,7.5,10.25],"rotation":0,"texture":"#069c504d-d254-84b0-916a-efa51ab04681","tintindex":0},"west":{"uv":[10.75,7.0,10.8125,7.0625],"rotation":0,"texture":"#069c504d-d254-84b0-916a-efa51ab04681","tintindex":0}}}],"display":{"head":{"translation":[0.0,-6.4,0.0],"rotation":[0.0,0.0,0.0],"scale":[3.8095,3.8095,3.8095]},"gui":{"translation":[0.0,0.0,0.0],"rotation":[35.0,225.0,0.0],"scale":[0.625,0.625,0.625]}}}