{"file_name":"frarm","texture_size":[64,64],"textures":{"069c504d-d254-84b0-916a-efa51ab04681":"modelengine:entity/salamandra"},"elements":[{"name":"frarm","from":[7.9652977,7.762979,7.644403],"to":[9.225298,8.287979,8.274403],"rotation":{"angle":-22.5,"axis":"y","origin":[8.34512,7.9729786,7.859535]},"faces":{"down":{"uv":[7.25,8.25,7.625,8.4375],"rotation":0,"texture":"#069c504d-d254-84b0-916a-efa51ab04681","tintindex":0},"east":{"uv":[4.0,9.5,4.1875,9.6875],"rotation":0,"texture":"#069c504d-d254-84b0-916a-efa51ab04681","tintindex":0},"north":{"uv":[6.5,8.0,6.875,8.1875],"rotation":0,"texture":"#069c504d-d254-84b0-916a-efa51ab04681","tintindex":0},"south":{"uv":[8.0,1.25,8.375,1.4375],"rotation":0,"texture":"#069c504d-d254-84b0-916a-efa51ab04681","tintindex":0},"up":{"uv":[1.125,8.4375,0.75,8.25],"rotation":0,"texture":"#069c504d-d254-84b0-916a-efa51ab04681","tintindex":0},"west":{"uv":[4.5,9.5,4.6875,9.6875],"rotation":0,"texture":"#069c504d-d254-84b0-916a-efa51ab04681","tintindex":0}}},{"name":"frarm","from":[8.82918,7.9894342,7.9496503],"to":[10.40418,8.409434,8.57965],"rotation":{"angle":-22.5,"axis":"z","origin":[8.34512,7.9729786,7.859535]},"faces":{"down":{"uv":[6.25,7.5,6.75,7.6875],"rotation":0,"texture":"#069c504d-d254-84b0-916a-efa51ab04681","tintindex":0},"east":{"uv":[3.0,9.75,3.1875,9.875],"rotation":0,"texture":"#069c504d-d254-84b0-916a-efa51ab04681","tintindex":0},"north":{"uv":[8.5,4.5,9.0,4.625],"rotation":0,"texture":"#069c504d-d254-84b0-916a-efa51ab04681","tintindex":0},"south":{"uv":[8.5,5.0,9.0,5.125],"rotation":0,"texture":"#069c504d-d254-84b0-916a-efa51ab04681","tintindex":0},"up":{"uv":[0.5,7.6875,0.0,7.5],"rotation":0,"texture":"#069c504d-d254-84b0-916a-efa51ab04681","tintindex":0},"west":{"uv":[5.0,9.75,5.1875,9.875],"rotation":0,"texture":"#069c504d-d254-84b0-916a-efa51ab04681","tintindex":0}}},{"name":"frarm","from":[9.784897,7.1329784,8.43433],"to":[10.729898,7.447979,9.27433],"rotation":{"angle":22.5,"axis":"y","origin":[8.34512,7.9729786,7.859535]},"faces":{"down":{"uv":[7.75,2.0,8.0625,2.25],"rotation":0,"texture":"#069c504d-d254-84b0-916a-efa51ab04681","tintindex":0},"east":{"uv":[9.5,1.5,9.75,1.625],"rotation":0,"texture":"#069c504d-d254-84b0-916a-efa51ab04681","tintindex":0},"north":{"uv":[0.5,9.25,0.8125,9.375],"rotation":0,"texture":"#069c504d-d254-84b0-916a-efa51ab04681","tintindex":0},"south":{"uv":[1.25,9.25,1.5625,9.375],"rotation":0,"texture":"#069c504d-d254-84b0-916a-efa51ab04681","tintindex":0},"up":{"uv":[8.0625,0.25,7.75,0.0],"rotation":0,"texture":"#069c504d-d254-84b0-916a-efa51ab04681","tintindex":0},"west":{"uv":[9.5,2.0,9.75,2.125],"rotation":0,"texture":"#069c504d-d254-84b0-916a-efa51ab04681","tintindex":0}}},{"name":"frarm","from":[10.106358,7.123135,8.078272],"to":[10.316358,7.333135,8.6032715],"rotation":{"angle":22.5,"axis":"y","origin":[8.34512,7.9631352,7.859535]},"faces":{"down":{"uv":[10.0,3.0,10.0625,3.1875],"rotation":0,"texture":"#069c504d-d254-84b0-916a-efa51ab04681","tintindex":0},"east":{"uv":[10.0,1.5,10.1875,1.5625],"rotation":0,"texture":"#069c504d-d254-84b0-916a-efa51ab04681","tintindex":0},"north":{"uv":[2.0,10.75,2.0625,10.8125],"rotation":0,"texture":"#069c504d-d254-84b0-916a-efa51ab04681","tintindex":0},"south":{"uv":[2.5,10.75,2.5625,10.8125],"rotation":0,"texture":"#069c504d-d254-84b0-916a-efa51ab04681","tintindex":0},"up":{"uv":[10.0625,2.6875,10.0,2.5],"rotation":0,"texture":"#069c504d-d254-84b0-916a-efa51ab04681","tintindex":0},"west":{"uv":[10.0,2.0,10.1875,2.0625],"rotation":0,"texture":"#069c504d-d254-84b0-916a-efa51ab04681","tintindex":0}}},{"name":"frarm","from":[10.406918,7.123135,6.3988504],"to":[10.616917,7.333135,6.923851],"rotation":{"angle":-22.5,"axis":"y","origin":[8.34512,7.9631352,7.859535]},"faces":{"down":{"uv":[10.0,5.0,10.0625,5.1875],"rotation":0,"texture":"#069c504d-d254-84b0-916a-efa51ab04681","tintindex":0},"east":{"uv":[10.0,3.5,10.1875,3.5625],"rotation":0,"texture":"#069c504d-d254-84b0-916a-efa51ab04681","tintindex":0},"north":{"uv":[3.0,10.75,3.0625,10.8125],"rotation":0,"texture":"#069c504d-d254-84b0-916a-efa51ab04681","tintindex":0},"south":{"uv":[5.0,10.75,5.0625,10.8125],"rotation":0,"texture":"#069c504d-d254-84b0-916a-efa51ab04681","tintindex":0},"up":{"uv":[10.0625,4.6875,10.0,4.5],"rotation":0,"texture":"#069c504d-d254-84b0-916a-efa51ab04681","tintindex":0},"west":{"uv":[10.0,4.0,10.1875,4.0625],"rotation":0,"texture":"#069c504d-d254-84b0-916a-efa51ab04681","tintindex":0}}},{"name":"frarm","from":[10.605619,7.123135,8.936893],"to":[11.130619,7.333135,9.1468935],"rotation":{"angle":22.5,"axis":"y","origin":[8.34512,7.9631352,7.859535]},"faces":{"down":{"uv":[0.0,10.25,0.1875,10.3125],"rotation":0,"texture":"#069c504d-d254-84b0-916a-efa51ab04681","tintindex":0},"east":{"uv":[5.5,10.75,5.5625,10.8125],"rotation":0,"texture":"#069c504d-d254-84b0-916a-efa51ab04681","tintindex":0},"north":{"uv":[10.0,8.0,10.1875,8.0625],"rotation":0,"texture":"#069c504d-d254-84b0-916a-efa51ab04681","tintindex":0},"south":{"uv":[10.0,8.5,10.1875,8.5625],"rotation":0,"texture":"#069c504d-d254-84b0-916a-efa51ab04681","tintindex":0},"up":{"uv":[10.1875,9.5625,10.0,9.5],"rotation":0,"texture":"#069c504d-d254-84b0-916a-efa51ab04681","tintindex":0},"west":{"uv":[6.5,10.75,6.5625,10.8125],"rotation":0,"texture":"#069c504d-d254-84b0-916a-efa51ab04681","tintindex":0}}}],"display":{"head":{"translation":[0.0,-6.4,0.0],"rotation":[0.0,0.0,0.0],"scale":[3.8095,3.8095,3.8095]},"gui":{"translation":[0.0,0.0,0.0],"rotation":[35.0,225.0,0.0],"scale":[0.625,0.625,0.625]}}}