{"file_name":"head","texture_size":[64,64],"textures":{"069c504d-d254-84b0-916a-efa51ab04681":"modelengine:entity/salamandra"},"elements":[{"name":"head","from":[6.682933,7.39126,5.8992224],"to":[9.202933,8.33626,7.3692226],"rotation":{"angle":0.0,"axis":"x","origin":[7.732933,3.5062597,10.099223]},"faces":{"down":{"uv":[2.25,5.0,3.0,5.4375],"rotation":0,"texture":"#069c504d-d254-84b0-916a-efa51ab04681","tintindex":0},"east":{"uv":[6.75,2.75,7.1875,3.0625],"rotation":0,"texture":"#069c504d-d254-84b0-916a-efa51ab04681","tintindex":0},"north":{"uv":[2.5,5.75,3.25,6.0625],"rotation":0,"texture":"#069c504d-d254-84b0-916a-efa51ab04681","tintindex":0},"south":{"uv":[3.5,5.75,4.25,6.0625],"rotation":0,"texture":"#069c504d-d254-84b0-916a-efa51ab04681","tintindex":0},"up":{"uv":[2.0,5.4375,1.25,5.0],"rotation":0,"texture":"#069c504d-d254-84b0-916a-efa51ab04681","tintindex":0},"west":{"uv":[6.75,3.5,7.1875,3.8125],"rotation":0,"texture":"#069c504d-d254-84b0-916a-efa51ab04681","tintindex":0}}},{"name":"head","from":[6.262933,7.07626,3.4842224],"to":[9.622932,8.44126,6.1092224],"rotation":{"angle":0.0,"axis":"x","origin":[7.732933,3.5062597,10.099223]},"faces":{"down":{"uv":[2.75,0.0,3.75,0.8125],"rotation":0,"texture":"#069c504d-d254-84b0-916a-efa51ab04681","tintindex":0},"east":{"uv":[4.25,3.5,5.0625,3.9375],"rotation":0,"texture":"#069c504d-d254-84b0-916a-efa51ab04681","tintindex":0},"north":{"uv":[0.0,4.0,1.0,4.4375],"rotation":0,"texture":"#069c504d-d254-84b0-916a-efa51ab04681","tintindex":0},"south":{"uv":[1.25,4.25,2.25,4.6875],"rotation":0,"texture":"#069c504d-d254-84b0-916a-efa51ab04681","tintindex":0},"up":{"uv":[2.5,0.8125,1.5,0.0],"rotation":0,"texture":"#069c504d-d254-84b0-916a-efa51ab04681","tintindex":0},"west":{"uv":[0.0,4.75,0.8125,5.1875],"rotation":0,"texture":"#069c504d-d254-84b0-916a-efa51ab04681","tintindex":0}}},{"name":"head","from":[7.017253,7.5710526,2.27284],"to":[8.850469,8.114365,3.1413999],"rotation":{"angle":-22.5,"axis":"x","origin":[7.941253,8.1531725,2.758864]},"faces":{"down":{"uv":[4.5,6.5,5.0625,6.75],"rotation":0,"texture":"#069c504d-d254-84b0-916a-efa51ab04681","tintindex":0},"east":{"uv":[9.0,0.5,9.25,0.6875],"rotation":0,"texture":"#069c504d-d254-84b0-916a-efa51ab04681","tintindex":0},"north":{"uv":[4.25,7.5,4.8125,7.6875],"rotation":0,"texture":"#069c504d-d254-84b0-916a-efa51ab04681","tintindex":0},"south":{"uv":[5.25,7.5,5.8125,7.6875],"rotation":0,"texture":"#069c504d-d254-84b0-916a-efa51ab04681","tintindex":0},"up":{"uv":[6.8125,2.0,6.25,1.75],"rotation":0,"texture":"#069c504d-d254-84b0-916a-efa51ab04681","tintindex":0},"west":{"uv":[9.0,2.25,9.25,2.4375],"rotation":0,"texture":"#069c504d-d254-84b0-916a-efa51ab04681","tintindex":0}}},{"name":"head","from":[7.024645,2.677177,3.616756],"to":[8.843077,3.117001,4.4853153],"rotation":{"angle":22.5,"axis":"x","origin":[8.126053,8.315426,14.96902]},"faces":{"down":{"uv":[6.75,2.25,7.3125,2.5],"rotation":0,"texture":"#069c504d-d254-84b0-916a-efa51ab04681","tintindex":0},"east":{"uv":[2.0,9.75,2.25,9.875],"rotation":0,"texture":"#069c504d-d254-84b0-916a-efa51ab04681","tintindex":0},"north":{"uv":[8.5,1.75,9.0625,1.875],"rotation":0,"texture":"#069c504d-d254-84b0-916a-efa51ab04681","tintindex":0},"south":{"uv":[8.5,4.0,9.0625,4.125],"rotation":0,"texture":"#069c504d-d254-84b0-916a-efa51ab04681","tintindex":0},"up":{"uv":[7.3125,0.25,6.75,0.0],"rotation":0,"texture":"#069c504d-d254-84b0-916a-efa51ab04681","tintindex":0},"west":{"uv":[2.5,9.75,2.75,9.875],"rotation":0,"texture":"#069c504d-d254-84b0-916a-efa51ab04681","tintindex":0}}},{"name":"head","from":[6.9802933,7.4416924,2.2100081],"to":[8.857861,7.9332604,3.3114161],"rotation":{"angle":0.0,"axis":"x","origin":[7.756453,4.0709405,8.873896]},"faces":{"down":{"uv":[2.0,6.5,2.5625,6.8125],"rotation":0,"texture":"#069c504d-d254-84b0-916a-efa51ab04681","tintindex":0},"east":{"uv":[9.0,5.5,9.3125,5.625],"rotation":0,"texture":"#069c504d-d254-84b0-916a-efa51ab04681","tintindex":0},"north":{"uv":[4.5,8.0,5.0625,8.125],"rotation":0,"texture":"#069c504d-d254-84b0-916a-efa51ab04681","tintindex":0},"south":{"uv":[5.5,8.0,6.0625,8.125],"rotation":0,"texture":"#069c504d-d254-84b0-916a-efa51ab04681","tintindex":0},"up":{"uv":[1.5625,6.8125,1.0,6.5],"rotation":0,"texture":"#069c504d-d254-84b0-916a-efa51ab04681","tintindex":0},"west":{"uv":[9.0,6.0,9.3125,6.125],"rotation":0,"texture":"#069c504d-d254-84b0-916a-efa51ab04681","tintindex":0}}},{"name":"head","from":[6.5653334,7.116291,3.1146224],"to":[9.320534,8.279166,4.1646223],"rotation":{"angle":0.0,"axis":"x","origin":[7.732933,3.5566602,9.612022]},"faces":{"down":{"uv":[1.25,5.75,2.0625,6.0625],"rotation":0,"texture":"#069c504d-d254-84b0-916a-efa51ab04681","tintindex":0},"east":{"uv":[3.5,7.25,3.8125,7.625],"rotation":0,"texture":"#069c504d-d254-84b0-916a-efa51ab04681","tintindex":0},"north":{"uv":[0.0,5.5,0.8125,5.875],"rotation":0,"texture":"#069c504d-d254-84b0-916a-efa51ab04681","tintindex":0},"south":{"uv":[5.5,0.0,6.3125,0.375],"rotation":0,"texture":"#069c504d-d254-84b0-916a-efa51ab04681","tintindex":0},"up":{"uv":[6.3125,4.0625,5.5,3.75],"rotation":0,"texture":"#069c504d-d254-84b0-916a-efa51ab04681","tintindex":0},"west":{"uv":[7.25,1.25,7.5625,1.625],"rotation":0,"texture":"#069c504d-d254-84b0-916a-efa51ab04681","tintindex":0}}}],"display":{"head":{"translation":[0.0,-6.4,0.0],"rotation":[0.0,0.0,0.0],"scale":[3.8095,3.8095,3.8095]},"gui":{"translation":[0.0,0.0,0.0],"rotation":[35.0,225.0,0.0],"scale":[0.625,0.625,0.625]}}}