{"file_name":"bottomla","texture_size":[64,64],"textures":{"6131ce50-dc6d-6a29-b6bd-2b468fba9040":"modelengine:entity/texture"},"elements":[{"name":"bottomla","from":[7.8990965,6.837265,7.9024444],"to":[8.081497,8.077585,8.076794],"rotation":{"angle":-22.5,"axis":"z","origin":[7.997261,8.028565,7.9954786]},"faces":{"down":{"uv":[13.5,11.0,13.5625,11.0625],"rotation":0,"texture":"#6131ce50-dc6d-6a29-b6bd-2b468fba9040","tintindex":0},"east":{"uv":[10.0,2.75,10.0625,3.25],"rotation":0,"texture":"#6131ce50-dc6d-6a29-b6bd-2b468fba9040","tintindex":0},"north":{"uv":[10.0,2.0,10.0625,2.5],"rotation":0,"texture":"#6131ce50-dc6d-6a29-b6bd-2b468fba9040","tintindex":0},"south":{"uv":[10.0,3.5,10.0625,4.0],"rotation":0,"texture":"#6131ce50-dc6d-6a29-b6bd-2b468fba9040","tintindex":0},"up":{"uv":[11.0625,13.5625,11.0,13.5],"rotation":0,"texture":"#6131ce50-dc6d-6a29-b6bd-2b468fba9040","tintindex":0},"west":{"uv":[10.0,4.25,10.0625,4.75],"rotation":0,"texture":"#6131ce50-dc6d-6a29-b6bd-2b468fba9040","tintindex":0}}},{"name":"bottomla","from":[7.723323,6.320776,7.9778323],"to":[7.759803,6.4666967,8.014313],"rotation":{"angle":-22.5,"axis":"z","origin":[7.88638,7.9464474,7.9972663]},"faces":{"down":{"uv":[13.0,13.5,13.0625,13.5625],"rotation":0,"texture":"#6131ce50-dc6d-6a29-b6bd-2b468fba9040","tintindex":0},"east":{"uv":[13.5,11.5,13.5625,11.5625],"rotation":0,"texture":"#6131ce50-dc6d-6a29-b6bd-2b468fba9040","tintindex":0},"north":{"uv":[11.5,13.5,11.5625,13.5625],"rotation":0,"texture":"#6131ce50-dc6d-6a29-b6bd-2b468fba9040","tintindex":0},"south":{"uv":[13.5,12.0,13.5625,12.0625],"rotation":0,"texture":"#6131ce50-dc6d-6a29-b6bd-2b468fba9040","tintindex":0},"up":{"uv":[13.5625,12.5625,13.5,12.5],"rotation":0,"texture":"#6131ce50-dc6d-6a29-b6bd-2b468fba9040","tintindex":0},"west":{"uv":[12.5,13.5,12.5625,13.5625],"rotation":0,"texture":"#6131ce50-dc6d-6a29-b6bd-2b468fba9040","tintindex":0}}},{"name":"bottomla","from":[8.336317,6.523617,7.943746],"to":[8.409277,6.8884172,8.053186],"rotation":{"angle":-45.0,"axis":"z","origin":[7.88638,8.021447,7.9972663]},"faces":{"down":{"uv":[13.5,13.5,13.5625,13.5625],"rotation":0,"texture":"#6131ce50-dc6d-6a29-b6bd-2b468fba9040","tintindex":0},"east":{"uv":[12.5,3.0,12.5625,3.125],"rotation":0,"texture":"#6131ce50-dc6d-6a29-b6bd-2b468fba9040","tintindex":0},"north":{"uv":[3.0,12.5,3.0625,12.625],"rotation":0,"texture":"#6131ce50-dc6d-6a29-b6bd-2b468fba9040","tintindex":0},"south":{"uv":[3.5,12.5,3.5625,12.625],"rotation":0,"texture":"#6131ce50-dc6d-6a29-b6bd-2b468fba9040","tintindex":0},"up":{"uv":[13.5625,13.0625,13.5,13.0],"rotation":0,"texture":"#6131ce50-dc6d-6a29-b6bd-2b468fba9040","tintindex":0},"west":{"uv":[12.5,3.5,12.5625,3.625],"rotation":0,"texture":"#6131ce50-dc6d-6a29-b6bd-2b468fba9040","tintindex":0}}},{"name":"bottomla","from":[7.4628177,6.474514,7.1798897],"to":[7.4992976,6.620433,7.2163696],"rotation":{"angle":-22.5,"axis":"x","origin":[7.9098177,8.082385,7.9035163]},"faces":{"down":{"uv":[13.75,5.5,13.8125,5.5625],"rotation":0,"texture":"#6131ce50-dc6d-6a29-b6bd-2b468fba9040","tintindex":0},"east":{"uv":[1.5,13.75,1.5625,13.8125],"rotation":0,"texture":"#6131ce50-dc6d-6a29-b6bd-2b468fba9040","tintindex":0},"north":{"uv":[0.5,13.75,0.5625,13.8125],"rotation":0,"texture":"#6131ce50-dc6d-6a29-b6bd-2b468fba9040","tintindex":0},"south":{"uv":[13.75,4.0,13.8125,4.0625],"rotation":0,"texture":"#6131ce50-dc6d-6a29-b6bd-2b468fba9040","tintindex":0},"up":{"uv":[13.8125,5.0625,13.75,5.0],"rotation":0,"texture":"#6131ce50-dc6d-6a29-b6bd-2b468fba9040","tintindex":0},"west":{"uv":[13.75,4.5,13.8125,4.5625],"rotation":0,"texture":"#6131ce50-dc6d-6a29-b6bd-2b468fba9040","tintindex":0}}},{"name":"bottomla","from":[7.4263372,6.52927,8.406506],"to":[7.4992976,6.8940706,8.4794655],"rotation":{"angle":22.5,"axis":"x","origin":[7.9098177,8.082385,7.9035163]},"faces":{"down":{"uv":[13.75,7.0,13.8125,7.0625],"rotation":0,"texture":"#6131ce50-dc6d-6a29-b6bd-2b468fba9040","tintindex":0},"east":{"uv":[4.5,12.5,4.5625,12.625],"rotation":0,"texture":"#6131ce50-dc6d-6a29-b6bd-2b468fba9040","tintindex":0},"north":{"uv":[4.0,12.5,4.0625,12.625],"rotation":0,"texture":"#6131ce50-dc6d-6a29-b6bd-2b468fba9040","tintindex":0},"south":{"uv":[5.0,12.5,5.0625,12.625],"rotation":0,"texture":"#6131ce50-dc6d-6a29-b6bd-2b468fba9040","tintindex":0},"up":{"uv":[13.8125,6.5625,13.75,6.5],"rotation":0,"texture":"#6131ce50-dc6d-6a29-b6bd-2b468fba9040","tintindex":0},"west":{"uv":[5.5,12.5,5.5625,12.625],"rotation":0,"texture":"#6131ce50-dc6d-6a29-b6bd-2b468fba9040","tintindex":0}}},{"name":"bottomla","from":[7.7098227,6.3468127,7.9778323],"to":[7.7463026,6.492733,8.014313],"rotation":{"angle":0.0,"axis":"x","origin":[7.9379425,7.995666,7.9972663]},"faces":{"down":{"uv":[0.0,14.0,0.0625,14.0625],"rotation":0,"texture":"#6131ce50-dc6d-6a29-b6bd-2b468fba9040","tintindex":0},"east":{"uv":[13.75,8.0,13.8125,8.0625],"rotation":0,"texture":"#6131ce50-dc6d-6a29-b6bd-2b468fba9040","tintindex":0},"north":{"uv":[13.75,7.5,13.8125,7.5625],"rotation":0,"texture":"#6131ce50-dc6d-6a29-b6bd-2b468fba9040","tintindex":0},"south":{"uv":[13.75,8.5,13.8125,8.5625],"rotation":0,"texture":"#6131ce50-dc6d-6a29-b6bd-2b468fba9040","tintindex":0},"up":{"uv":[12.0625,13.8125,12.0,13.75],"rotation":0,"texture":"#6131ce50-dc6d-6a29-b6bd-2b468fba9040","tintindex":0},"west":{"uv":[10.0,13.75,10.0625,13.8125],"rotation":0,"texture":"#6131ce50-dc6d-6a29-b6bd-2b468fba9040","tintindex":0}}},{"name":"bottomla","from":[7.1328974,6.672167,7.943746],"to":[7.2058578,7.036968,8.053186],"rotation":{"angle":22.5,"axis":"z","origin":[7.9379425,7.995666,7.9972663]},"faces":{"down":{"uv":[14.0,0.5,14.0625,0.5625],"rotation":0,"texture":"#6131ce50-dc6d-6a29-b6bd-2b468fba9040","tintindex":0},"east":{"uv":[12.5,6.0,12.5625,6.125],"rotation":0,"texture":"#6131ce50-dc6d-6a29-b6bd-2b468fba9040","tintindex":0},"north":{"uv":[6.0,12.5,6.0625,12.625],"rotation":0,"texture":"#6131ce50-dc6d-6a29-b6bd-2b468fba9040","tintindex":0},"south":{"uv":[6.5,12.5,6.5625,12.625],"rotation":0,"texture":"#6131ce50-dc6d-6a29-b6bd-2b468fba9040","tintindex":0},"up":{"uv":[14.0625,0.0625,14.0,0.0],"rotation":0,"texture":"#6131ce50-dc6d-6a29-b6bd-2b468fba9040","tintindex":0},"west":{"uv":[7.0,12.5,7.0625,12.625],"rotation":0,"texture":"#6131ce50-dc6d-6a29-b6bd-2b468fba9040","tintindex":0}}},{"name":"bottomla","from":[7.8743815,6.64187,7.9129725],"to":[8.129742,6.970191,8.058892],"rotation":{"angle":-22.5,"axis":"z","origin":[7.9379425,8.082385,7.9972663]},"faces":{"down":{"uv":[9.0,12.5,9.125,12.5625],"rotation":0,"texture":"#6131ce50-dc6d-6a29-b6bd-2b468fba9040","tintindex":0},"east":{"uv":[7.5,12.5,7.5625,12.625],"rotation":0,"texture":"#6131ce50-dc6d-6a29-b6bd-2b468fba9040","tintindex":0},"north":{"uv":[11.0,10.5,11.125,10.625],"rotation":0,"texture":"#6131ce50-dc6d-6a29-b6bd-2b468fba9040","tintindex":0},"south":{"uv":[11.0,11.0,11.125,11.125],"rotation":0,"texture":"#6131ce50-dc6d-6a29-b6bd-2b468fba9040","tintindex":0},"up":{"uv":[8.625,12.5625,8.5,12.5],"rotation":0,"texture":"#6131ce50-dc6d-6a29-b6bd-2b468fba9040","tintindex":0},"west":{"uv":[8.0,12.5,8.0625,12.625],"rotation":0,"texture":"#6131ce50-dc6d-6a29-b6bd-2b468fba9040","tintindex":0}}}],"display":{"head":{"translation":[0.0,-6.4,0.0],"rotation":[0.0,0.0,0.0],"scale":[3.8095,3.8095,3.8095]},"gui":{"translation":[0.0,0.0,0.0],"rotation":[35.0,225.0,0.0],"scale":[0.625,0.625,0.625]}}}