{"file_name":"bottomra","texture_size":[64,64],"textures":{"6131ce50-dc6d-6a29-b6bd-2b468fba9040":"modelengine:entity/texture"},"elements":[{"name":"bottomra","from":[7.9358034,6.746309,7.9165072],"to":[8.118203,7.9866285,8.097887],"rotation":{"angle":22.5,"axis":"z","origin":[8.077442,7.9120317,7.9412684]},"faces":{"down":{"uv":[13.5,2.0,13.5625,2.0625],"rotation":0,"texture":"#6131ce50-dc6d-6a29-b6bd-2b468fba9040","tintindex":0},"east":{"uv":[1.0,10.0,1.0625,10.5],"rotation":0,"texture":"#6131ce50-dc6d-6a29-b6bd-2b468fba9040","tintindex":0},"north":{"uv":[0.0,10.0,0.0625,10.5],"rotation":0,"texture":"#6131ce50-dc6d-6a29-b6bd-2b468fba9040","tintindex":0},"south":{"uv":[1.5,10.0,1.5625,10.5],"rotation":0,"texture":"#6131ce50-dc6d-6a29-b6bd-2b468fba9040","tintindex":0},"up":{"uv":[2.0625,13.5625,2.0,13.5],"rotation":0,"texture":"#6131ce50-dc6d-6a29-b6bd-2b468fba9040","tintindex":0},"west":{"uv":[2.0,10.0,2.0625,10.5],"rotation":0,"texture":"#6131ce50-dc6d-6a29-b6bd-2b468fba9040","tintindex":0}}},{"name":"bottomra","from":[8.242569,6.27022,7.996582],"to":[8.279049,6.4161396,8.033062],"rotation":{"angle":0.0,"axis":"x","origin":[8.011089,7.8510942,7.9412684]},"faces":{"down":{"uv":[13.5,3.5,13.5625,3.5625],"rotation":0,"texture":"#6131ce50-dc6d-6a29-b6bd-2b468fba9040","tintindex":0},"east":{"uv":[13.5,2.5,13.5625,2.5625],"rotation":0,"texture":"#6131ce50-dc6d-6a29-b6bd-2b468fba9040","tintindex":0},"north":{"uv":[2.5,13.5,2.5625,13.5625],"rotation":0,"texture":"#6131ce50-dc6d-6a29-b6bd-2b468fba9040","tintindex":0},"south":{"uv":[3.0,13.5,3.0625,13.5625],"rotation":0,"texture":"#6131ce50-dc6d-6a29-b6bd-2b468fba9040","tintindex":0},"up":{"uv":[3.5625,13.5625,3.5,13.5],"rotation":0,"texture":"#6131ce50-dc6d-6a29-b6bd-2b468fba9040","tintindex":0},"west":{"uv":[13.5,3.0,13.5625,3.0625],"rotation":0,"texture":"#6131ce50-dc6d-6a29-b6bd-2b468fba9040","tintindex":0}}},{"name":"bottomra","from":[8.753965,6.605646,7.9624963],"to":[8.826926,6.9704456,8.071937],"rotation":{"angle":-22.5,"axis":"z","origin":[8.011089,7.8510942,7.9412684]},"faces":{"down":{"uv":[4.5,13.5,4.5625,13.5625],"rotation":0,"texture":"#6131ce50-dc6d-6a29-b6bd-2b468fba9040","tintindex":0},"east":{"uv":[12.25,7.5,12.3125,7.625],"rotation":0,"texture":"#6131ce50-dc6d-6a29-b6bd-2b468fba9040","tintindex":0},"north":{"uv":[12.25,7.0,12.3125,7.125],"rotation":0,"texture":"#6131ce50-dc6d-6a29-b6bd-2b468fba9040","tintindex":0},"south":{"uv":[12.25,8.0,12.3125,8.125],"rotation":0,"texture":"#6131ce50-dc6d-6a29-b6bd-2b468fba9040","tintindex":0},"up":{"uv":[4.0625,13.5625,4.0,13.5],"rotation":0,"texture":"#6131ce50-dc6d-6a29-b6bd-2b468fba9040","tintindex":0},"west":{"uv":[12.25,8.5,12.3125,8.625],"rotation":0,"texture":"#6131ce50-dc6d-6a29-b6bd-2b468fba9040","tintindex":0}}},{"name":"bottomra","from":[8.491918,6.3697524,7.201],"to":[8.528397,6.5156727,7.23748],"rotation":{"angle":-22.5,"axis":"x","origin":[8.057964,7.9120317,7.9412684]},"faces":{"down":{"uv":[7.0,13.5,7.0625,13.5625],"rotation":0,"texture":"#6131ce50-dc6d-6a29-b6bd-2b468fba9040","tintindex":0},"east":{"uv":[5.5,13.5,5.5625,13.5625],"rotation":0,"texture":"#6131ce50-dc6d-6a29-b6bd-2b468fba9040","tintindex":0},"north":{"uv":[5.0,13.5,5.0625,13.5625],"rotation":0,"texture":"#6131ce50-dc6d-6a29-b6bd-2b468fba9040","tintindex":0},"south":{"uv":[6.0,13.5,6.0625,13.5625],"rotation":0,"texture":"#6131ce50-dc6d-6a29-b6bd-2b468fba9040","tintindex":0},"up":{"uv":[6.5625,13.5625,6.5,13.5],"rotation":0,"texture":"#6131ce50-dc6d-6a29-b6bd-2b468fba9040","tintindex":0},"west":{"uv":[13.5,6.0,13.5625,6.0625],"rotation":0,"texture":"#6131ce50-dc6d-6a29-b6bd-2b468fba9040","tintindex":0}}},{"name":"bottomra","from":[8.471844,6.402461,8.406789],"to":[8.544804,6.7672606,8.479749],"rotation":{"angle":22.5,"axis":"x","origin":[8.057964,7.9120317,7.9412684]},"faces":{"down":{"uv":[8.0,13.5,8.0625,13.5625],"rotation":0,"texture":"#6131ce50-dc6d-6a29-b6bd-2b468fba9040","tintindex":0},"east":{"uv":[12.0,12.25,12.0625,12.375],"rotation":0,"texture":"#6131ce50-dc6d-6a29-b6bd-2b468fba9040","tintindex":0},"north":{"uv":[10.0,12.25,10.0625,12.375],"rotation":0,"texture":"#6131ce50-dc6d-6a29-b6bd-2b468fba9040","tintindex":0},"south":{"uv":[0.0,12.5,0.0625,12.625],"rotation":0,"texture":"#6131ce50-dc6d-6a29-b6bd-2b468fba9040","tintindex":0},"up":{"uv":[7.5625,13.5625,7.5,13.5],"rotation":0,"texture":"#6131ce50-dc6d-6a29-b6bd-2b468fba9040","tintindex":0},"west":{"uv":[12.5,0.0,12.5625,0.125],"rotation":0,"texture":"#6131ce50-dc6d-6a29-b6bd-2b468fba9040","tintindex":0}}},{"name":"bottomra","from":[8.262302,6.1989,7.996582],"to":[8.298782,6.34482,8.033062],"rotation":{"angle":22.5,"axis":"z","origin":[8.135307,7.832344,7.9412684]},"faces":{"down":{"uv":[13.5,10.0,13.5625,10.0625],"rotation":0,"texture":"#6131ce50-dc6d-6a29-b6bd-2b468fba9040","tintindex":0},"east":{"uv":[9.0,13.5,9.0625,13.5625],"rotation":0,"texture":"#6131ce50-dc6d-6a29-b6bd-2b468fba9040","tintindex":0},"north":{"uv":[8.5,13.5,8.5625,13.5625],"rotation":0,"texture":"#6131ce50-dc6d-6a29-b6bd-2b468fba9040","tintindex":0},"south":{"uv":[13.5,9.0,13.5625,9.0625],"rotation":0,"texture":"#6131ce50-dc6d-6a29-b6bd-2b468fba9040","tintindex":0},"up":{"uv":[13.5625,9.5625,13.5,9.5],"rotation":0,"texture":"#6131ce50-dc6d-6a29-b6bd-2b468fba9040","tintindex":0},"west":{"uv":[9.5,13.5,9.5625,13.5625],"rotation":0,"texture":"#6131ce50-dc6d-6a29-b6bd-2b468fba9040","tintindex":0}}},{"name":"bottomra","from":[7.662855,6.380205,7.9624963],"to":[7.735815,6.7450056,8.071937],"rotation":{"angle":45.0,"axis":"z","origin":[8.135307,7.832344,7.9412684]},"faces":{"down":{"uv":[13.5,10.5,13.5625,10.5625],"rotation":0,"texture":"#6131ce50-dc6d-6a29-b6bd-2b468fba9040","tintindex":0},"east":{"uv":[1.0,12.5,1.0625,12.625],"rotation":0,"texture":"#6131ce50-dc6d-6a29-b6bd-2b468fba9040","tintindex":0},"north":{"uv":[12.5,0.5,12.5625,0.625],"rotation":0,"texture":"#6131ce50-dc6d-6a29-b6bd-2b468fba9040","tintindex":0},"south":{"uv":[12.5,1.0,12.5625,1.125],"rotation":0,"texture":"#6131ce50-dc6d-6a29-b6bd-2b468fba9040","tintindex":0},"up":{"uv":[10.5625,13.5625,10.5,13.5],"rotation":0,"texture":"#6131ce50-dc6d-6a29-b6bd-2b468fba9040","tintindex":0},"west":{"uv":[12.5,1.5,12.5625,1.625],"rotation":0,"texture":"#6131ce50-dc6d-6a29-b6bd-2b468fba9040","tintindex":0}}},{"name":"bottomra","from":[7.8891435,6.519075,7.931722],"to":[8.144504,6.847396,8.077642],"rotation":{"angle":22.5,"axis":"z","origin":[8.057964,7.9120317,7.9412684]},"faces":{"down":{"uv":[12.5,2.5,12.625,2.5625],"rotation":0,"texture":"#6131ce50-dc6d-6a29-b6bd-2b468fba9040","tintindex":0},"east":{"uv":[2.0,12.5,2.0625,12.625],"rotation":0,"texture":"#6131ce50-dc6d-6a29-b6bd-2b468fba9040","tintindex":0},"north":{"uv":[9.5,11.0,9.625,11.125],"rotation":0,"texture":"#6131ce50-dc6d-6a29-b6bd-2b468fba9040","tintindex":0},"south":{"uv":[11.0,9.5,11.125,9.625],"rotation":0,"texture":"#6131ce50-dc6d-6a29-b6bd-2b468fba9040","tintindex":0},"up":{"uv":[2.625,12.5625,2.5,12.5],"rotation":0,"texture":"#6131ce50-dc6d-6a29-b6bd-2b468fba9040","tintindex":0},"west":{"uv":[12.5,2.0,12.5625,2.125],"rotation":0,"texture":"#6131ce50-dc6d-6a29-b6bd-2b468fba9040","tintindex":0}}}],"display":{"head":{"translation":[0.0,-6.4,0.0],"rotation":[0.0,0.0,0.0],"scale":[3.8095,3.8095,3.8095]},"gui":{"translation":[0.0,0.0,0.0],"rotation":[35.0,225.0,0.0],"scale":[0.625,0.625,0.625]}}}