{"file_name":"bottomlbh","texture_size":[64,64],"textures":{"6131ce50-dc6d-6a29-b6bd-2b468fba9040":"modelengine:entity/grindylow"},"elements":[{"name":"bottomlbh","from":[7.9395823,7.6103263,7.8813386],"to":[8.049023,8.084566,8.027259],"rotation":{"angle":-22.5,"axis":"x","origin":[8.009894,8.113085,7.9892273]},"faces":{"down":{"uv":[3.0,13.0,3.0625,13.0625],"rotation":0,"texture":"#6131ce50-dc6d-6a29-b6bd-2b468fba9040","tintindex":0},"east":{"uv":[11.5,10.0,11.5625,10.1875],"rotation":0,"texture":"#6131ce50-dc6d-6a29-b6bd-2b468fba9040","tintindex":0},"north":{"uv":[11.5,9.5,11.5625,9.6875],"rotation":0,"texture":"#6131ce50-dc6d-6a29-b6bd-2b468fba9040","tintindex":0},"south":{"uv":[10.5,11.5,10.5625,11.6875],"rotation":0,"texture":"#6131ce50-dc6d-6a29-b6bd-2b468fba9040","tintindex":0},"up":{"uv":[13.0625,2.5625,13.0,2.5],"rotation":0,"texture":"#6131ce50-dc6d-6a29-b6bd-2b468fba9040","tintindex":0},"west":{"uv":[11.5,10.5,11.5625,10.6875],"rotation":0,"texture":"#6131ce50-dc6d-6a29-b6bd-2b468fba9040","tintindex":0}}},{"name":"bottomlbh","from":[7.9760623,7.4953737,7.966782],"to":[8.049023,7.750734,8.0397415],"rotation":{"angle":-22.5,"axis":"x","origin":[7.9760623,7.969508,8.2014885]},"faces":{"down":{"uv":[3.5,13.0,3.5625,13.0625],"rotation":0,"texture":"#6131ce50-dc6d-6a29-b6bd-2b468fba9040","tintindex":0},"east":{"uv":[12.0,9.75,12.0625,9.875],"rotation":0,"texture":"#6131ce50-dc6d-6a29-b6bd-2b468fba9040","tintindex":0},"north":{"uv":[9.5,12.0,9.5625,12.125],"rotation":0,"texture":"#6131ce50-dc6d-6a29-b6bd-2b468fba9040","tintindex":0},"south":{"uv":[12.0,10.25,12.0625,10.375],"rotation":0,"texture":"#6131ce50-dc6d-6a29-b6bd-2b468fba9040","tintindex":0},"up":{"uv":[13.0625,3.0625,13.0,3.0],"rotation":0,"texture":"#6131ce50-dc6d-6a29-b6bd-2b468fba9040","tintindex":0},"west":{"uv":[10.5,12.0,10.5625,12.125],"rotation":0,"texture":"#6131ce50-dc6d-6a29-b6bd-2b468fba9040","tintindex":0}}},{"name":"bottomlbh","from":[8.169192,7.40306,8.1832485],"to":[8.205672,7.54898,8.219728],"rotation":{"angle":-22.5,"axis":"z","origin":[7.9031024,7.975629,8.237968]},"faces":{"down":{"uv":[6.0,13.0,6.0625,13.0625],"rotation":0,"texture":"#6131ce50-dc6d-6a29-b6bd-2b468fba9040","tintindex":0},"east":{"uv":[4.0,13.0,4.0625,13.0625],"rotation":0,"texture":"#6131ce50-dc6d-6a29-b6bd-2b468fba9040","tintindex":0},"north":{"uv":[13.0,3.5,13.0625,3.5625],"rotation":0,"texture":"#6131ce50-dc6d-6a29-b6bd-2b468fba9040","tintindex":0},"south":{"uv":[4.5,13.0,4.5625,13.0625],"rotation":0,"texture":"#6131ce50-dc6d-6a29-b6bd-2b468fba9040","tintindex":0},"up":{"uv":[5.5625,13.0625,5.5,13.0],"rotation":0,"texture":"#6131ce50-dc6d-6a29-b6bd-2b468fba9040","tintindex":0},"west":{"uv":[5.0,13.0,5.0625,13.0625],"rotation":0,"texture":"#6131ce50-dc6d-6a29-b6bd-2b468fba9040","tintindex":0}}}],"display":{"head":{"translation":[0.0,-6.4,0.0],"rotation":[0.0,0.0,0.0],"scale":[3.8095,3.8095,3.8095]},"gui":{"translation":[0.0,0.0,0.0],"rotation":[35.0,225.0,0.0],"scale":[0.625,0.625,0.625]}}}