{"file_name":"bottomrbh","texture_size":[64,64],"textures":{"6131ce50-dc6d-6a29-b6bd-2b468fba9040":"modelengine:entity/texture"},"elements":[{"name":"bottomrbh","from":[7.941573,7.5647526,7.905949],"to":[8.051013,8.038992,8.051869],"rotation":{"angle":-22.5,"axis":"x","origin":[7.9666386,8.038836,8.009571]},"faces":{"down":{"uv":[13.0,12.0,13.0625,12.0625],"rotation":0,"texture":"#6131ce50-dc6d-6a29-b6bd-2b468fba9040","tintindex":0},"east":{"uv":[11.5,11.0,11.5625,11.1875],"rotation":0,"texture":"#6131ce50-dc6d-6a29-b6bd-2b468fba9040","tintindex":0},"north":{"uv":[11.0,11.5,11.0625,11.6875],"rotation":0,"texture":"#6131ce50-dc6d-6a29-b6bd-2b468fba9040","tintindex":0},"south":{"uv":[11.5,11.5,11.5625,11.6875],"rotation":0,"texture":"#6131ce50-dc6d-6a29-b6bd-2b468fba9040","tintindex":0},"up":{"uv":[13.0625,11.5625,13.0,11.5],"rotation":0,"texture":"#6131ce50-dc6d-6a29-b6bd-2b468fba9040","tintindex":0},"west":{"uv":[0.5,11.75,0.5625,11.9375],"rotation":0,"texture":"#6131ce50-dc6d-6a29-b6bd-2b468fba9040","tintindex":0}}},{"name":"bottomrbh","from":[7.941573,7.454958,7.951393],"to":[8.014534,7.710318,8.024353],"rotation":{"angle":-22.5,"axis":"x","origin":[8.014534,7.998384,8.214801]},"faces":{"down":{"uv":[13.0,12.5,13.0625,12.5625],"rotation":0,"texture":"#6131ce50-dc6d-6a29-b6bd-2b468fba9040","tintindex":0},"east":{"uv":[0.5,12.25,0.5625,12.375],"rotation":0,"texture":"#6131ce50-dc6d-6a29-b6bd-2b468fba9040","tintindex":0},"north":{"uv":[12.0,11.75,12.0625,11.875],"rotation":0,"texture":"#6131ce50-dc6d-6a29-b6bd-2b468fba9040","tintindex":0},"south":{"uv":[1.5,12.25,1.5625,12.375],"rotation":0,"texture":"#6131ce50-dc6d-6a29-b6bd-2b468fba9040","tintindex":0},"up":{"uv":[12.5625,13.0625,12.5,13.0],"rotation":0,"texture":"#6131ce50-dc6d-6a29-b6bd-2b468fba9040","tintindex":0},"west":{"uv":[12.25,4.0,12.3125,4.125],"rotation":0,"texture":"#6131ce50-dc6d-6a29-b6bd-2b468fba9040","tintindex":0}}},{"name":"bottomrbh","from":[7.7562222,7.362645,8.196561],"to":[7.792702,7.5085654,8.233041],"rotation":{"angle":22.5,"axis":"z","origin":[8.087494,8.004504,8.251281]},"faces":{"down":{"uv":[13.25,5.0,13.3125,5.0625],"rotation":0,"texture":"#6131ce50-dc6d-6a29-b6bd-2b468fba9040","tintindex":0},"east":{"uv":[0.5,13.25,0.5625,13.3125],"rotation":0,"texture":"#6131ce50-dc6d-6a29-b6bd-2b468fba9040","tintindex":0},"north":{"uv":[13.0,13.0,13.0625,13.0625],"rotation":0,"texture":"#6131ce50-dc6d-6a29-b6bd-2b468fba9040","tintindex":0},"south":{"uv":[1.5,13.25,1.5625,13.3125],"rotation":0,"texture":"#6131ce50-dc6d-6a29-b6bd-2b468fba9040","tintindex":0},"up":{"uv":[13.3125,4.5625,13.25,4.5],"rotation":0,"texture":"#6131ce50-dc6d-6a29-b6bd-2b468fba9040","tintindex":0},"west":{"uv":[13.25,4.0,13.3125,4.0625],"rotation":0,"texture":"#6131ce50-dc6d-6a29-b6bd-2b468fba9040","tintindex":0}}}],"display":{"head":{"translation":[0.0,-6.4,0.0],"rotation":[0.0,0.0,0.0],"scale":[3.8095,3.8095,3.8095]},"gui":{"translation":[0.0,0.0,0.0],"rotation":[35.0,225.0,0.0],"scale":[0.625,0.625,0.625]}}}