{"file_name":"btm","texture_size":[64,64],"textures":{"6131ce50-dc6d-6a29-b6bd-2b468fba9040":"modelengine:entity/texture"},"elements":[{"name":"btm","from":[7.6369114,7.368958,8.000224],"to":[8.619951,8.171517,8.534382],"rotation":{"angle":-22.5,"axis":"x","origin":[8.095041,7.7774057,8.284187]},"faces":{"down":{"uv":[1.75,4.75,2.1875,5.0],"rotation":0,"texture":"#6131ce50-dc6d-6a29-b6bd-2b468fba9040","tintindex":0},"east":{"uv":[7.25,0.0,7.5,0.3125],"rotation":0,"texture":"#6131ce50-dc6d-6a29-b6bd-2b468fba9040","tintindex":0},"north":{"uv":[0.0,5.75,0.4375,6.0625],"rotation":0,"texture":"#6131ce50-dc6d-6a29-b6bd-2b468fba9040","tintindex":0},"south":{"uv":[5.75,5.25,6.1875,5.5625],"rotation":0,"texture":"#6131ce50-dc6d-6a29-b6bd-2b468fba9040","tintindex":0},"up":{"uv":[2.6875,1.25,2.25,1.0],"rotation":0,"texture":"#6131ce50-dc6d-6a29-b6bd-2b468fba9040","tintindex":0},"west":{"uv":[5.75,7.25,6.0,7.5625],"rotation":0,"texture":"#6131ce50-dc6d-6a29-b6bd-2b468fba9040","tintindex":0}}}],"display":{"head":{"translation":[0.0,-6.4,0.0],"rotation":[0.0,0.0,0.0],"scale":[3.8095,3.8095,3.8095]},"gui":{"translation":[0.0,0.0,0.0],"rotation":[35.0,225.0,0.0],"scale":[0.625,0.625,0.625]}}}