{"file_name":"headbody","texture_size":[64,64],"textures":{"6131ce50-dc6d-6a29-b6bd-2b468fba9040":"modelengine:entity/texture"},"elements":[{"name":"headbody","from":[7.5992503,7.33676,7.9093533],"to":[8.436749,8.311955,8.402647],"rotation":{"angle":0.0,"axis":"x","origin":[8.028547,7.3910003,8.203125]},"faces":{"down":{"uv":[2.25,7.5,2.625,7.6875],"rotation":0,"texture":"#6131ce50-dc6d-6a29-b6bd-2b468fba9040","tintindex":0},"east":{"uv":[3.75,6.75,3.9375,7.1875],"rotation":0,"texture":"#6131ce50-dc6d-6a29-b6bd-2b468fba9040","tintindex":0},"north":{"uv":[2.75,5.25,3.125,5.6875],"rotation":0,"texture":"#6131ce50-dc6d-6a29-b6bd-2b468fba9040","tintindex":0},"south":{"uv":[3.5,5.25,3.875,5.6875],"rotation":0,"texture":"#6131ce50-dc6d-6a29-b6bd-2b468fba9040","tintindex":0},"up":{"uv":[1.875,7.6875,1.5,7.5],"rotation":0,"texture":"#6131ce50-dc6d-6a29-b6bd-2b468fba9040","tintindex":0},"west":{"uv":[4.25,6.75,4.4375,7.1875],"rotation":0,"texture":"#6131ce50-dc6d-6a29-b6bd-2b468fba9040","tintindex":0}}},{"name":"headbody","from":[7.7443137,8.848761,7.972067],"to":[8.337477,9.398716,8.300386],"rotation":{"angle":0.0,"axis":"x","origin":[8.118597,7.991,7.965947]},"faces":{"down":{"uv":[9.0,9.75,9.25,9.875],"rotation":0,"texture":"#6131ce50-dc6d-6a29-b6bd-2b468fba9040","tintindex":0},"east":{"uv":[5.0,9.75,5.125,10.0],"rotation":0,"texture":"#6131ce50-dc6d-6a29-b6bd-2b468fba9040","tintindex":0},"north":{"uv":[2.5,4.0,2.75,4.25],"rotation":0,"texture":"#6131ce50-dc6d-6a29-b6bd-2b468fba9040","tintindex":0},"south":{"uv":[7.5,5.5,7.75,5.75],"rotation":0,"texture":"#6131ce50-dc6d-6a29-b6bd-2b468fba9040","tintindex":0},"up":{"uv":[10.0,8.625,9.75,8.5],"rotation":0,"texture":"#6131ce50-dc6d-6a29-b6bd-2b468fba9040","tintindex":0},"west":{"uv":[9.75,8.0,9.875,8.25],"rotation":0,"texture":"#6131ce50-dc6d-6a29-b6bd-2b468fba9040","tintindex":0}}},{"name":"headbody","from":[7.3248796,6.2788405,7.660566],"to":[8.71112,7.33676,8.645526],"rotation":{"angle":0.0,"axis":"x","origin":[8.018,7.4660006,8.165166]},"faces":{"down":{"uv":[4.5,1.5,5.0625,1.9375],"rotation":0,"texture":"#6131ce50-dc6d-6a29-b6bd-2b468fba9040","tintindex":0},"east":{"uv":[4.5,4.5,4.9375,4.9375],"rotation":0,"texture":"#6131ce50-dc6d-6a29-b6bd-2b468fba9040","tintindex":0},"north":{"uv":[4.25,0.0,4.8125,0.4375],"rotation":0,"texture":"#6131ce50-dc6d-6a29-b6bd-2b468fba9040","tintindex":0},"south":{"uv":[4.25,3.75,4.8125,4.1875],"rotation":0,"texture":"#6131ce50-dc6d-6a29-b6bd-2b468fba9040","tintindex":0},"up":{"uv":[0.5625,4.9375,0.0,4.5],"rotation":0,"texture":"#6131ce50-dc6d-6a29-b6bd-2b468fba9040","tintindex":0},"west":{"uv":[1.0,4.75,1.4375,5.1875],"rotation":0,"texture":"#6131ce50-dc6d-6a29-b6bd-2b468fba9040","tintindex":0}}},{"name":"headbody","from":[7.4584737,7.3007154,7.7965035],"to":[8.577526,7.8008223,8.521307],"rotation":{"angle":0.0,"axis":"x","origin":[8.053156,7.4660006,8.165166]},"faces":{"down":{"uv":[6.0,4.25,6.4375,4.5625],"rotation":0,"texture":"#6131ce50-dc6d-6a29-b6bd-2b468fba9040","tintindex":0},"east":{"uv":[7.75,3.25,8.0625,3.4375],"rotation":0,"texture":"#6131ce50-dc6d-6a29-b6bd-2b468fba9040","tintindex":0},"north":{"uv":[5.5,6.75,5.9375,6.9375],"rotation":0,"texture":"#6131ce50-dc6d-6a29-b6bd-2b468fba9040","tintindex":0},"south":{"uv":[6.25,6.75,6.6875,6.9375],"rotation":0,"texture":"#6131ce50-dc6d-6a29-b6bd-2b468fba9040","tintindex":0},"up":{"uv":[4.4375,6.3125,4.0,6.0],"rotation":0,"texture":"#6131ce50-dc6d-6a29-b6bd-2b468fba9040","tintindex":0},"west":{"uv":[7.75,3.75,8.0625,3.9375],"rotation":0,"texture":"#6131ce50-dc6d-6a29-b6bd-2b468fba9040","tintindex":0}}},{"name":"headbody","from":[7.39784,6.4301634,7.4428782],"to":[8.63816,7.1369343,8.779423],"rotation":{"angle":0.0,"axis":"x","origin":[8.018,7.241,8.390165]},"faces":{"down":{"uv":[3.0,2.75,3.5,3.3125],"rotation":0,"texture":"#6131ce50-dc6d-6a29-b6bd-2b468fba9040","tintindex":0},"east":{"uv":[5.25,0.5,5.8125,0.8125],"rotation":0,"texture":"#6131ce50-dc6d-6a29-b6bd-2b468fba9040","tintindex":0},"north":{"uv":[5.25,4.5,5.75,4.8125],"rotation":0,"texture":"#6131ce50-dc6d-6a29-b6bd-2b468fba9040","tintindex":0},"south":{"uv":[5.0,5.25,5.5,5.5625],"rotation":0,"texture":"#6131ce50-dc6d-6a29-b6bd-2b468fba9040","tintindex":0},"up":{"uv":[3.5,2.3125,3.0,1.75],"rotation":0,"texture":"#6131ce50-dc6d-6a29-b6bd-2b468fba9040","tintindex":0},"west":{"uv":[1.75,5.25,2.3125,5.5625],"rotation":0,"texture":"#6131ce50-dc6d-6a29-b6bd-2b468fba9040","tintindex":0}}},{"name":"headbody","from":[7.1471453,6.5265617,7.7335258],"to":[8.888855,7.1409054,8.572565],"rotation":{"angle":0.0,"axis":"x","origin":[7.9891815,7.241,8.390165]},"faces":{"down":{"uv":[1.0,3.25,1.75,3.625],"rotation":0,"texture":"#6131ce50-dc6d-6a29-b6bd-2b468fba9040","tintindex":0},"east":{"uv":[6.25,3.0,6.625,3.25],"rotation":0,"texture":"#6131ce50-dc6d-6a29-b6bd-2b468fba9040","tintindex":0},"north":{"uv":[0.0,5.25,0.75,5.5],"rotation":0,"texture":"#6131ce50-dc6d-6a29-b6bd-2b468fba9040","tintindex":0},"south":{"uv":[5.25,0.0,6.0,0.25],"rotation":0,"texture":"#6131ce50-dc6d-6a29-b6bd-2b468fba9040","tintindex":0},"up":{"uv":[4.0,0.375,3.25,0.0],"rotation":0,"texture":"#6131ce50-dc6d-6a29-b6bd-2b468fba9040","tintindex":0},"west":{"uv":[0.0,6.5,0.375,6.75],"rotation":0,"texture":"#6131ce50-dc6d-6a29-b6bd-2b468fba9040","tintindex":0}}},{"name":"headbody","from":[7.301649,8.486413,7.736274],"to":[8.799976,8.807897,8.587445],"rotation":{"angle":0.0,"axis":"x","origin":[7.990385,7.8410006,8.382931]},"faces":{"down":{"uv":[3.5,4.5,4.125,4.875],"rotation":0,"texture":"#6131ce50-dc6d-6a29-b6bd-2b468fba9040","tintindex":0},"east":{"uv":[7.75,7.75,8.125,7.875],"rotation":0,"texture":"#6131ce50-dc6d-6a29-b6bd-2b468fba9040","tintindex":0},"north":{"uv":[0.0,7.0,0.625,7.125],"rotation":0,"texture":"#6131ce50-dc6d-6a29-b6bd-2b468fba9040","tintindex":0},"south":{"uv":[7.0,0.75,7.625,0.875],"rotation":0,"texture":"#6131ce50-dc6d-6a29-b6bd-2b468fba9040","tintindex":0},"up":{"uv":[5.125,3.375,4.5,3.0],"rotation":0,"texture":"#6131ce50-dc6d-6a29-b6bd-2b468fba9040","tintindex":0},"west":{"uv":[0.0,8.0,0.375,8.125],"rotation":0,"texture":"#6131ce50-dc6d-6a29-b6bd-2b468fba9040","tintindex":0}}},{"name":"headbody","from":[7.430555,8.164928,7.799555],"to":[8.647633,8.486413,8.512445],"rotation":{"angle":0.0,"axis":"x","origin":[7.990385,7.8382664,8.382931]},"faces":{"down":{"uv":[5.5,2.75,6.0,3.0625],"rotation":0,"texture":"#6131ce50-dc6d-6a29-b6bd-2b468fba9040","tintindex":0},"east":{"uv":[9.75,0.0,10.0625,0.125],"rotation":0,"texture":"#6131ce50-dc6d-6a29-b6bd-2b468fba9040","tintindex":0},"north":{"uv":[7.5,6.0,8.0,6.125],"rotation":0,"texture":"#6131ce50-dc6d-6a29-b6bd-2b468fba9040","tintindex":0},"south":{"uv":[7.5,6.5,8.0,6.625],"rotation":0,"texture":"#6131ce50-dc6d-6a29-b6bd-2b468fba9040","tintindex":0},"up":{"uv":[6.0,2.3125,5.5,2.0],"rotation":0,"texture":"#6131ce50-dc6d-6a29-b6bd-2b468fba9040","tintindex":0},"west":{"uv":[3.25,9.75,3.5625,9.875],"rotation":0,"texture":"#6131ce50-dc6d-6a29-b6bd-2b468fba9040","tintindex":0}}},{"name":"headbody","from":[7.653211,8.807897,7.8372583],"to":[8.382789,8.925474,8.505617],"rotation":{"angle":0.0,"axis":"x","origin":[8.066709,7.8249846,8.390165]},"faces":{"down":{"uv":[0.0,7.5,0.3125,7.75],"rotation":0,"texture":"#6131ce50-dc6d-6a29-b6bd-2b468fba9040","tintindex":0},"east":{"uv":[11.5,3.5,11.75,3.5625],"rotation":0,"texture":"#6131ce50-dc6d-6a29-b6bd-2b468fba9040","tintindex":0},"north":{"uv":[11.0,4.25,11.3125,4.3125],"rotation":0,"texture":"#6131ce50-dc6d-6a29-b6bd-2b468fba9040","tintindex":0},"south":{"uv":[5.25,11.0,5.5625,11.0625],"rotation":0,"texture":"#6131ce50-dc6d-6a29-b6bd-2b468fba9040","tintindex":0},"up":{"uv":[6.5625,7.5,6.25,7.25],"rotation":0,"texture":"#6131ce50-dc6d-6a29-b6bd-2b468fba9040","tintindex":0},"west":{"uv":[4.0,11.5,4.25,11.5625],"rotation":0,"texture":"#6131ce50-dc6d-6a29-b6bd-2b468fba9040","tintindex":0}}},{"name":"headbody","from":[7.30664,9.505401,7.205683],"to":[8.729361,9.72428,8.665188],"rotation":{"angle":0.0,