{"file_name":"middlertr","texture_size":[64,64],"textures":{"6131ce50-dc6d-6a29-b6bd-2b468fba9040":"modelengine:entity/texture"},"elements":[{"name":"middlertr","from":[7.9392395,7.30346,8.151006],"to":[8.121639,7.99658,8.369885],"rotation":{"angle":22.5,"axis":"x","origin":[7.9939594,8.0513,8.260446]},"faces":{"down":{"uv":[14.5,2.0,14.5625,2.0625],"rotation":0,"texture":"#6131ce50-dc6d-6a29-b6bd-2b468fba9040","tintindex":0},"east":{"uv":[11.0,2.0,11.0625,2.3125],"rotation":0,"texture":"#6131ce50-dc6d-6a29-b6bd-2b468fba9040","tintindex":0},"north":{"uv":[11.0,0.75,11.0625,1.0625],"rotation":0,"texture":"#6131ce50-dc6d-6a29-b6bd-2b468fba9040","tintindex":0},"south":{"uv":[11.0,2.75,11.0625,3.0625],"rotation":0,"texture":"#6131ce50-dc6d-6a29-b6bd-2b468fba9040","tintindex":0},"up":{"uv":[2.0625,14.5625,2.0,14.5],"rotation":0,"texture":"#6131ce50-dc6d-6a29-b6bd-2b468fba9040","tintindex":0},"west":{"uv":[11.0,3.5,11.0625,3.8125],"rotation":0,"texture":"#6131ce50-dc6d-6a29-b6bd-2b468fba9040","tintindex":0}}},{"name":"middlertr","from":[7.702014,6.7417684,8.132766],"to":[7.7384944,6.8876877,8.169246],"rotation":{"angle":22.5,"axis":"z","origin":[7.9939594,8.0513,8.260446]},"faces":{"down":{"uv":[14.5,3.5,14.5625,3.5625],"rotation":0,"texture":"#6131ce50-dc6d-6a29-b6bd-2b468fba9040","tintindex":0},"east":{"uv":[14.5,2.5,14.5625,2.5625],"rotation":0,"texture":"#6131ce50-dc6d-6a29-b6bd-2b468fba9040","tintindex":0},"north":{"uv":[2.5,14.5,2.5625,14.5625],"rotation":0,"texture":"#6131ce50-dc6d-6a29-b6bd-2b468fba9040","tintindex":0},"south":{"uv":[3.0,14.5,3.0625,14.5625],"rotation":0,"texture":"#6131ce50-dc6d-6a29-b6bd-2b468fba9040","tintindex":0},"up":{"uv":[3.5625,14.5625,3.5,14.5],"rotation":0,"texture":"#6131ce50-dc6d-6a29-b6bd-2b468fba9040","tintindex":0},"west":{"uv":[14.5,3.0,14.5625,3.0625],"rotation":0,"texture":"#6131ce50-dc6d-6a29-b6bd-2b468fba9040","tintindex":0}}},{"name":"middlertr","from":[8.139879,6.9625845,7.6436977],"to":[8.212839,7.2179446,7.716658],"rotation":{"angle":-22.5,"axis":"x","origin":[7.9939594,8.0513,8.260446]},"faces":{"down":{"uv":[4.5,14.5,4.5625,14.5625],"rotation":0,"texture":"#6131ce50-dc6d-6a29-b6bd-2b468fba9040","tintindex":0},"east":{"uv":[12.75,8.0,12.8125,8.125],"rotation":0,"texture":"#6131ce50-dc6d-6a29-b6bd-2b468fba9040","tintindex":0},"north":{"uv":[12.75,7.5,12.8125,7.625],"rotation":0,"texture":"#6131ce50-dc6d-6a29-b6bd-2b468fba9040","tintindex":0},"south":{"uv":[12.75,8.5,12.8125,8.625],"rotation":0,"texture":"#6131ce50-dc6d-6a29-b6bd-2b468fba9040","tintindex":0},"up":{"uv":[4.0625,14.5625,4.0,14.5],"rotation":0,"texture":"#6131ce50-dc6d-6a29-b6bd-2b468fba9040","tintindex":0},"west":{"uv":[10.0,12.75,10.0625,12.875],"rotation":0,"texture":"#6131ce50-dc6d-6a29-b6bd-2b468fba9040","tintindex":0}}},{"name":"middlertr","from":[7.737731,7.03376,7.950366],"to":[7.847171,7.5080004,8.096286],"rotation":{"angle":22.5,"axis":"z","origin":[7.9939594,8.0513,8.260446]},"faces":{"down":{"uv":[5.5,14.5,5.5625,14.5625],"rotation":0,"texture":"#6131ce50-dc6d-6a29-b6bd-2b468fba9040","tintindex":0},"east":{"uv":[3.0,12.0,3.0625,12.1875],"rotation":0,"texture":"#6131ce50-dc6d-6a29-b6bd-2b468fba9040","tintindex":0},"north":{"uv":[12.0,2.5,12.0625,2.6875],"rotation":0,"texture":"#6131ce50-dc6d-6a29-b6bd-2b468fba9040","tintindex":0},"south":{"uv":[12.0,3.0,12.0625,3.1875],"rotation":0,"texture":"#6131ce50-dc6d-6a29-b6bd-2b468fba9040","tintindex":0},"up":{"uv":[5.0625,14.5625,5.0,14.5],"rotation":0,"texture":"#6131ce50-dc6d-6a29-b6bd-2b468fba9040","tintindex":0},"west":{"uv":[3.5,12.0,3.5625,12.1875],"rotation":0,"texture":"#6131ce50-dc6d-6a29-b6bd-2b468fba9040","tintindex":0}}}],"display":{"head":{"translation":[0.0,-6.4,0.0],"rotation":[0.0,0.0,0.0],"scale":[3.8095,3.8095,3.8095]},"gui":{"translation":[0.0,0.0,0.0],"rotation":[35.0,225.0,0.0],"scale":[0.625,0.625,0.625]}}}