{"file_name":"middlebtl","texture_size":[64,64],"textures":{"6131ce50-dc6d-6a29-b6bd-2b468fba9040":"modelengine:entity/grindylow"},"elements":[{"name":"middlebtl","from":[7.8584523,7.340894,8.148516],"to":[8.040853,8.2164135,8.367395],"rotation":{"angle":-22.5,"axis":"z","origin":[7.973429,8.11322,8.257956]},"faces":{"down":{"uv":[14.0,13.0,14.0625,13.0625],"rotation":0,"texture":"#6131ce50-dc6d-6a29-b6bd-2b468fba9040","tintindex":0},"east":{"uv":[10.5,0.75,10.5625,1.125],"rotation":0,"texture":"#6131ce50-dc6d-6a29-b6bd-2b468fba9040","tintindex":0},"north":{"uv":[0.5,10.5,0.5625,10.875],"rotation":0,"texture":"#6131ce50-dc6d-6a29-b6bd-2b468fba9040","tintindex":0},"south":{"uv":[10.5,2.0,10.5625,2.375],"rotation":0,"texture":"#6131ce50-dc6d-6a29-b6bd-2b468fba9040","tintindex":0},"up":{"uv":[13.0625,14.0625,13.0,14.0],"rotation":0,"texture":"#6131ce50-dc6d-6a29-b6bd-2b468fba9040","tintindex":0},"west":{"uv":[10.5,2.75,10.5625,3.125],"rotation":0,"texture":"#6131ce50-dc6d-6a29-b6bd-2b468fba9040","tintindex":0}}},{"name":"middlebtl","from":[7.2518215,7.021491,8.374026],"to":[7.324781,7.276851,8.446985],"rotation":{"angle":22.5,"axis":"z","origin":[7.973429,8.11322,8.257956]},"faces":{"down":{"uv":[14.0,13.5,14.0625,13.5625],"rotation":0,"texture":"#6131ce50-dc6d-6a29-b6bd-2b468fba9040","tintindex":0},"east":{"uv":[1.5,12.75,1.5625,12.875],"rotation":0,"texture":"#6131ce50-dc6d-6a29-b6bd-2b468fba9040","tintindex":0},"north":{"uv":[0.5,12.75,0.5625,12.875],"rotation":0,"texture":"#6131ce50-dc6d-6a29-b6bd-2b468fba9040","tintindex":0},"south":{"uv":[12.75,4.0,12.8125,4.125],"rotation":0,"texture":"#6131ce50-dc6d-6a29-b6bd-2b468fba9040","tintindex":0},"up":{"uv":[13.5625,14.0625,13.5,14.0],"rotation":0,"texture":"#6131ce50-dc6d-6a29-b6bd-2b468fba9040","tintindex":0},"west":{"uv":[12.75,4.5,12.8125,4.625],"rotation":0,"texture":"#6131ce50-dc6d-6a29-b6bd-2b468fba9040","tintindex":0}}},{"name":"middlebtl","from":[7.747578,6.7610216,7.9060297],"to":[7.784058,6.9069414,7.9425097],"rotation":{"angle":-22.5,"axis":"x","origin":[7.9940014,8.11322,8.257956]},"faces":{"down":{"uv":[14.25,5.0,14.3125,5.0625],"rotation":0,"texture":"#6131ce50-dc6d-6a29-b6bd-2b468fba9040","tintindex":0},"east":{"uv":[0.5,14.25,0.5625,14.3125],"rotation":0,"texture":"#6131ce50-dc6d-6a29-b6bd-2b468fba9040","tintindex":0},"north":{"uv":[14.0,14.0,14.0625,14.0625],"rotation":0,"texture":"#6131ce50-dc6d-6a29-b6bd-2b468fba9040","tintindex":0},"south":{"uv":[1.5,14.25,1.5625,14.3125],"rotation":0,"texture":"#6131ce50-dc6d-6a29-b6bd-2b468fba9040","tintindex":0},"up":{"uv":[14.3125,4.5625,14.25,4.5],"rotation":0,"texture":"#6131ce50-dc6d-6a29-b6bd-2b468fba9040","tintindex":0},"west":{"uv":[14.25,4.0,14.3125,4.0625],"rotation":0,"texture":"#6131ce50-dc6d-6a29-b6bd-2b468fba9040","tintindex":0}}},{"name":"middlebtl","from":[7.612079,7.048378,7.9165893],"to":[7.721519,7.522618,8.06251],"rotation":{"angle":-22.5,"axis":"x","origin":[7.973429,8.11322,8.257956]},"faces":{"down":{"uv":[14.25,6.5,14.3125,6.5625],"rotation":0,"texture":"#6131ce50-dc6d-6a29-b6bd-2b468fba9040","tintindex":0},"east":{"uv":[12.0,0.5,12.0625,0.6875],"rotation":0,"texture":"#6131ce50-dc6d-6a29-b6bd-2b468fba9040","tintindex":0},"north":{"uv":[12.0,0.0,12.0625,0.1875],"rotation":0,"texture":"#6131ce50-dc6d-6a29-b6bd-2b468fba9040","tintindex":0},"south":{"uv":[1.0,12.0,1.0625,12.1875],"rotation":0,"texture":"#6131ce50-dc6d-6a29-b6bd-2b468fba9040","tintindex":0},"up":{"uv":[14.3125,5.5625,14.25,5.5],"rotation":0,"texture":"#6131ce50-dc6d-6a29-b6bd-2b468fba9040","tintindex":0},"west":{"uv":[12.0,1.0,12.0625,1.1875],"rotation":0,"texture":"#6131ce50-dc6d-6a29-b6bd-2b468fba9040","tintindex":0}}}],"display":{"head":{"translation":[0.0,-6.4,0.0],"rotation":[0.0,0.0,0.0],"scale":[3.8095,3.8095,3.8095]},"gui":{"translation":[0.0,0.0,0.0],"rotation":[35.0,225.0,0.0],"scale":[0.625,0.625,0.625]}}}