{"file_name":"middleltr","texture_size":[64,64],"textures":{"6131ce50-dc6d-6a29-b6bd-2b468fba9040":"modelengine:entity/grindylow"},"elements":[{"name":"middleltr","from":[7.8788795,7.46846,8.071205],"to":[8.061279,8.16158,8.290086],"rotation":{"angle":-22.5,"axis":"x","origin":[8.006559,8.2163,8.180645]},"faces":{"down":{"uv":[14.0,1.0,14.0625,1.0625],"rotation":0,"texture":"#6131ce50-dc6d-6a29-b6bd-2b468fba9040","tintindex":0},"east":{"uv":[2.75,10.75,2.8125,11.0625],"rotation":0,"texture":"#6131ce50-dc6d-6a29-b6bd-2b468fba9040","tintindex":0},"north":{"uv":[2.25,10.75,2.3125,11.0625],"rotation":0,"texture":"#6131ce50-dc6d-6a29-b6bd-2b468fba9040","tintindex":0},"south":{"uv":[3.25,10.75,3.3125,11.0625],"rotation":0,"texture":"#6131ce50-dc6d-6a29-b6bd-2b468fba9040","tintindex":0},"up":{"uv":[1.0625,14.0625,1.0,14.0],"rotation":0,"texture":"#6131ce50-dc6d-6a29-b6bd-2b468fba9040","tintindex":0},"west":{"uv":[3.75,10.75,3.8125,11.0625],"rotation":0,"texture":"#6131ce50-dc6d-6a29-b6bd-2b468fba9040","tintindex":0}}},{"name":"middleltr","from":[8.248064,6.9404716,8.344806],"to":[8.284544,7.0863914,8.381286],"rotation":{"angle":-22.5,"axis":"z","origin":[8.006559,8.2163,8.180645]},"faces":{"down":{"uv":[3.0,14.0,3.0625,14.0625],"rotation":0,"texture":"#6131ce50-dc6d-6a29-b6bd-2b468fba9040","tintindex":0},"east":{"uv":[2.0,14.0,2.0625,14.0625],"rotation":0,"texture":"#6131ce50-dc6d-6a29-b6bd-2b468fba9040","tintindex":0},"north":{"uv":[14.0,1.5,14.0625,1.5625],"rotation":0,"texture":"#6131ce50-dc6d-6a29-b6bd-2b468fba9040","tintindex":0},"south":{"uv":[14.0,2.0,14.0625,2.0625],"rotation":0,"texture":"#6131ce50-dc6d-6a29-b6bd-2b468fba9040","tintindex":0},"up":{"uv":[14.0625,2.5625,14.0,2.5],"rotation":0,"texture":"#6131ce50-dc6d-6a29-b6bd-2b468fba9040","tintindex":0},"west":{"uv":[2.5,14.0,2.5625,14.0625],"rotation":0,"texture":"#6131ce50-dc6d-6a29-b6bd-2b468fba9040","tintindex":0}}},{"name":"middleltr","from":[7.7876797,7.175248,8.744177],"to":[7.860639,7.4306083,8.817137],"rotation":{"angle":22.5,"axis":"x","origin":[8.006559,8.2163,8.180645]},"faces":{"down":{"uv":[3.5,14.0,3.5625,14.0625],"rotation":0,"texture":"#6131ce50-dc6d-6a29-b6bd-2b468fba9040","tintindex":0},"east":{"uv":[9.5,12.5,9.5625,12.625],"rotation":0,"texture":"#6131ce50-dc6d-6a29-b6bd-2b468fba9040","tintindex":0},"north":{"uv":[12.5,9.0,12.5625,9.125],"rotation":0,"texture":"#6131ce50-dc6d-6a29-b6bd-2b468fba9040","tintindex":0},"south":{"uv":[12.5,9.5,12.5625,9.625],"rotation":0,"texture":"#6131ce50-dc6d-6a29-b6bd-2b468fba9040","tintindex":0},"up":{"uv":[14.0625,3.0625,14.0,3.0],"rotation":0,"texture":"#6131ce50-dc6d-6a29-b6bd-2b468fba9040","tintindex":0},"west":{"uv":[12.5,10.0,12.5625,10.125],"rotation":0,"texture":"#6131ce50-dc6d-6a29-b6bd-2b468fba9040","tintindex":0}}},{"name":"middleltr","from":[8.153348,7.19876,8.344806],"to":[8.262788,7.6730003,8.490726],"rotation":{"angle":-22.5,"axis":"z","origin":[8.006559,8.2163,8.180645]},"faces":{"down":{"uv":[4.0,14.0,4.0625,14.0625],"rotation":0,"texture":"#6131ce50-dc6d-6a29-b6bd-2b468fba9040","tintindex":0},"east":{"uv":[11.75,4.0,11.8125,4.1875],"rotation":0,"texture":"#6131ce50-dc6d-6a29-b6bd-2b468fba9040","tintindex":0},"north":{"uv":[1.5,11.75,1.5625,11.9375],"rotation":0,"texture":"#6131ce50-dc6d-6a29-b6bd-2b468fba9040","tintindex":0},"south":{"uv":[11.75,4.5,11.8125,4.6875],"rotation":0,"texture":"#6131ce50-dc6d-6a29-b6bd-2b468fba9040","tintindex":0},"up":{"uv":[14.0625,3.5625,14.0,3.5],"rotation":0,"texture":"#6131ce50-dc6d-6a29-b6bd-2b468fba9040","tintindex":0},"west":{"uv":[11.75,5.0,11.8125,5.1875],"rotation":0,"texture":"#6131ce50-dc6d-6a29-b6bd-2b468fba9040","tintindex":0}}}],"display":{"head":{"translation":[0.0,-6.4,0.0],"rotation":[0.0,0.0,0.0],"scale":[3.8095,3.8095,3.8095]},"gui":{"translation":[0.0,0.0,0.0],"rotation":[35.0,225.0,0.0],"scale":[0.625,0.625,0.625]}}}