{"file_name":"middleftr","texture_size":[64,64],"textures":{"6131ce50-dc6d-6a29-b6bd-2b468fba9040":"modelengine:entity/texture"},"elements":[{"name":"middleftr","from":[7.865821,7.2326026,8.063136],"to":[8.048221,8.108123,8.282016],"rotation":{"angle":22.5,"axis":"z","origin":[7.961945,8.07422,8.172576]},"faces":{"down":{"uv":[14.5,10.5,14.5625,10.5625],"rotation":0,"texture":"#6131ce50-dc6d-6a29-b6bd-2b468fba9040","tintindex":0},"east":{"uv":[10.5,10.25,10.5625,10.625],"rotation":0,"texture":"#6131ce50-dc6d-6a29-b6bd-2b468fba9040","tintindex":0},"north":{"uv":[10.0,10.5,10.0625,10.875],"rotation":0,"texture":"#6131ce50-dc6d-6a29-b6bd-2b468fba9040","tintindex":0},"south":{"uv":[0.0,10.75,0.0625,11.125],"rotation":0,"texture":"#6131ce50-dc6d-6a29-b6bd-2b468fba9040","tintindex":0},"up":{"uv":[10.5625,14.5625,10.5,14.5],"rotation":0,"texture":"#6131ce50-dc6d-6a29-b6bd-2b468fba9040","tintindex":0},"west":{"uv":[1.0,10.75,1.0625,11.125],"rotation":0,"texture":"#6131ce50-dc6d-6a29-b6bd-2b468fba9040","tintindex":0}}},{"name":"middleftr","from":[8.639295,6.9131994,7.983546],"to":[8.712255,7.16856,8.056505],"rotation":{"angle":-22.5,"axis":"z","origin":[7.961945,8.07422,8.172576]},"faces":{"down":{"uv":[14.5,11.0,14.5625,11.0625],"rotation":0,"texture":"#6131ce50-dc6d-6a29-b6bd-2b468fba9040","tintindex":0},"east":{"uv":[13.0,1.0,13.0625,1.125],"rotation":0,"texture":"#6131ce50-dc6d-6a29-b6bd-2b468fba9040","tintindex":0},"north":{"uv":[1.0,13.0,1.0625,13.125],"rotation":0,"texture":"#6131ce50-dc6d-6a29-b6bd-2b468fba9040","tintindex":0},"south":{"uv":[13.0,1.5,13.0625,1.625],"rotation":0,"texture":"#6131ce50-dc6d-6a29-b6bd-2b468fba9040","tintindex":0},"up":{"uv":[11.0625,14.5625,11.0,14.5],"rotation":0,"texture":"#6131ce50-dc6d-6a29-b6bd-2b468fba9040","tintindex":0},"west":{"uv":[2.0,13.0,2.0625,13.125],"rotation":0,"texture":"#6131ce50-dc6d-6a29-b6bd-2b468fba9040","tintindex":0}}},{"name":"middleftr","from":[8.162513,6.6527305,8.516724],"to":[8.198994,6.7986507,8.553204],"rotation":{"angle":22.5,"axis":"x","origin":[7.961945,8.07422,8.172576]},"faces":{"down":{"uv":[13.0,14.5,13.0625,14.5625],"rotation":0,"texture":"#6131ce50-dc6d-6a29-b6bd-2b468fba9040","tintindex":0},"east":{"uv":[14.5,11.5,14.5625,11.5625],"rotation":0,"texture":"#6131ce50-dc6d-6a29-b6bd-2b468fba9040","tintindex":0},"north":{"uv":[11.5,14.5,11.5625,14.5625],"rotation":0,"texture":"#6131ce50-dc6d-6a29-b6bd-2b468fba9040","tintindex":0},"south":{"uv":[14.5,12.0,14.5625,12.0625],"rotation":0,"texture":"#6131ce50-dc6d-6a29-b6bd-2b468fba9040","tintindex":0},"up":{"uv":[14.5625,12.5625,14.5,12.5],"rotation":0,"texture":"#6131ce50-dc6d-6a29-b6bd-2b468fba9040","tintindex":0},"west":{"uv":[12.5,14.5,12.5625,14.5625],"rotation":0,"texture":"#6131ce50-dc6d-6a29-b6bd-2b468fba9040","tintindex":0}}},{"name":"middleftr","from":[8.213856,6.9400864,8.396723],"to":[8.323296,7.4143267,8.542644],"rotation":{"angle":22.5,"axis":"x","origin":[7.961945,8.07422,8.172576]},"faces":{"down":{"uv":[13.5,14.5,13.5625,14.5625],"rotation":0,"texture":"#6131ce50-dc6d-6a29-b6bd-2b468fba9040","tintindex":0},"east":{"uv":[6.0,12.0,6.0625,12.1875],"rotation":0,"texture":"#6131ce50-dc6d-6a29-b6bd-2b468fba9040","tintindex":0},"north":{"uv":[5.5,12.0,5.5625,12.1875],"rotation":0,"texture":"#6131ce50-dc6d-6a29-b6bd-2b468fba9040","tintindex":0},"south":{"uv":[12.0,6.0,12.0625,6.1875],"rotation":0,"texture":"#6131ce50-dc6d-6a29-b6bd-2b468fba9040","tintindex":0},"up":{"uv":[14.5625,13.0625,14.5,13.0],"rotation":0,"texture":"#6131ce50-dc6d-6a29-b6bd-2b468fba9040","tintindex":0},"west":{"uv":[6.5,12.0,6.5625,12.1875],"rotation":0,"texture":"#6131ce50-dc6d-6a29-b6bd-2b468fba9040","tintindex":0}}}],"display":{"head":{"translation":[0.0,-6.4,0.0],"rotation":[0.0,0.0,0.0],"scale":[3.8095,3.8095,3.8095]},"gui":{"translation":[0.0,0.0,0.0],"rotation":[35.0,225.0,0.0],"scale":[0.625,0.625,0.625]}}}