{"file_name":"middleltl","texture_size":[64,64],"textures":{"6131ce50-dc6d-6a29-b6bd-2b468fba9040":"modelengine:entity/texture"},"elements":[{"name":"middleltl","from":[7.8608794,7.369751,8.125305],"to":[8.04328,8.062871,8.344185],"rotation":{"angle":22.5,"axis":"x","origin":[7.9885592,8.0483,8.263446]},"faces":{"down":{"uv":[5.0,14.0,5.0625,14.0625],"rotation":0,"texture":"#6131ce50-dc6d-6a29-b6bd-2b468fba9040","tintindex":0},"east":{"uv":[4.75,10.75,4.8125,11.0625],"rotation":0,"texture":"#6131ce50-dc6d-6a29-b6bd-2b468fba9040","tintindex":0},"north":{"uv":[4.25,10.75,4.3125,11.0625],"rotation":0,"texture":"#6131ce50-dc6d-6a29-b6bd-2b468fba9040","tintindex":0},"south":{"uv":[10.75,5.0,10.8125,5.3125],"rotation":0,"texture":"#6131ce50-dc6d-6a29-b6bd-2b468fba9040","tintindex":0},"up":{"uv":[4.5625,14.0625,4.5,14.0],"rotation":0,"texture":"#6131ce50-dc6d-6a29-b6bd-2b468fba9040","tintindex":0},"west":{"uv":[10.75,5.75,10.8125,6.0625],"rotation":0,"texture":"#6131ce50-dc6d-6a29-b6bd-2b468fba9040","tintindex":0}}},{"name":"middleltl","from":[8.215323,6.8080587,8.099285],"to":[8.251803,6.953979,8.135766],"rotation":{"angle":-22.5,"axis":"z","origin":[7.9885592,8.0483,8.263446]},"faces":{"down":{"uv":[7.5,14.0,7.5625,14.0625],"rotation":0,"texture":"#6131ce50-dc6d-6a29-b6bd-2b468fba9040","tintindex":0},"east":{"uv":[6.0,14.0,6.0625,14.0625],"rotation":0,"texture":"#6131ce50-dc6d-6a29-b6bd-2b468fba9040","tintindex":0},"north":{"uv":[5.5,14.0,5.5625,14.0625],"rotation":0,"texture":"#6131ce50-dc6d-6a29-b6bd-2b468fba9040","tintindex":0},"south":{"uv":[14.0,6.0,14.0625,6.0625],"rotation":0,"texture":"#6131ce50-dc6d-6a29-b6bd-2b468fba9040","tintindex":0},"up":{"uv":[7.0625,14.0625,7.0,14.0],"rotation":0,"texture":"#6131ce50-dc6d-6a29-b6bd-2b468fba9040","tintindex":0},"west":{"uv":[6.5,14.0,6.5625,14.0625],"rotation":0,"texture":"#6131ce50-dc6d-6a29-b6bd-2b468fba9040","tintindex":0}}},{"name":"middleltl","from":[7.7696795,7.076539,7.6556563],"to":[7.8426394,7.331899,7.7286167],"rotation":{"angle":-22.5,"axis":"x","origin":[7.9885592,8.0483,8.263446]},"faces":{"down":{"uv":[8.5,14.0,8.5625,14.0625],"rotation":0,"texture":"#6131ce50-dc6d-6a29-b6bd-2b468fba9040","tintindex":0},"east":{"uv":[12.5,10.5,12.5625,10.625],"rotation":0,"texture":"#6131ce50-dc6d-6a29-b6bd-2b468fba9040","tintindex":0},"north":{"uv":[10.5,12.5,10.5625,12.625],"rotation":0,"texture":"#6131ce50-dc6d-6a29-b6bd-2b468fba9040","tintindex":0},"south":{"uv":[11.0,12.5,11.0625,12.625],"rotation":0,"texture":"#6131ce50-dc6d-6a29-b6bd-2b468fba9040","tintindex":0},"up":{"uv":[8.0625,14.0625,8.0,14.0],"rotation":0,"texture":"#6131ce50-dc6d-6a29-b6bd-2b468fba9040","tintindex":0},"west":{"uv":[12.5,11.0,12.5625,11.125],"rotation":0,"texture":"#6131ce50-dc6d-6a29-b6bd-2b468fba9040","tintindex":0}}},{"name":"middleltl","from":[8.1066475,7.100051,7.953366],"to":[8.216087,7.5742908,8.099285],"rotation":{"angle":-22.5,"axis":"z","origin":[7.9885592,8.0483,8.263446]},"faces":{"down":{"uv":[14.0,9.0,14.0625,9.0625],"rotation":0,"texture":"#6131ce50-dc6d-6a29-b6bd-2b468fba9040","tintindex":0},"east":{"uv":[11.75,6.75,11.8125,6.9375],"rotation":0,"texture":"#6131ce50-dc6d-6a29-b6bd-2b468fba9040","tintindex":0},"north":{"uv":[11.75,5.5,11.8125,5.6875],"rotation":0,"texture":"#6131ce50-dc6d-6a29-b6bd-2b468fba9040","tintindex":0},"south":{"uv":[11.75,7.25,11.8125,7.4375],"rotation":0,"texture":"#6131ce50-dc6d-6a29-b6bd-2b468fba9040","tintindex":0},"up":{"uv":[9.0625,14.0625,9.0,14.0],"rotation":0,"texture":"#6131ce50-dc6d-6a29-b6bd-2b468fba9040","tintindex":0},"west":{"uv":[11.75,7.75,11.8125,7.9375],"rotation":0,"texture":"#6131ce50-dc6d-6a29-b6bd-2b468fba9040","tintindex":0}}}],"display":{"head":{"translation":[0.0,-6.4,0.0],"rotation":[0.0,0.0,0.0],"scale":[3.8095,3.8095,3.8095]},"gui":{"translation":[0.0,0.0,0.0],"rotation":[35.0,225.0,0.0],"scale":[0.625,0.625,0.625]}}}