{"file_name":"middleftl","texture_size":[64,64],"textures":{"6131ce50-dc6d-6a29-b6bd-2b468fba9040":"modelengine:entity/grindylow"},"elements":[{"name":"middleftl","from":[7.941633,7.214603,8.086176],"to":[8.124033,8.090122,8.305056],"rotation":{"angle":-22.5,"axis":"z","origin":[8.027909,8.056219,8.195616]},"faces":{"down":{"uv":[14.5,6.0,14.5625,6.0625],"rotation":0,"texture":"#6131ce50-dc6d-6a29-b6bd-2b468fba9040","tintindex":0},"east":{"uv":[10.5,4.25,10.5625,4.625],"rotation":0,"texture":"#6131ce50-dc6d-6a29-b6bd-2b468fba9040","tintindex":0},"north":{"uv":[10.5,3.5,10.5625,3.875],"rotation":0,"texture":"#6131ce50-dc6d-6a29-b6bd-2b468fba9040","tintindex":0},"south":{"uv":[10.5,6.5,10.5625,6.875],"rotation":0,"texture":"#6131ce50-dc6d-6a29-b6bd-2b468fba9040","tintindex":0},"up":{"uv":[6.0625,14.5625,6.0,14.5],"rotation":0,"texture":"#6131ce50-dc6d-6a29-b6bd-2b468fba9040","tintindex":0},"west":{"uv":[10.5,9.5,10.5625,9.875],"rotation":0,"texture":"#6131ce50-dc6d-6a29-b6bd-2b468fba9040","tintindex":0}}},{"name":"middleftl","from":[7.2776,6.8952,8.006586],"to":[7.3505597,7.15056,8.079546],"rotation":{"angle":22.5,"axis":"z","origin":[8.027909,8.056219,8.195616]},"faces":{"down":{"uv":[7.0,14.5,7.0625,14.5625],"rotation":0,"texture":"#6131ce50-dc6d-6a29-b6bd-2b468fba9040","tintindex":0},"east":{"uv":[0.0,13.0,0.0625,13.125],"rotation":0,"texture":"#6131ce50-dc6d-6a29-b6bd-2b468fba9040","tintindex":0},"north":{"uv":[12.0,12.75,12.0625,12.875],"rotation":0,"texture":"#6131ce50-dc6d-6a29-b6bd-2b468fba9040","tintindex":0},"south":{"uv":[13.0,0.0,13.0625,0.125],"rotation":0,"texture":"#6131ce50-dc6d-6a29-b6bd-2b468fba9040","tintindex":0},"up":{"uv":[6.5625,14.5625,6.5,14.5],"rotation":0,"texture":"#6131ce50-dc6d-6a29-b6bd-2b468fba9040","tintindex":0},"west":{"uv":[13.0,0.5,13.0625,0.625],"rotation":0,"texture":"#6131ce50-dc6d-6a29-b6bd-2b468fba9040","tintindex":0}}},{"name":"middleftl","from":[7.790861,6.6347303,8.539763],"to":[7.827341,6.780651,8.576243],"rotation":{"angle":22.5,"axis":"x","origin":[8.027909,8.056219,8.195616]},"faces":{"down":{"uv":[9.5,14.5,9.5625,14.5625],"rotation":0,"texture":"#6131ce50-dc6d-6a29-b6bd-2b468fba9040","tintindex":0},"east":{"uv":[8.0,14.5,8.0625,14.5625],"rotation":0,"texture":"#6131ce50-dc6d-6a29-b6bd-2b468fba9040","tintindex":0},"north":{"uv":[7.5,14.5,7.5625,14.5625],"rotation":0,"texture":"#6131ce50-dc6d-6a29-b6bd-2b468fba9040","tintindex":0},"south":{"uv":[8.5,14.5,8.5625,14.5625],"rotation":0,"texture":"#6131ce50-dc6d-6a29-b6bd-2b468fba9040","tintindex":0},"up":{"uv":[14.5625,9.0625,14.5,9.0],"rotation":0,"texture":"#6131ce50-dc6d-6a29-b6bd-2b468fba9040","tintindex":0},"west":{"uv":[9.0,14.5,9.0625,14.5625],"rotation":0,"texture":"#6131ce50-dc6d-6a29-b6bd-2b468fba9040","tintindex":0}}},{"name":"middleftl","from":[7.666559,6.9220867,8.419764],"to":[7.775999,7.396327,8.565683],"rotation":{"angle":22.5,"axis":"x","origin":[8.027909,8.056219,8.195616]},"faces":{"down":{"uv":[14.5,10.0,14.5625,10.0625],"rotation":0,"texture":"#6131ce50-dc6d-6a29-b6bd-2b468fba9040","tintindex":0},"east":{"uv":[4.0,12.0,4.0625,12.1875],"rotation":0,"texture":"#6131ce50-dc6d-6a29-b6bd-2b468fba9040","tintindex":0},"north":{"uv":[12.0,3.5,12.0625,3.6875],"rotation":0,"texture":"#6131ce50-dc6d-6a29-b6bd-2b468fba9040","tintindex":0},"south":{"uv":[4.5,12.0,4.5625,12.1875],"rotation":0,"texture":"#6131ce50-dc6d-6a29-b6bd-2b468fba9040","tintindex":0},"up":{"uv":[14.5625,9.5625,14.5,9.5],"rotation":0,"texture":"#6131ce50-dc6d-6a29-b6bd-2b468fba9040","tintindex":0},"west":{"uv":[5.0,12.0,5.0625,12.1875],"rotation":0,"texture":"#6131ce50-dc6d-6a29-b6bd-2b468fba9040","tintindex":0}}}],"display":{"head":{"translation":[0.0,-6.4,0.0],"rotation":[0.0,0.0,0.0],"scale":[3.8095,3.8095,3.8095]},"gui":{"translation":[0.0,0.0,0.0],"rotation":[35.0,225.0,0.0],"scale":[0.625,0.625,0.625]}}}