{"file_name":"middlebtr","texture_size":[64,64],"textures":{"6131ce50-dc6d-6a29-b6bd-2b468fba9040":"modelengine:entity/texture"},"elements":[{"name":"middlebtr","from":[7.840042,7.1518936,8.166516],"to":[8.022442,8.027413,8.385396],"rotation":{"angle":22.5,"axis":"z","origin":[7.907465,7.92422,8.275956]},"faces":{"down":{"uv":[14.0,9.5,14.0625,9.5625],"rotation":0,"texture":"#6131ce50-dc6d-6a29-b6bd-2b468fba9040","tintindex":0},"east":{"uv":[9.0,10.25,9.0625,10.625],"rotation":0,"texture":"#6131ce50-dc6d-6a29-b6bd-2b468fba9040","tintindex":0},"north":{"uv":[10.25,8.75,10.3125,9.125],"rotation":0,"texture":"#6131ce50-dc6d-6a29-b6bd-2b468fba9040","tintindex":0},"south":{"uv":[9.5,10.25,9.5625,10.625],"rotation":0,"texture":"#6131ce50-dc6d-6a29-b6bd-2b468fba9040","tintindex":0},"up":{"uv":[9.5625,14.0625,9.5,14.0],"rotation":0,"texture":"#6131ce50-dc6d-6a29-b6bd-2b468fba9040","tintindex":0},"west":{"uv":[10.5,0.0,10.5625,0.375],"rotation":0,"texture":"#6131ce50-dc6d-6a29-b6bd-2b468fba9040","tintindex":0}}},{"name":"middlebtr","from":[8.108033,6.5720215,7.9240294],"to":[8.144513,6.7179413,7.96051],"rotation":{"angle":-22.5,"axis":"x","origin":[7.907465,7.92422,8.275956]},"faces":{"down":{"uv":[11.5,14.0,11.5625,14.0625],"rotation":0,"texture":"#6131ce50-dc6d-6a29-b6bd-2b468fba9040","tintindex":0},"east":{"uv":[10.5,14.0,10.5625,14.0625],"rotation":0,"texture":"#6131ce50-dc6d-6a29-b6bd-2b468fba9040","tintindex":0},"north":{"uv":[14.0,10.0,14.0625,10.0625],"rotation":0,"texture":"#6131ce50-dc6d-6a29-b6bd-2b468fba9040","tintindex":0},"south":{"uv":[14.0,10.5,14.0625,10.5625],"rotation":0,"texture":"#6131ce50-dc6d-6a29-b6bd-2b468fba9040","tintindex":0},"up":{"uv":[14.0625,11.0625,14.0,11.0],"rotation":0,"texture":"#6131ce50-dc6d-6a29-b6bd-2b468fba9040","tintindex":0},"west":{"uv":[11.0,14.0,11.0625,14.0625],"rotation":0,"texture":"#6131ce50-dc6d-6a29-b6bd-2b468fba9040","tintindex":0}}},{"name":"middlebtr","from":[8.570074,6.798787,8.392026],"to":[8.643033,7.0541477,8.464986],"rotation":{"angle":-22.5,"axis":"z","origin":[7.907465,7.92422,8.275956]},"faces":{"down":{"uv":[14.0,12.0,14.0625,12.0625],"rotation":0,"texture":"#6131ce50-dc6d-6a29-b6bd-2b468fba9040","tintindex":0},"east":{"uv":[12.5,11.5,12.5625,11.625],"rotation":0,"texture":"#6131ce50-dc6d-6a29-b6bd-2b468fba9040","tintindex":0},"north":{"uv":[11.5,12.5,11.5625,12.625],"rotation":0,"texture":"#6131ce50-dc6d-6a29-b6bd-2b468fba9040","tintindex":0},"south":{"uv":[12.5,12.0,12.5625,12.125],"rotation":0,"texture":"#6131ce50-dc6d-6a29-b6bd-2b468fba9040","tintindex":0},"up":{"uv":[14.0625,11.5625,14.0,11.5],"rotation":0,"texture":"#6131ce50-dc6d-6a29-b6bd-2b468fba9040","tintindex":0},"west":{"uv":[12.5,12.5,12.5625,12.625],"rotation":0,"texture":"#6131ce50-dc6d-6a29-b6bd-2b468fba9040","tintindex":0}}},{"name":"middlebtr","from":[8.159375,6.859378,7.9345894],"to":[8.268816,7.333617,8.080509],"rotation":{"angle":-22.5,"axis":"x","origin":[7.907465,7.92422,8.275956]},"faces":{"down":{"uv":[14.0,12.5,14.0625,12.5625],"rotation":0,"texture":"#6131ce50-dc6d-6a29-b6bd-2b468fba9040","tintindex":0},"east":{"uv":[11.75,8.75,11.8125,8.9375],"rotation":0,"texture":"#6131ce50-dc6d-6a29-b6bd-2b468fba9040","tintindex":0},"north":{"uv":[11.75,8.25,11.8125,8.4375],"rotation":0,"texture":"#6131ce50-dc6d-6a29-b6bd-2b468fba9040","tintindex":0},"south":{"uv":[10.0,11.75,10.0625,11.9375],"rotation":0,"texture":"#6131ce50-dc6d-6a29-b6bd-2b468fba9040","tintindex":0},"up":{"uv":[12.5625,14.0625,12.5,14.0],"rotation":0,"texture":"#6131ce50-dc6d-6a29-b6bd-2b468fba9040","tintindex":0},"west":{"uv":[0.0,12.0,0.0625,12.1875],"rotation":0,"texture":"#6131ce50-dc6d-6a29-b6bd-2b468fba9040","tintindex":0}}}],"display":{"head":{"translation":[0.0,-6.4,0.0],"rotation":[0.0,0.0,0.0],"scale":[3.8095,3.8095,3.8095]},"gui":{"translation":[0.0,0.0,0.0],"rotation":[35.0,225.0,0.0],"scale":[0.625,0.625,0.625]}}}