{"file_name":"rshtentacl","texture_size":[64,64],"textures":{"6131ce50-dc6d-6a29-b6bd-2b468fba9040":"modelengine:entity/grindylow"},"elements":[{"name":"toprsh","from":[8.007982,8.226021,8.016587],"to":[8.080942,8.4449005,8.126027],"rotation":{"angle":-22.5,"axis":"x","origin":[8.117422,8.31722,8.107787]},"faces":{"down":{"uv":[13.5,1.5,13.5625,1.5625],"rotation":0,"texture":"#6131ce50-dc6d-6a29-b6bd-2b468fba9040","tintindex":0},"east":{"uv":[13.5,0.0,13.5625,0.0625],"rotation":0,"texture":"#6131ce50-dc6d-6a29-b6bd-2b468fba9040","tintindex":0},"north":{"uv":[0.0,13.5,0.0625,13.5625],"rotation":0,"texture":"#6131ce50-dc6d-6a29-b6bd-2b468fba9040","tintindex":0},"south":{"uv":[13.5,0.5,13.5625,0.5625],"rotation":0,"texture":"#6131ce50-dc6d-6a29-b6bd-2b468fba9040","tintindex":0},"up":{"uv":[13.5625,1.0625,13.5,1.0],"rotation":0,"texture":"#6131ce50-dc6d-6a29-b6bd-2b468fba9040","tintindex":0},"west":{"uv":[1.0,13.5,1.0625,13.5625],"rotation":0,"texture":"#6131ce50-dc6d-6a29-b6bd-2b468fba9040","tintindex":0}}},{"name":"toprsh","from":[8.007982,8.116581,8.126027],"to":[8.044462,8.2625,8.162507],"rotation":{"angle":-22.5,"axis":"x","origin":[8.080942,8.134821,8.180747]},"faces":{"down":{"uv":[12.0,13.25,12.0625,13.3125],"rotation":0,"texture":"#6131ce50-dc6d-6a29-b6bd-2b468fba9040","tintindex":0},"east":{"uv":[13.25,7.5,13.3125,7.5625],"rotation":0,"texture":"#6131ce50-dc6d-6a29-b6bd-2b468fba9040","tintindex":0},"north":{"uv":[13.25,7.0,13.3125,7.0625],"rotation":0,"texture":"#6131ce50-dc6d-6a29-b6bd-2b468fba9040","tintindex":0},"south":{"uv":[13.25,8.0,13.3125,8.0625],"rotation":0,"texture":"#6131ce50-dc6d-6a29-b6bd-2b468fba9040","tintindex":0},"up":{"uv":[10.0625,13.3125,10.0,13.25],"rotation":0,"texture":"#6131ce50-dc6d-6a29-b6bd-2b468fba9040","tintindex":0},"west":{"uv":[13.25,8.5,13.3125,8.5625],"rotation":0,"texture":"#6131ce50-dc6d-6a29-b6bd-2b468fba9040","tintindex":0}}},{"name":"toprsh","from":[7.880302,8.37194,7.925387],"to":[8.026222,8.70026,8.144267],"rotation":{"angle":22.5,"axis":"z","origin":[7.971502,8.57258,8.034827]},"faces":{"down":{"uv":[13.25,6.5,13.3125,6.5625],"rotation":0,"texture":"#6131ce50-dc6d-6a29-b6bd-2b468fba9040","tintindex":0},"east":{"uv":[12.25,5.0,12.3125,5.125],"rotation":0,"texture":"#6131ce50-dc6d-6a29-b6bd-2b468fba9040","tintindex":0},"north":{"uv":[12.25,4.5,12.3125,4.625],"rotation":0,"texture":"#6131ce50-dc6d-6a29-b6bd-2b468fba9040","tintindex":0},"south":{"uv":[12.25,5.5,12.3125,5.625],"rotation":0,"texture":"#6131ce50-dc6d-6a29-b6bd-2b468fba9040","tintindex":0},"up":{"uv":[13.3125,5.5625,13.25,5.5],"rotation":0,"texture":"#6131ce50-dc6d-6a29-b6bd-2b468fba9040","tintindex":0},"west":{"uv":[12.25,6.5,12.3125,6.625],"rotation":0,"texture":"#6131ce50-dc6d-6a29-b6bd-2b468fba9040","tintindex":0}}}],"display":{"head":{"translation":[0.0,-6.4,0.0],"rotation":[0.0,0.0,0.0],"scale":[3.8095,3.8095,3.8095]},"gui":{"translation":[0.0,0.0,0.0],"rotation":[35.0,225.0,0.0],"scale":[0.625,0.625,0.625]}}}