{"file_name":"rtm","texture_size":[64,64],"textures":{"6131ce50-dc6d-6a29-b6bd-2b468fba9040":"modelengine:entity/grindylow"},"elements":[{"name":"rtm","from":[7.6332245,7.6302195,7.848006],"to":[7.9709196,8.396299,8.614086],"rotation":{"angle":0.0,"axis":"x","origin":[7.9507594,7.9355,8.318166]},"faces":{"down":{"uv":[0.5,9.75,0.625,10.0625],"rotation":0,"texture":"#6131ce50-dc6d-6a29-b6bd-2b468fba9040","tintindex":0},"east":{"uv":[6.25,2.25,6.5625,2.5625],"rotation":0,"texture":"#6131ce50-dc6d-6a29-b6bd-2b468fba9040","tintindex":0},"north":{"uv":[9.5,4.25,9.625,4.5625],"rotation":0,"texture":"#6131ce50-dc6d-6a29-b6bd-2b468fba9040","tintindex":0},"south":{"uv":[5.5,9.5,5.625,9.8125],"rotation":0,"texture":"#6131ce50-dc6d-6a29-b6bd-2b468fba9040","tintindex":0},"up":{"uv":[9.625,7.0625,9.5,6.75],"rotation":0,"texture":"#6131ce50-dc6d-6a29-b6bd-2b468fba9040","tintindex":0},"west":{"uv":[6.25,6.0,6.5625,6.3125],"rotation":0,"texture":"#6131ce50-dc6d-6a29-b6bd-2b468fba9040","tintindex":0}}}],"display":{"head":{"translation":[0.0,-6.4,0.0],"rotation":[0.0,0.0,0.0],"scale":[3.8095,3.8095,3.8095]},"gui":{"translation":[0.0,0.0,0.0],"rotation":[35.0,225.0,0.0],"scale":[0.625,0.625,0.625]}}}