{"file_name":"topbtl","texture_size":[64,64],"textures":{"6131ce50-dc6d-6a29-b6bd-2b468fba9040":"modelengine:entity/grindylow"},"elements":[{"name":"topbtl","from":[7.782143,7.406125,7.865558],"to":[8.146943,8.281645,8.412758],"rotation":{"angle":-22.5,"axis":"x","origin":[7.486913,8.095406,8.212188]},"faces":{"down":{"uv":[10.0,10.0,10.125,10.25],"rotation":0,"texture":"#6131ce50-dc6d-6a29-b6bd-2b468fba9040","tintindex":0},"east":{"uv":[6.75,0.0,7.0,0.375],"rotation":0,"texture":"#6131ce50-dc6d-6a29-b6bd-2b468fba9040","tintindex":0},"north":{"uv":[8.75,0.0,8.875,0.375],"rotation":0,"texture":"#6131ce50-dc6d-6a29-b6bd-2b468fba9040","tintindex":0},"south":{"uv":[1.0,8.75,1.125,9.125],"rotation":0,"texture":"#6131ce50-dc6d-6a29-b6bd-2b468fba9040","tintindex":0},"up":{"uv":[10.125,9.75,10.0,9.5],"rotation":0,"texture":"#6131ce50-dc6d-6a29-b6bd-2b468fba9040","tintindex":0},"west":{"uv":[1.75,6.75,2.0,7.125],"rotation":0,"texture":"#6131ce50-dc6d-6a29-b6bd-2b468fba9040","tintindex":0}}},{"name":"topbtl","from":[7.851035,6.7436275,8.077406],"to":[8.106396,7.6191473,8.369246],"rotation":{"angle":-22.5,"axis":"x","origin":[7.486913,8.095406,8.212188]},"faces":{"down":{"uv":[0.0,11.5,0.125,11.625],"rotation":0,"texture":"#6131ce50-dc6d-6a29-b6bd-2b468fba9040","tintindex":0},"east":{"uv":[2.0,8.75,2.125,9.125],"rotation":0,"texture":"#6131ce50-dc6d-6a29-b6bd-2b468fba9040","tintindex":0},"north":{"uv":[1.5,8.75,1.625,9.125],"rotation":0,"texture":"#6131ce50-dc6d-6a29-b6bd-2b468fba9040","tintindex":0},"south":{"uv":[2.5,8.75,2.625,9.125],"rotation":0,"texture":"#6131ce50-dc6d-6a29-b6bd-2b468fba9040","tintindex":0},"up":{"uv":[10.125,11.375,10.0,11.25],"rotation":0,"texture":"#6131ce50-dc6d-6a29-b6bd-2b468fba9040","tintindex":0},"west":{"uv":[3.0,8.75,3.125,9.125],"rotation":0,"texture":"#6131ce50-dc6d-6a29-b6bd-2b468fba9040","tintindex":0}}}],"display":{"head":{"translation":[0.0,-6.4,0.0],"rotation":[0.0,0.0,0.0],"scale":[3.8095,3.8095,3.8095]},"gui":{"translation":[0.0,0.0,0.0],"rotation":[35.0,225.0,0.0],"scale":[0.625,0.625,0.625]}}}