{"file_name":"topftr","texture_size":[64,64],"textures":{"6131ce50-dc6d-6a29-b6bd-2b468fba9040":"modelengine:entity/grindylow"},"elements":[{"name":"topftr","from":[7.792019,7.568101,8.196062],"to":[8.193299,8.443621,8.743263],"rotation":{"angle":22.5,"axis":"x","origin":[7.985309,7.963405,8.274864]},"faces":{"down":{"uv":[0.5,9.25,0.6875,9.5],"rotation":0,"texture":"#6131ce50-dc6d-6a29-b6bd-2b468fba9040","tintindex":0},"east":{"uv":[3.25,6.75,3.5,7.125],"rotation":0,"texture":"#6131ce50-dc6d-6a29-b6bd-2b468fba9040","tintindex":0},"north":{"uv":[4.0,7.5,4.1875,7.875],"rotation":0,"texture":"#6131ce50-dc6d-6a29-b6bd-2b468fba9040","tintindex":0},"south":{"uv":[7.5,4.75,7.6875,5.125],"rotation":0,"texture":"#6131ce50-dc6d-6a29-b6bd-2b468fba9040","tintindex":0},"up":{"uv":[9.4375,0.25,9.25,0.0],"rotation":0,"texture":"#6131ce50-dc6d-6a29-b6bd-2b468fba9040","tintindex":0},"west":{"uv":[6.75,3.5,7.0,3.875],"rotation":0,"texture":"#6131ce50-dc6d-6a29-b6bd-2b468fba9040","tintindex":0}}},{"name":"topftr","from":[7.8649793,6.919564,8.273279],"to":[8.120339,7.7950845,8.565119],"rotation":{"angle":22.5,"axis":"x","origin":[7.985309,7.963405,8.274864]},"faces":{"down":{"uv":[3.5,11.5,3.625,11.625],"rotation":0,"texture":"#6131ce50-dc6d-6a29-b6bd-2b468fba9040","tintindex":0},"east":{"uv":[9.25,6.0,9.375,6.375],"rotation":0,"texture":"#6131ce50-dc6d-6a29-b6bd-2b468fba9040","tintindex":0},"north":{"uv":[9.25,5.25,9.375,5.625],"rotation":0,"texture":"#6131ce50-dc6d-6a29-b6bd-2b468fba9040","tintindex":0},"south":{"uv":[9.25,7.5,9.375,7.875],"rotation":0,"texture":"#6131ce50-dc6d-6a29-b6bd-2b468fba9040","tintindex":0},"up":{"uv":[11.625,3.125,11.5,3.0],"rotation":0,"texture":"#6131ce50-dc6d-6a29-b6bd-2b468fba9040","tintindex":0},"west":{"uv":[9.25,8.25,9.375,8.625],"rotation":0,"texture":"#6131ce50-dc6d-6a29-b6bd-2b468fba9040","tintindex":0}}}],"display":{"head":{"translation":[0.0,-6.4,0.0],"rotation":[0.0,0.0,0.0],"scale":[3.8095,3.8095,3.8095]},"gui":{"translation":[0.0,0.0,0.0],"rotation":[35.0,225.0,0.0],"scale":[0.625,0.625,0.625]}}}